event_id,cell,t_switch,t_next,old_cluster_id,new_cluster_id,old_cluster_size,new_cluster_size,old_cluster_members,new_cluster_members,label
PHA_00000,MSpp,54,55,0,3,3,3,ABalpppp|ABplappa|MSpp,ABalpppp|ABplappa|MSpp,1
PHA_00001,ABplappa,54,55,0,3,3,3,ABalpppp|ABplappa|MSpp,ABalpppp|ABplappa|MSpp,1
PHA_00002,ABalpppp,54,55,0,3,3,3,ABalpppp|ABplappa|MSpp,ABalpppp|ABplappa|MSpp,1
PHA_00003,Cpp,59,60,1,2,3,3,ABalaaap|ABplaaaa|Cpp,ABalaaap|ABplaaaa|Cpp,1
PHA_00004,ABalaaap,59,60,1,2,3,3,ABalaaap|ABplaaaa|Cpp,ABalaaap|ABplaaaa|Cpp,1
PHA_00005,ABplaaaa,59,60,1,2,3,3,ABalaaap|ABplaaaa|Cpp,ABalaaap|ABplaaaa|Cpp,1
PHA_00006,ABprap,60,61,1,0,4,4,ABalppp|ABarpapa|ABplpaa|ABprap,ABalppp|ABarpapa|ABplpaa|ABprap,1
PHA_00007,ABalppp,60,61,1,0,4,4,ABalppp|ABarpapa|ABplpaa|ABprap,ABalppp|ABarpapa|ABplpaa|ABprap,1
PHA_00008,ABplpaa,60,61,1,0,4,4,ABalppp|ABarpapa|ABplpaa|ABprap,ABalppp|ABarpapa|ABplpaa|ABprap,1
PHA_00009,ABarpapa,60,61,1,0,4,4,ABalppp|ABarpapa|ABplpaa|ABprap,ABalppp|ABarpapa|ABplpaa|ABprap,1
PHA_00010,MSpp,63,64,3,4,3,3,ABalpppp|ABarpap|MSpp,ABalpppp|ABarpap|MSpp,1
PHA_00011,ABarpap,63,64,3,4,3,3,ABalpppp|ABarpap|MSpp,ABalpppp|ABarpap|MSpp,1
PHA_00012,ABalpppp,63,64,3,4,3,3,ABalpppp|ABarpap|MSpp,ABalpppp|ABarpap|MSpp,1
PHA_00013,MSpp,66,67,3,1,3,3,ABalpppp|MSapaa|MSpp,ABalpppp|MSapaa|MSpp,1
PHA_00014,ABalpppp,66,67,3,1,3,3,ABalpppp|MSapaa|MSpp,ABalpppp|MSapaa|MSpp,1
PHA_00015,MSapaa,66,67,3,1,3,3,ABalpppp|MSapaa|MSpp,ABalpppp|MSapaa|MSpp,1
PHA_00016,ABpraap,68,69,0,2,3,3,ABalappp|ABpraap|MSpaaa,ABalappp|ABpraap|MSpaaa,1
PHA_00017,ABalappp,68,69,0,2,3,3,ABalappp|ABpraap|MSpaaa,ABalappp|ABpraap|MSpaaa,1
PHA_00018,MSpaaa,68,69,0,2,3,3,ABalappp|ABpraap|MSpaaa,ABalappp|ABpraap|MSpaaa,1
PHA_00019,Dp,70,71,2,4,3,3,ABalpaap|ABalpapa|Dp,ABalpaap|ABalpapa|Dp,1
PHA_00020,ABalpaap,70,71,2,4,3,3,ABalpaap|ABalpapa|Dp,ABalpaap|ABalpapa|Dp,1
PHA_00021,ABalpapa,70,71,2,4,3,3,ABalpaap|ABalpapa|Dp,ABalpaap|ABalpapa|Dp,1
PHA_00022,Dp,71,72,4,3,3,3,ABalpaap|ABalpapa|Dp,ABalpaap|ABalpapa|Dp,1
PHA_00023,ABalpaap,71,72,4,3,3,3,ABalpaap|ABalpapa|Dp,ABalpaap|ABalpapa|Dp,1
PHA_00024,ABalpapa,71,72,4,3,3,3,ABalpaap|ABalpapa|Dp,ABalpaap|ABalpapa|Dp,1
PHA_00025,ABarpap,72,73,6,0,3,3,ABarpap|ABarpppp|MSpppa,ABarpap|ABarpppp|MSpppa,1
PHA_00026,ABarpppp,72,73,6,0,3,3,ABarpap|ABarpppp|MSpppa,ABarpap|ABarpppp|MSpppa,1
PHA_00027,MSpppa,72,73,6,0,3,3,ABarpap|ABarpppp|MSpppa,ABarpap|ABarpppp|MSpppa,1
PHA_00028,Da,74,75,6,5,3,3,Cpapp|Da|Dp,Cpapp|Da|Dp,1
PHA_00029,Dp,74,75,6,5,3,3,Cpapp|Da|Dp,Cpapp|Da|Dp,1
PHA_00030,Cpapp,74,75,6,5,3,3,Cpapp|Da|Dp,Cpapp|Da|Dp,1
PHA_00031,ABprppa,75,76,6,2,3,3,ABalaapa|ABaraaap|ABprppa,ABalaapa|ABaraaap|ABprppa,1
PHA_00032,ABalaapa,75,76,6,2,3,3,ABalaapa|ABaraaap|ABprppa,ABalaapa|ABaraaap|ABprppa,1
PHA_00033,ABaraaap,75,76,6,2,3,3,ABalaapa|ABaraaap|ABprppa,ABalaapa|ABaraaap|ABprppa,1
PHA_00034,Eal,76,77,3,5,3,3,ABarppaa|Eal|MSapap,ABarppaa|Eal|MSapap,1
PHA_00035,ABarppaa,76,77,3,5,3,3,ABarppaa|Eal|MSapap,ABarppaa|Eal|MSapap,1
PHA_00036,MSapap,76,77,3,5,3,3,ABarppaa|Eal|MSapap,ABarppaa|Eal|MSapap,1
PHA_00037,MSpaa,79,80,1,2,3,3,ABarappp|MSappp|MSpaa,ABarappp|MSappp|MSpaa,1
PHA_00038,ABarappp,79,80,1,2,3,3,ABarappp|MSappp|MSpaa,ABarappp|MSappp|MSpaa,1
PHA_00039,MSappp,79,80,1,2,3,3,ABarappp|MSappp|MSpaa,ABarappp|MSappp|MSpaa,1
PHA_00040,Epl,80,81,16,12,3,3,ABalpappp|Epl|MSaaap,ABalpappp|Epl|MSaaap,1
PHA_00041,ABalappp,80,81,9,6,3,3,ABalappp|ABarpaapa|ABarppapp,ABalappp|ABarpaapa|ABarppapp,1
PHA_00042,ABarappa,80,81,18,7,3,3,ABarappa|ABplapaap|ABplppaap,ABarappa|ABplapaap|ABplppaap,1
PHA_00043,ABalpappp,80,81,16,12,3,3,ABalpappp|Epl|MSaaap,ABalpappp|Epl|MSaaap,1
PHA_00044,ABarpaapa,80,81,9,6,3,3,ABalappp|ABarpaapa|ABarppapp,ABalappp|ABarpaapa|ABarppapp,1
PHA_00045,ABplapaap,80,81,18,7,3,3,ABarappa|ABplapaap|ABplppaap,ABarappa|ABplapaap|ABplppaap,1
PHA_00046,MSaaap,80,81,16,12,3,3,ABalpappp|Epl|MSaaap,ABalpappp|Epl|MSaaap,1
PHA_00047,ABarppapp,80,81,9,6,3,3,ABalappp|ABarpaapa|ABarppapp,ABalappp|ABarpaapa|ABarppapp,1
PHA_00048,ABplppaap,80,81,18,7,3,3,ABarappa|ABplapaap|ABplppaap,ABarappa|ABplapaap|ABplppaap,1
PHA_00049,ABprapp,81,82,14,17,3,3,ABpraaaaa|ABpraaapa|ABprapp,ABpraaaaa|ABpraaapa|ABprapp,1
PHA_00050,Epl,81,82,12,11,3,3,ABalpappp|Epl|MSaaap,ABalpappp|Epl|MSaaap,1
PHA_00051,ABprppap,81,82,23,10,3,3,ABalaaaal|ABprppap|ABprpppa,ABalaaaal|ABprppap|ABprpppa,1
PHA_00052,ABprpppa,81,82,23,10,3,3,ABalaaaal|ABprppap|ABprpppa,ABalaaaal|ABprppap|ABprpppa,1
PHA_00053,ABalpappp,81,82,12,11,3,3,ABalpappp|Epl|MSaaap,ABalpappp|Epl|MSaaap,1
PHA_00054,ABpraaaaa,81,82,14,17,3,3,ABpraaaaa|ABpraaapa|ABprapp,ABpraaaaa|ABpraaapa|ABprapp,1
PHA_00055,ABpraaapa,81,82,14,17,3,3,ABpraaaaa|ABpraaapa|ABprapp,ABpraaaaa|ABpraaapa|ABprapp,1
PHA_00056,MSaaap,81,82,12,11,3,3,ABalpappp|Epl|MSaaap,ABalpappp|Epl|MSaaap,1
PHA_00057,ABalaaaal,81,82,23,10,3,3,ABalaaaal|ABprppap|ABprpppa,ABalaaaal|ABprppap|ABprpppa,1
PHA_00058,ABplpaa,82,83,0,1,3,3,ABarpaaap|ABplpaa|MSaaaap,ABarpaaap|ABplpaa|MSaaaap,1
PHA_00059,ABprppp,82,83,1,23,3,3,ABprppp|Cppap|Cpppa,ABprppp|Cppap|Cpppa,1
PHA_00060,ABplppap,82,83,9,12,3,3,ABarappap|ABplppap|ABpraapaa,ABarappap|ABplppap|ABpraapaa,1
PHA_00061,ABarappap,82,83,9,12,3,3,ABarappap|ABplppap|ABpraapaa,ABarappap|ABplppap|ABpraapaa,1
PHA_00062,ABpraapaa,82,83,9,12,3,3,ABarappap|ABplppap|ABpraapaa,ABarappap|ABplppap|ABpraapaa,1
PHA_00063,ABarpaaap,82,83,0,1,3,3,ABarpaaap|ABplpaa|MSaaaap,ABarpaaap|ABplpaa|MSaaaap,1
PHA_00064,MSaaaap,82,83,0,1,3,3,ABarpaaap|ABplpaa|MSaaaap,ABarpaaap|ABplpaa|MSaaaap,1
PHA_00065,Cppap,82,83,1,23,3,3,ABprppp|Cppap|Cpppa,ABprppp|Cppap|Cpppa,1
PHA_00066,Cpppa,82,83,1,23,3,3,ABprppp|Cppap|Cpppa,ABprppp|Cppap|Cpppa,1
PHA_00067,ABplapaa,83,84,10,21,3,3,ABalppaap|ABplapaa|MSapaa,ABalppaap|ABplapaa|MSapaa,1
PHA_00068,ABplppap,83,84,12,16,3,3,ABarappap|ABplppap|ABpraapaa,ABarappap|ABplppap|ABpraapaa,1
PHA_00069,ABpraapa,83,84,13,17,3,3,ABplappaa|ABplppapp|ABpraapa,ABplappaa|ABplppapp|ABpraapa,1
PHA_00070,ABalppaap,83,84,10,21,3,3,ABalppaap|ABplapaa|MSapaa,ABalppaap|ABplapaa|MSapaa,1
PHA_00071,ABarappap,83,84,12,16,3,3,ABarappap|ABplppap|ABpraapaa,ABarappap|ABplppap|ABpraapaa,1
PHA_00072,ABplappaa,83,84,13,17,3,3,ABplappaa|ABplppapp|ABpraapa,ABplappaa|ABplppapp|ABpraapa,1
PHA_00073,ABplppapp,83,84,13,17,3,3,ABplappaa|ABplppapp|ABpraapa,ABplappaa|ABplppapp|ABpraapa,1
PHA_00074,ABpraapaa,83,84,12,16,3,3,ABarappap|ABplppap|ABpraapaa,ABarappap|ABplppap|ABpraapaa,1
PHA_00075,MSapaa,83,84,10,21,3,3,ABalppaap|ABplapaa|MSapaa,ABalppaap|ABplapaa|MSapaa,1
PHA_00076,ABalapap,84,85,9,18,5,5,ABalapap|ABalppapp|ABalpppap|ABaraaap|ABplpaaaa,ABalapap|ABalppapp|ABalpppap|ABaraaap|ABplpaaaa,1
PHA_00077,ABalppaa,84,85,10,17,3,3,ABalaaaar|ABalpaaaa|ABalppaa,ABalaaaar|ABalpaaaa|ABalppaa,1
PHA_00078,ABaraaap,84,85,9,18,5,5,ABalapap|ABalppapp|ABalpppap|ABaraaap|ABplpaaaa,ABalapap|ABalppapp|ABalpppap|ABaraaap|ABplpaaaa,1
PHA_00079,ABalaaaar,84,85,10,17,3,3,ABalaaaar|ABalpaaaa|ABalppaa,ABalaaaar|ABalpaaaa|ABalppaa,1
PHA_00080,ABalpaaaa,84,85,10,17,3,3,ABalaaaar|ABalpaaaa|ABalppaa,ABalaaaar|ABalpaaaa|ABalppaa,1
PHA_00081,ABalppapp,84,85,9,18,5,5,ABalapap|ABalppapp|ABalpppap|ABaraaap|ABplpaaaa,ABalapap|ABalppapp|ABalpppap|ABaraaap|ABplpaaaa,1
PHA_00082,ABalpppap,84,85,9,18,5,5,ABalapap|ABalppapp|ABalpppap|ABaraaap|ABplpaaaa,ABalapap|ABalppapp|ABalpppap|ABaraaap|ABplpaaaa,1
PHA_00083,ABplpaaaa,84,85,9,18,5,5,ABalapap|ABalppapp|ABalpppap|ABaraaap|ABplpaaaa,ABalapap|ABalppapp|ABalpppap|ABaraaap|ABplpaaaa,1
PHA_00084,ABprpaa,85,86,8,5,5,5,ABalpppp|ABplappa|ABprpaa|Epr|MSpaaap,ABalpppp|ABplappa|ABprpaa|Epr|MSpaaap,1
PHA_00085,Epr,85,86,8,5,5,5,ABalpppp|ABplappa|ABprpaa|Epr|MSpaaap,ABalpppp|ABplappa|ABprpaa|Epr|MSpaaap,1
PHA_00086,ABalppaa,85,86,17,10,3,3,ABalaaaar|ABalpaaaa|ABalppaa,ABalaaaar|ABalpaaaa|ABalppaa,1
PHA_00087,ABalpppp,85,86,8,5,5,5,ABalpppp|ABplappa|ABprpaa|Epr|MSpaaap,ABalpppp|ABplappa|ABprpaa|Epr|MSpaaap,1
PHA_00088,ABplappa,85,86,8,5,5,5,ABalpppp|ABplappa|ABprpaa|Epr|MSpaaap,ABalpppp|ABplappa|ABprpaa|Epr|MSpaaap,1
PHA_00089,ABalaaaar,85,86,17,10,3,3,ABalaaaar|ABalpaaaa|ABalppaa,ABalaaaar|ABalpaaaa|ABalppaa,1
PHA_00090,ABalpaaaa,85,86,17,10,3,3,ABalaaaar|ABalpaaaa|ABalppaa,ABalaaaar|ABalpaaaa|ABalppaa,1
PHA_00091,MSpaaap,85,86,8,5,5,5,ABalpppp|ABplappa|ABprpaa|Epr|MSpaaap,ABalpppp|ABplappa|ABprpaa|Epr|MSpaaap,1
PHA_00092,ABalppaa,86,87,10,11,3,3,ABalaaaar|ABalpaaaa|ABalppaa,ABalaaaar|ABalpaaaa|ABalppaa,1
PHA_00093,ABplppap,86,87,12,13,3,3,ABarappap|ABplppap|ABpraaapp,ABarappap|ABplppap|ABpraaapp,1
PHA_00094,ABalaaaar,86,87,10,11,3,3,ABalaaaar|ABalpaaaa|ABalppaa,ABalaaaar|ABalpaaaa|ABalppaa,1
PHA_00095,ABalpaaaa,86,87,10,11,3,3,ABalaaaar|ABalpaaaa|ABalppaa,ABalaaaar|ABalpaaaa|ABalppaa,1
PHA_00096,ABarappap,86,87,12,13,3,3,ABarappap|ABplppap|ABpraaapp,ABarappap|ABplppap|ABpraaapp,1
PHA_00097,ABpraaapp,86,87,12,13,3,3,ABarappap|ABplppap|ABpraaapp,ABarappap|ABplppap|ABpraaapp,1
PHA_00098,MSppa,87,88,6,4,3,3,ABarpaapa|MSaappp|MSppa,ABarpaapa|MSaappp|MSppa,1
PHA_00099,ABalppaa,87,88,11,12,3,3,ABalaaaar|ABalpaaaa|ABalppaa,ABalaaaar|ABalpaaaa|ABalppaa,1
PHA_00100,ABalaaaar,87,88,11,12,3,3,ABalaaaar|ABalpaaaa|ABalppaa,ABalaaaar|ABalpaaaa|ABalppaa,1
PHA_00101,ABalappaa,87,88,14,23,3,3,ABalappaa|ABaraaaap|MSaaaaa,ABalappaa|ABaraaaap|MSaaaaa,1
PHA_00102,ABalpaaaa,87,88,11,12,3,3,ABalaaaar|ABalpaaaa|ABalppaa,ABalaaaar|ABalpaaaa|ABalppaa,1
PHA_00103,ABaraaaap,87,88,14,23,3,3,ABalappaa|ABaraaaap|MSaaaaa,ABalappaa|ABaraaaap|MSaaaaa,1
PHA_00104,ABarpaapa,87,88,6,4,3,3,ABarpaapa|MSaappp|MSppa,ABarpaapa|MSaappp|MSppa,1
PHA_00105,MSaaaaa,87,88,14,23,3,3,ABalappaa|ABaraaaap|MSaaaaa,ABalappaa|ABaraaaap|MSaaaaa,1
PHA_00106,MSaappp,87,88,6,4,3,3,ABarpaapa|MSaappp|MSppa,ABarpaapa|MSaappp|MSppa,1
PHA_00107,ABpraaa,88,89,26,3,3,3,ABarppppa|ABpraaa|MSppaap,ABarppppa|ABpraaa|MSppaap,1
PHA_00108,Cpap,88,89,6,8,3,3,ABaraappa|Cpap|MSpaaaa,ABaraappa|Cpap|MSpaaaa,1
PHA_00109,ABalapppp,88,89,16,17,4,4,ABalapppp|Eara|MSpaapp|MSpapaa,ABalapppp|Eara|MSpaapp|MSpapaa,1
PHA_00110,ABaraappa,88,89,6,8,3,3,ABaraappa|Cpap|MSpaaaa,ABaraappa|Cpap|MSpaaaa,1
PHA_00111,ABarppppa,88,89,26,3,3,3,ABarppppa|ABpraaa|MSppaap,ABarppppa|ABpraaa|MSppaap,1
PHA_00112,ABplaappa,88,89,20,22,3,3,ABplaappa|ABplapaaa|ABplpaapp,ABplaappa|ABplapaaa|ABplpaapp,1
PHA_00113,ABplapaaa,88,89,20,22,3,3,ABplaappa|ABplapaaa|ABplpaapp,ABplaappa|ABplapaaa|ABplpaapp,1
PHA_00114,ABplpaapp,88,89,20,22,3,3,ABplaappa|ABplapaaa|ABplpaapp,ABplaappa|ABplapaaa|ABplpaapp,1
PHA_00115,MSpaaaa,88,89,6,8,3,3,ABaraappa|Cpap|MSpaaaa,ABaraappa|Cpap|MSpaaaa,1
PHA_00116,MSpaapp,88,89,16,17,4,4,ABalapppp|Eara|MSpaapp|MSpapaa,ABalapppp|Eara|MSpaapp|MSpapaa,1
PHA_00117,MSpapaa,88,89,16,17,4,4,ABalapppp|Eara|MSpaapp|MSpapaa,ABalapppp|Eara|MSpaapp|MSpapaa,1
PHA_00118,Eara,88,89,16,17,4,4,ABalapppp|Eara|MSpaapp|MSpapaa,ABalapppp|Eara|MSpaapp|MSpapaa,1
PHA_00119,MSppaap,88,89,26,3,3,3,ABarppppa|ABpraaa|MSppaap,ABarppppa|ABpraaa|MSppaap,1
PHA_00120,ABplpap,89,90,23,21,3,3,ABplpap|Epla|MSaappp,ABplpap|Epla|MSaappp,1
PHA_00121,MSaap,89,90,5,7,3,3,ABplaappp|ABplppapa|MSaap,ABplaappp|ABplppapa|MSaap,1
PHA_00122,Eal,89,90,26,25,3,3,Eal|MSapppa|MSpaap,Eal|MSapppa|MSpaap,1
PHA_00123,MSpaap,89,90,26,25,3,3,Eal|MSapppa|MSpaap,Eal|MSapppa|MSpaap,1
PHA_00124,ABalapppp,89,90,17,23,4,4,ABalapppp|Eara|MSpaapp|MSpapaa,ABalapppp|Eara|MSpaapp|MSpapaa,1
PHA_00125,ABarppaaa,89,90,18,22,3,3,ABarppaaa|Ealp|MSappaa,ABarppaaa|Ealp|MSappaa,1
PHA_00126,ABplaappp,89,90,5,7,3,3,ABplaappp|ABplppapa|MSaap,ABplaappp|ABplppapa|MSaap,1
PHA_00127,ABplppapa,89,90,5,7,3,3,ABplaappp|ABplppapa|MSaap,ABplaappp|ABplppapa|MSaap,1
PHA_00128,MSaappp,89,90,23,21,3,3,ABplpap|Epla|MSaappp,ABplpap|Epla|MSaappp,1
PHA_00129,MSpaapp,89,90,17,23,4,4,ABalapppp|Eara|MSpaapp|MSpapaa,ABalapppp|Eara|MSpaapp|MSpapaa,1
PHA_00130,MSpapaa,89,90,17,23,4,4,ABalapppp|Eara|MSpaapp|MSpapaa,ABalapppp|Eara|MSpaapp|MSpapaa,1
PHA_00131,Ealp,89,90,18,22,3,3,ABarppaaa|Ealp|MSappaa,ABarppaaa|Ealp|MSappaa,1
PHA_00132,Eara,89,90,17,23,4,4,ABalapppp|Eara|MSpaapp|MSpapaa,ABalapppp|Eara|MSpaapp|MSpapaa,1
PHA_00133,Epla,89,90,23,21,3,3,ABplpap|Epla|MSaappp,ABplpap|Epla|MSaappp,1
PHA_00134,Eprp,89,90,25,24,3,3,Cppaa|Dpp|Eprp,Cppaa|Dpp|Eprp,1
PHA_00135,Cppaa,89,90,25,24,3,3,Cppaa|Dpp|Eprp,Cppaa|Dpp|Eprp,1
PHA_00136,Dpp,89,90,25,24,3,3,Cppaa|Dpp|Eprp,Cppaa|Dpp|Eprp,1
PHA_00137,MSappaa,89,90,18,22,3,3,ABarppaaa|Ealp|MSappaa,ABarppaaa|Ealp|MSappaa,1
PHA_00138,MSapppa,89,90,26,25,3,3,Eal|MSapppa|MSpaap,Eal|MSapppa|MSpaap,1
PHA_00139,ABplapaa,90,91,1,3,3,3,ABplapaa|ABprappap|ABprpppap,ABplapaa|ABprappap|ABprpppap,1
PHA_00140,MSaaa,90,91,6,18,3,3,ABplapapa|ABplpppaa|MSaaa,ABplapapa|ABplpppaa|MSaaa,1
PHA_00141,ABplapapa,90,91,6,18,3,3,ABplapapa|ABplpppaa|MSaaa,ABplapapa|ABplpppaa|MSaaa,1
PHA_00142,ABplpppaa,90,91,6,18,3,3,ABplapapa|ABplpppaa|MSaaa,ABplapapa|ABplpppaa|MSaaa,1
PHA_00143,ABprappap,90,91,1,3,3,3,ABplapaa|ABprappap|ABprpppap,ABplapaa|ABprappap|ABprpppap,1
PHA_00144,ABprpppap,90,91,1,3,3,3,ABplapaa|ABprappap|ABprpppap,ABplapaa|ABprappap|ABprpppap,1
PHA_00145,MSaaa,91,92,18,4,3,3,ABplapapa|ABplpppaa|MSaaa,ABplapapa|ABplpppaa|MSaaa,1
PHA_00146,ABalappaa,91,92,20,13,3,3,ABalappaa|ABaraapaa|MSaaaaa,ABalappaa|ABaraapaa|MSaaaaa,1
PHA_00147,ABaraapaa,91,92,20,13,3,3,ABalappaa|ABaraapaa|MSaaaaa,ABalappaa|ABaraapaa|MSaaaaa,1
PHA_00148,ABplapapa,91,92,18,4,3,3,ABplapapa|ABplpppaa|MSaaa,ABplapapa|ABplpppaa|MSaaa,1
PHA_00149,ABplpppaa,91,92,18,4,3,3,ABplapapa|ABplpppaa|MSaaa,ABplapapa|ABplpppaa|MSaaa,1
PHA_00150,MSaaaaa,91,92,20,13,3,3,ABalappaa|ABaraapaa|MSaaaaa,ABalappaa|ABaraapaa|MSaaaaa,1
PHA_00151,ABprpaap,92,93,1,4,4,4,ABalapppa|ABprpaap|Epr|MSpaapa,ABalapppa|ABprpaap|Epr|MSpaapa,1
PHA_00152,Epr,92,93,1,4,4,4,ABalapppa|ABprpaap|Epr|MSpaapa,ABalapppa|ABprpaap|Epr|MSpaapa,1
PHA_00153,Cpap,92,93,8,12,3,3,ABalppap|ABaraaaap|Cpap,ABalppap|ABaraaaap|Cpap,1
PHA_00154,ABalppap,92,93,8,12,3,3,ABalppap|ABaraaaap|Cpap,ABalppap|ABaraaaap|Cpap,1
PHA_00155,ABalapppa,92,93,1,4,4,4,ABalapppa|ABprpaap|Epr|MSpaapa,ABalapppa|ABprpaap|Epr|MSpaapa,1
PHA_00156,ABaraaaap,92,93,8,12,3,3,ABalppap|ABaraaaap|Cpap,ABalppap|ABaraaaap|Cpap,1
PHA_00157,MSpaapa,92,93,1,4,4,4,ABalapppa|ABprpaap|Epr|MSpaapa,ABalapppa|ABprpaap|Epr|MSpaapa,1
PHA_00158,ABaraapp,93,94,18,1,3,3,ABaraapp|Dap|MSppap,ABaraapp|Dap|MSppap,1
PHA_00159,MSppap,93,94,18,1,3,3,ABaraapp|Dap|MSppap,ABaraapp|Dap|MSppap,1
PHA_00160,Dap,93,94,18,1,3,3,ABaraapp|Dap|MSppap,ABaraapp|Dap|MSppap,1
PHA_00161,ABprappa,95,96,3,9,3,3,ABpraaaaa|ABprappa|Cpaa,ABpraaaaa|ABprappa|Cpaa,1
PHA_00162,Cpaa,95,96,3,9,3,3,ABpraaaaa|ABprappa|Cpaa,ABpraaaaa|ABprappa|Cpaa,1
PHA_00163,Dp,95,96,7,10,3,3,ABalaaaal|ABalpaapa|Dp,ABalaaaal|ABalpaapa|Dp,1
PHA_00164,ABalaaaal,95,96,7,10,3,3,ABalaaaal|ABalpaapa|Dp,ABalaaaal|ABalpaapa|Dp,1
PHA_00165,ABalpaapa,95,96,7,10,3,3,ABalaaaal|ABalpaapa|Dp,ABalaaaal|ABalpaapa|Dp,1
PHA_00166,ABarapppp,95,96,10,12,4,4,ABarapppp|ABpraaapp|ABpraapaa|ABprpaaaa,ABarapppp|ABpraaapp|ABpraapaa|ABprpaaaa,1
PHA_00167,ABplapapa,95,96,11,13,3,3,ABplapapa|ABplappap|ABplpppap,ABplapapa|ABplappap|ABplpppap,1
PHA_00168,ABplappap,95,96,11,13,3,3,ABplapapa|ABplappap|ABplpppap,ABplapapa|ABplappap|ABplpppap,1
PHA_00169,ABplpppap,95,96,11,13,3,3,ABplapapa|ABplappap|ABplpppap,ABplapapa|ABplappap|ABplpppap,1
PHA_00170,ABpraaaaa,95,96,3,9,3,3,ABpraaaaa|ABprappa|Cpaa,ABpraaaaa|ABprappa|Cpaa,1
PHA_00171,ABpraaapp,95,96,10,12,4,4,ABarapppp|ABpraaapp|ABpraapaa|ABprpaaaa,ABarapppp|ABpraaapp|ABpraapaa|ABprpaaaa,1
PHA_00172,ABpraapaa,95,96,10,12,4,4,ABarapppp|ABpraaapp|ABpraapaa|ABprpaaaa,ABarapppp|ABpraaapp|ABpraapaa|ABprpaaaa,1
PHA_00173,ABprpaaaa,95,96,10,12,4,4,ABarapppp|ABpraaapp|ABpraapaa|ABprpaaaa,ABarapppp|ABpraaapp|ABpraapaa|ABprpaaaa,1
PHA_00174,ABarppaa,96,97,1,2,3,3,ABarppaa|ABplapap|ABprapaap,ABarppaa|ABplapap|ABprapaap,1
PHA_00175,ABplapap,96,97,1,2,3,3,ABarppaa|ABplapap|ABprapaap,ABarppaa|ABplapap|ABprapaap,1
PHA_00176,ABprappa,96,97,9,8,3,3,ABpraaaaa|ABprappa|Cpaa,ABpraaaaa|ABprappa|Cpaa,1
PHA_00177,MSapp,96,97,7,6,3,3,ABplpappa|MSapp|MSappaa,ABplpappa|MSapp|MSappaa,1
PHA_00178,Cpaa,96,97,9,8,3,3,ABpraaaaa|ABprappa|Cpaa,ABpraaaaa|ABprappa|Cpaa,1
PHA_00179,Dp,96,97,10,9,3,3,ABalaaaal|ABalpaapa|Dp,ABalaaaal|ABalpaapa|Dp,1
PHA_00180,ABalaaaal,96,97,10,9,3,3,ABalaaaal|ABalpaapa|Dp,ABalaaaal|ABalpaapa|Dp,1
PHA_00181,ABalpaapa,96,97,10,9,3,3,ABalaaaal|ABalpaapa|Dp,ABalaaaal|ABalpaapa|Dp,1
PHA_00182,ABplpappa,96,97,7,6,3,3,ABplpappa|MSapp|MSappaa,ABplpappa|MSapp|MSappaa,1
PHA_00183,ABpraaaaa,96,97,9,8,3,3,ABpraaaaa|ABprappa|Cpaa,ABpraaaaa|ABprappa|Cpaa,1
PHA_00184,ABprapaap,96,97,1,2,3,3,ABarppaa|ABplapap|ABprapaap,ABarppaa|ABplapap|ABprapaap,1
PHA_00185,MSappaa,96,97,7,6,3,3,ABplpappa|MSapp|MSappaa,ABplpappa|MSapp|MSappaa,1
PHA_00186,ABplaaap,97,98,3,2,5,5,ABplaaap|ABplapaa|ABprapapa|ABprappap|ABprpppap,ABplaaap|ABplapaa|ABprapapa|ABprappap|ABprpppap,1
PHA_00187,ABplapaa,97,98,3,2,5,5,ABplaaap|ABplapaa|ABprapapa|ABprappap|ABprpppap,ABplaaap|ABplapaa|ABprapapa|ABprappap|ABprpppap,1
PHA_00188,ABprappa,97,98,8,14,3,3,ABpraaaaa|ABprappa|Cpaa,ABpraaaaa|ABprappa|Cpaa,1
PHA_00189,ABprpaaa,97,98,4,5,3,3,ABarpappa|ABprpaaa|MSpppaa,ABarpappa|ABprpaaa|MSpppaa,1
PHA_00190,ABprpppa,97,98,5,7,4,4,ABalaaapp|ABalaapaa|ABprpppa|Cppa,ABalaaapp|ABalaapaa|ABprpppa|Cppa,1
PHA_00191,Eprp,97,98,7,13,3,3,ABaraappa|ABarapaap|Eprp,ABaraappa|ABarapaap|Eprp,1
PHA_00192,Cpaa,97,98,8,14,3,3,ABpraaaaa|ABprappa|Cpaa,ABpraaaaa|ABprappa|Cpaa,1
PHA_00193,Cppa,97,98,5,7,4,4,ABalaaapp|ABalaapaa|ABprpppa|Cppa,ABalaaapp|ABalaapaa|ABprpppa|Cppa,1
PHA_00194,ABalaaapp,97,98,5,7,4,4,ABalaaapp|ABalaapaa|ABprpppa|Cppa,ABalaaapp|ABalaapaa|ABprpppa|Cppa,1
PHA_00195,ABalaapaa,97,98,5,7,4,4,ABalaaapp|ABalaapaa|ABprpppa|Cppa,ABalaaapp|ABalaapaa|ABprpppa|Cppa,1
PHA_00196,ABalpaaap,97,98,10,16,3,3,ABalpaaap|ABaraapaa|MSaaaaa,ABalpaaap|ABaraapaa|MSaaaaa,1
PHA_00197,ABalppppp,97,98,14,18,3,3,ABalppppp|ABplpaaap|ABplpaapa,ABalppppp|ABplpaaap|ABplpaapa,1
PHA_00198,ABaraapaa,97,98,10,16,3,3,ABalpaaap|ABaraapaa|MSaaaaa,ABalpaaap|ABaraapaa|MSaaaaa,1
PHA_00199,ABaraappa,97,98,7,13,3,3,ABaraappa|ABarapaap|Eprp,ABaraappa|ABarapaap|Eprp,1
PHA_00200,ABarapaap,97,98,7,13,3,3,ABaraappa|ABarapaap|Eprp,ABaraappa|ABarapaap|Eprp,1
PHA_00201,ABarpappa,97,98,4,5,3,3,ABarpappa|ABprpaaa|MSpppaa,ABarpappa|ABprpaaa|MSpppaa,1
PHA_00202,ABplapapa,97,98,13,17,3,3,ABplapapa|ABplappap|ABplpppap,ABplapapa|ABplappap|ABplpppap,1
PHA_00203,ABplappap,97,98,13,17,3,3,ABplapapa|ABplappap|ABplpppap,ABplapapa|ABplappap|ABplpppap,1
PHA_00204,ABplpaaap,97,98,14,18,3,3,ABalppppp|ABplpaaap|ABplpaapa,ABalppppp|ABplpaaap|ABplpaapa,1
PHA_00205,ABplpaapa,97,98,14,18,3,3,ABalppppp|ABplpaaap|ABplpaapa,ABalppppp|ABplpaaap|ABplpaapa,1
PHA_00206,ABplpppap,97,98,13,17,3,3,ABplapapa|ABplappap|ABplpppap,ABplapapa|ABplappap|ABplpppap,1
PHA_00207,ABpraaaaa,97,98,8,14,3,3,ABpraaaaa|ABprappa|Cpaa,ABpraaaaa|ABprappa|Cpaa,1
PHA_00208,ABprapapa,97,98,3,2,5,5,ABplaaap|ABplapaa|ABprapapa|ABprappap|ABprpppap,ABplaaap|ABplapaa|ABprapapa|ABprappap|ABprpppap,1
PHA_00209,ABprappap,97,98,3,2,5,5,ABplaaap|ABplapaa|ABprapapa|ABprappap|ABprpppap,ABplaaap|ABplapaa|ABprapapa|ABprappap|ABprpppap,1
PHA_00210,ABprpppap,97,98,3,2,5,5,ABplaaap|ABplapaa|ABprapapa|ABprappap|ABprpppap,ABplaaap|ABplapaa|ABprapapa|ABprappap|ABprpppap,1
PHA_00211,MSaaaaa,97,98,10,16,3,3,ABalpaaap|ABaraapaa|MSaaaaa,ABalpaaap|ABaraapaa|MSaaaaa,1
PHA_00212,MSpppaa,97,98,4,5,3,3,ABarpappa|ABprpaaa|MSpppaa,ABarpappa|ABprpaaa|MSpppaa,1
PHA_00213,ABprpaaa,98,99,5,18,3,3,ABarpappa|ABprpaaa|MSpppaa,ABarpappa|ABprpaaa|MSpppaa,1
PHA_00214,MSaaap,98,99,8,9,3,3,ABplppapp|ABplpppaa|MSaaap,ABplppapp|ABplpppaa|MSaaap,1
PHA_00215,ABalpaaap,98,99,16,15,3,3,ABalpaaap|ABaraapaa|MSaaaaa,ABalpaaap|ABaraapaa|MSaaaaa,1
PHA_00216,ABaraapaa,98,99,16,15,3,3,ABalpaaap|ABaraapaa|MSaaaaa,ABalpaaap|ABaraapaa|MSaaaaa,1
PHA_00217,ABarpappa,98,99,5,18,3,3,ABarpappa|ABprpaaa|MSpppaa,ABarpappa|ABprpaaa|MSpppaa,1
PHA_00218,ABplapapa,98,99,17,20,3,3,ABplapapa|ABplappap|ABplpppap,ABplapapa|ABplappap|ABplpppap,1
PHA_00219,ABplappap,98,99,17,20,3,3,ABplapapa|ABplappap|ABplpppap,ABplapapa|ABplappap|ABplpppap,1
PHA_00220,ABplppapp,98,99,8,9,3,3,ABplppapp|ABplpppaa|MSaaap,ABplppapp|ABplpppaa|MSaaap,1
PHA_00221,ABplpppaa,98,99,8,9,3,3,ABplppapp|ABplpppaa|MSaaap,ABplppapp|ABplpppaa|MSaaap,1
PHA_00222,ABplpppap,98,99,17,20,3,3,ABplapapa|ABplappap|ABplpppap,ABplapapa|ABplappap|ABplpppap,1
PHA_00223,MSaaaaa,98,99,16,15,3,3,ABalpaaap|ABaraapaa|MSaaaaa,ABalpaaap|ABaraapaa|MSaaaaa,1
PHA_00224,MSpppaa,98,99,5,18,3,3,ABarpappa|ABprpaaa|MSpppaa,ABarpappa|ABprpaaa|MSpppaa,1
PHA_00225,ABplpppp,99,100,11,5,4,4,ABalpappp|ABplpppp|Epla|MSaaapp,ABalpappp|ABplpppp|Epla|MSaaapp,1
PHA_00226,ABprpppp,99,100,8,10,6,6,ABalaaaar|ABalaaapa|ABalpaapa|ABprpppp|Caaapp|Cppp,ABalaaaar|ABalaaapa|ABalpaapa|ABprpppp|Caaapp|Cppp,1
PHA_00227,MSaaap,99,100,9,11,3,3,ABplppapp|ABplpppaa|MSaaap,ABplppapp|ABplpppaa|MSaaap,1
PHA_00228,MSpaaa,99,100,10,13,3,3,Dapa|MSpaaa|MSpppa,Dapa|MSpaaa|MSpppa,1
PHA_00229,Epla,99,100,11,5,4,4,ABalpappp|ABplpppp|Epla|MSaaapp,ABalpappp|ABplpppp|Epla|MSaaapp,1
PHA_00230,Cppp,99,100,8,10,6,6,ABalaaaar|ABalaaapa|ABalpaapa|ABprpppp|Caaapp|Cppp,ABalaaaar|ABalaaapa|ABalpaapa|ABprpppp|Caaapp|Cppp,1
PHA_00231,MSapap,99,100,17,21,4,4,ABarapapp|MSapap|MSpaapp|MSpapaa,ABarapapp|MSapap|MSpaapp|MSpapaa,1
PHA_00232,MSpppa,99,100,10,13,3,3,Dapa|MSpaaa|MSpppa,Dapa|MSpaaa|MSpppa,1
PHA_00233,ABalaaaar,99,100,8,10,6,6,ABalaaaar|ABalaaapa|ABalpaapa|ABprpppp|Caaapp|Cppp,ABalaaaar|ABalaaapa|ABalpaapa|ABprpppp|Caaapp|Cppp,1
PHA_00234,ABalaaapa,99,100,8,10,6,6,ABalaaaar|ABalaaapa|ABalpaapa|ABprpppp|Caaapp|Cppp,ABalaaaar|ABalaaapa|ABalpaapa|ABprpppp|Caaapp|Cppp,1
PHA_00235,ABalpaapa,99,100,8,10,6,6,ABalaaaar|ABalaaapa|ABalpaapa|ABprpppp|Caaapp|Cppp,ABalaaaar|ABalaaapa|ABalpaapa|ABprpppp|Caaapp|Cppp,1
PHA_00236,ABalpappp,99,100,11,5,4,4,ABalpappp|ABplpppp|Epla|MSaaapp,ABalpappp|ABplpppp|Epla|MSaaapp,1
PHA_00237,ABaraappp,99,100,16,20,4,4,ABaraappp|ABarapapa|MSpaaap|MSpaapa,ABaraappp|ABarapapa|MSpaaap|MSpaapa,1
PHA_00238,ABarapapa,99,100,16,20,4,4,ABaraappp|ABarapapa|MSpaaap|MSpaapa,ABaraappp|ABarapapa|MSpaaap|MSpaapa,1
PHA_00239,ABarapapp,99,100,17,21,4,4,ABarapapp|MSapap|MSpaapp|MSpapaa,ABarapapp|MSapap|MSpaapp|MSpapaa,1
PHA_00240,ABplppapp,99,100,9,11,3,3,ABplppapp|ABplpppaa|MSaaap,ABplppapp|ABplpppaa|MSaaap,1
PHA_00241,ABplpppaa,99,100,9,11,3,3,ABplppapp|ABplpppaa|MSaaap,ABplppapp|ABplpppaa|MSaaap,1
PHA_00242,MSaaapp,99,100,11,5,4,4,ABalpappp|ABplpppp|Epla|MSaaapp,ABalpappp|ABplpppp|Epla|MSaaapp,1
PHA_00243,MSpaaap,99,100,16,20,4,4,ABaraappp|ABarapapa|MSpaaap|MSpaapa,ABaraappp|ABarapapa|MSpaaap|MSpaapa,1
PHA_00244,MSpaapa,99,100,16,20,4,4,ABaraappp|ABarapapa|MSpaaap|MSpaapa,ABaraappp|ABarapapa|MSpaaap|MSpaapa,1
PHA_00245,MSpaapp,99,100,17,21,4,4,ABarapapp|MSapap|MSpaapp|MSpapaa,ABarapapp|MSapap|MSpaapp|MSpapaa,1
PHA_00246,MSpapaa,99,100,17,21,4,4,ABarapapp|MSapap|MSpaapp|MSpapaa,ABarapapp|MSapap|MSpaapp|MSpapaa,1
PHA_00247,Dapa,99,100,10,13,3,3,Dapa|MSpaaa|MSpppa,Dapa|MSpaaa|MSpppa,1
PHA_00248,Caaapp,99,100,8,10,6,6,ABalaaaar|ABalaaapa|ABalpaapa|ABprpppp|Caaapp|Cppp,ABalaaaar|ABalaaapa|ABalpaapa|ABprpppp|Caaapp|Cppp,1
PHA_00249,ABaraaap,100,101,24,1,3,3,ABalpaapap|ABaraaap|Caaap,ABalpaapap|ABaraaap|Caaap,1
PHA_00250,ABarpapa,100,101,1,24,4,4,ABaraappap|ABarpapa|Cpaaa|Cppaa,ABaraappap|ABarpapa|Cpaaa|Cppaa,1
PHA_00251,ABplpppp,100,101,5,7,4,4,ABalpappp|ABplpppp|Epla|MSaaapp,ABalpappp|ABplpppp|Epla|MSaaapp,1
PHA_00252,Epla,100,101,5,7,4,4,ABalpappp|ABplpppp|Epla|MSaaapp,ABalpappp|ABplpppp|Epla|MSaaapp,1
PHA_00253,Dp,100,101,17,13,3,3,ABalaaaal|ABalapaaa|Dp,ABalaaaal|ABalapaaa|Dp,1
PHA_00254,ABalaaaal,100,101,17,13,3,3,ABalaaaal|ABalapaaa|Dp,ABalaaaal|ABalapaaa|Dp,1
PHA_00255,ABalapaaa,100,101,17,13,3,3,ABalaaaal|ABalapaaa|Dp,ABalaaaal|ABalapaaa|Dp,1
PHA_00256,ABalpappp,100,101,5,7,4,4,ABalpappp|ABplpppp|Epla|MSaaapp,ABalpappp|ABplpppp|Epla|MSaaapp,1
PHA_00257,ABaraappp,100,101,20,17,4,4,ABaraappp|ABarapapa|MSpaaap|MSpaapa,ABaraappp|ABarapapa|MSpaaap|MSpaapa,1
PHA_00258,ABarapapa,100,101,20,17,4,4,ABaraappp|ABarapapa|MSpaaap|MSpaapa,ABaraappp|ABarapapa|MSpaaap|MSpaapa,1
PHA_00259,MSaaapp,100,101,5,7,4,4,ABalpappp|ABplpppp|Epla|MSaaapp,ABalpappp|ABplpppp|Epla|MSaaapp,1
PHA_00260,MSpaaap,100,101,20,17,4,4,ABaraappp|ABarapapa|MSpaaap|MSpaapa,ABaraappp|ABarapapa|MSpaaap|MSpaapa,1
PHA_00261,MSpaapa,100,101,20,17,4,4,ABaraappp|ABarapapa|MSpaaap|MSpaapa,ABaraappp|ABarapapa|MSpaaap|MSpaapa,1
PHA_00262,Caaap,100,101,24,1,3,3,ABalpaapap|ABaraaap|Caaap,ABalpaapap|ABaraaap|Caaap,1
PHA_00263,Cpaaa,100,101,1,24,4,4,ABaraappap|ABarpapa|Cpaaa|Cppaa,ABaraappap|ABarpapa|Cpaaa|Cppaa,1
PHA_00264,Cppaa,100,101,1,24,4,4,ABaraappap|ABarpapa|Cpaaa|Cppaa,ABaraappap|ABarpapa|Cpaaa|Cppaa,1
PHA_00265,ABalpaapap,100,101,24,1,3,3,ABalpaapap|ABaraaap|Caaap,ABalpaapap|ABaraaap|Caaap,1
PHA_00266,ABaraappap,100,101,1,24,4,4,ABaraappap|ABarpapa|Cpaaa|Cppaa,ABaraappap|ABarpapa|Cpaaa|Cppaa,1
PHA_00267,ABalpaap,101,102,0,22,3,3,ABalpaap|ABplapapp|ABplapppp,ABalpaap|ABplapapp|ABplapppp,1
PHA_00268,MSpapp,101,102,11,10,4,4,ABalppapp|ABplaapaa|ABplpaaaa|MSpapp,ABalppapp|ABplaapaa|ABplpaaaa|MSpapp,1
PHA_00269,Cpap,101,102,14,18,5,5,ABalappap|ABaraaaap|ABaraaapa|Cpap|MSpaaaa,ABalappap|ABaraaaap|ABaraaapa|Cpap|MSpaaaa,1
PHA_00270,ABalappap,101,102,14,18,5,5,ABalappap|ABaraaaap|ABaraaapa|Cpap|MSpaaaa,ABalappap|ABaraaaap|ABaraaapa|Cpap|MSpaaaa,1
PHA_00271,ABalppapp,101,102,11,10,4,4,ABalppapp|ABplaapaa|ABplpaaaa|MSpapp,ABalppapp|ABplaapaa|ABplpaaaa|MSpapp,1
PHA_00272,ABaraaaap,101,102,14,18,5,5,ABalappap|ABaraaaap|ABaraaapa|Cpap|MSpaaaa,ABalappap|ABaraaaap|ABaraaapa|Cpap|MSpaaaa,1
PHA_00273,ABaraaapa,101,102,14,18,5,5,ABalappap|ABaraaaap|ABaraaapa|Cpap|MSpaaaa,ABalappap|ABaraaaap|ABaraaapa|Cpap|MSpaaaa,1
PHA_00274,ABplaapaa,101,102,11,10,4,4,ABalppapp|ABplaapaa|ABplpaaaa|MSpapp,ABalppapp|ABplaapaa|ABplpaaaa|MSpapp,1
PHA_00275,ABplapapp,101,102,0,22,3,3,ABalpaap|ABplapapp|ABplapppp,ABalpaap|ABplapapp|ABplapppp,1
PHA_00276,ABplapppp,101,102,0,22,3,3,ABalpaap|ABplapapp|ABplapppp,ABalpaap|ABplapapp|ABplapppp,1
PHA_00277,ABplpaaaa,101,102,11,10,4,4,ABalppapp|ABplaapaa|ABplpaaaa|MSpapp,ABalppapp|ABplaapaa|ABplpaaaa|MSpapp,1
PHA_00278,MSpaaaa,101,102,14,18,5,5,ABalappap|ABaraaaap|ABaraaapa|Cpap|MSpaaaa,ABalappap|ABaraaaap|ABaraaapa|Cpap|MSpaaaa,1
PHA_00279,ABarapaa,102,103,26,31,3,3,ABaraapapa|ABarapaa|Capap,ABaraapapa|ABarapaa|Capap,1
PHA_00280,ABarpppp,102,103,4,5,4,4,ABarpappa|ABarpppp|ABplpappp|MSpppaa,ABarpappa|ABarpppp|ABplpappp|MSpppaa,1
PHA_00281,ABplaaap,102,103,5,6,4,4,ABplaaap|ABprapapa|ABprapppa|ABprpppap,ABplaaap|ABprapapa|ABprapppa|ABprpppap,1
PHA_00282,ABpraapa,102,103,24,7,4,4,ABarpappp|ABpraapa|ABprpapap|MSppppa,ABarpappp|ABpraapa|ABprpapap|MSppppa,1
PHA_00283,ABarapppa,102,103,16,19,3,3,ABarapppa|ABplaappa|ABplpaapp,ABarapppa|ABplaappa|ABplpaapp,1
PHA_00284,ABplpappp,102,103,4,5,4,4,ABarpappa|ABarpppp|ABplpappp|MSpppaa,ABarpappa|ABarpppp|ABplpappp|MSpppaa,1
PHA_00285,ABarpappa,102,103,4,5,4,4,ABarpappa|ABarpppp|ABplpappp|MSpppaa,ABarpappa|ABarpppp|ABplpappp|MSpppaa,1
PHA_00286,ABarpappp,102,103,24,7,4,4,ABarpappp|ABpraapa|ABprpapap|MSppppa,ABarpappp|ABpraapa|ABprpapap|MSppppa,1
PHA_00287,ABplaappa,102,103,16,19,3,3,ABarapppa|ABplaappa|ABplpaapp,ABarapppa|ABplaappa|ABplpaapp,1
PHA_00288,ABplpaapp,102,103,16,19,3,3,ABarapppa|ABplaappa|ABplpaapp,ABarapppa|ABplaappa|ABplpaapp,1
PHA_00289,ABprapapa,102,103,5,6,4,4,ABplaaap|ABprapapa|ABprapppa|ABprpppap,ABplaaap|ABprapapa|ABprapppa|ABprpppap,1
PHA_00290,ABprapppa,102,103,5,6,4,4,ABplaaap|ABprapapa|ABprapppa|ABprpppap,ABplaaap|ABprapapa|ABprapppa|ABprpppap,1
PHA_00291,ABprpapap,102,103,24,7,4,4,ABarpappp|ABpraapa|ABprpapap|MSppppa,ABarpappp|ABpraapa|ABprpapap|MSppppa,1
PHA_00292,ABprpppap,102,103,5,6,4,4,ABplaaap|ABprapapa|ABprapppa|ABprpppap,ABplaaap|ABprapapa|ABprapppa|ABprpppap,1
PHA_00293,MSpppaa,102,103,4,5,4,4,ABarpappa|ABarpppp|ABplpappp|MSpppaa,ABarpappa|ABarpppp|ABplpappp|MSpppaa,1
PHA_00294,MSppppa,102,103,24,7,4,4,ABarpappp|ABpraapa|ABprpapap|MSppppa,ABarpappp|ABpraapa|ABprpapap|MSppppa,1
PHA_00295,Capap,102,103,26,31,3,3,ABaraapapa|ABarapaa|Capap,ABaraapapa|ABarapaa|Capap,1
PHA_00296,ABaraapapa,102,103,26,31,3,3,ABaraapapa|ABarapaa|Capap,ABaraapapa|ABarapaa|Capap,1
PHA_00297,ABalappap,103,104,23,25,4,4,ABalappap|ABaraaaap|ABaraaapa|MSpaaaa,ABalappap|ABaraaaap|ABaraaapa|MSpaaaa,1
PHA_00298,ABaraaaap,103,104,23,25,4,4,ABalappap|ABaraaaap|ABaraaapa|MSpaaaa,ABalappap|ABaraaaap|ABaraaapa|MSpaaaa,1
PHA_00299,ABaraaapa,103,104,23,25,4,4,ABalappap|ABaraaaap|ABaraaapa|MSpaaaa,ABalappap|ABaraaaap|ABaraaapa|MSpaaaa,1
PHA_00300,MSpaaaa,103,104,23,25,4,4,ABalappap|ABaraaaap|ABaraaapa|MSpaaaa,ABalappap|ABaraaaap|ABaraaapa|MSpaaaa,1
PHA_00301,ABarpaaa,104,105,3,2,4,4,ABaraaappp|ABarpaaa|ABarppppp|Dap,ABaraaappp|ABarpaaa|ABarppppp|Dap,1
PHA_00302,ABplaaap,104,105,6,7,5,5,ABplaaap|ABplapaa|ABprapapa|ABprappap|ABprapppa,ABplaaap|ABplapaa|ABprapapa|ABprappap|ABprapppa,1
PHA_00303,ABplapaa,104,105,6,7,5,5,ABplaaap|ABplapaa|ABprapapa|ABprappap|ABprapppa,ABplaaap|ABplapaa|ABprapapa|ABprappap|ABprapppa,1
PHA_00304,ABprapaa,104,105,8,11,4,4,ABpraapppa|ABprapaa|ABprpaaap|ABprpaappp,ABpraapppa|ABprapaa|ABprpaaap|ABprpaappp,1
PHA_00305,Dap,104,105,3,2,4,4,ABaraaappp|ABarpaaa|ABarppppp|Dap,ABaraaappp|ABarpaaa|ABarppppp|Dap,1
PHA_00306,ABarppppp,104,105,3,2,4,4,ABaraaappp|ABarpaaa|ABarppppp|Dap,ABaraaappp|ABarpaaa|ABarppppp|Dap,1
PHA_00307,ABprapapa,104,105,6,7,5,5,ABplaaap|ABplapaa|ABprapapa|ABprappap|ABprapppa,ABplaaap|ABplapaa|ABprapapa|ABprappap|ABprapppa,1
PHA_00308,ABprappap,104,105,6,7,5,5,ABplaaap|ABplapaa|ABprapapa|ABprappap|ABprapppa,ABplaaap|ABplapaa|ABprapapa|ABprappap|ABprapppa,1
PHA_00309,ABprapppa,104,105,6,7,5,5,ABplaaap|ABplapaa|ABprapapa|ABprappap|ABprapppa,ABplaaap|ABplapaa|ABprapapa|ABprappap|ABprapppa,1
PHA_00310,ABprpaaap,104,105,8,11,4,4,ABpraapppa|ABprapaa|ABprpaaap|ABprpaappp,ABpraapppa|ABprapaa|ABprpaaap|ABprpaappp,1
PHA_00311,ABaraaappp,104,105,3,2,4,4,ABaraaappp|ABarpaaa|ABarppppp|Dap,ABaraaappp|ABarpaaa|ABarppppp|Dap,1
PHA_00312,ABpraapppa,104,105,8,11,4,4,ABpraapppa|ABprapaa|ABprpaaap|ABprpaappp,ABpraapppa|ABprapaa|ABprpaaap|ABprpaappp,1
PHA_00313,ABprpaappp,104,105,8,11,4,4,ABpraapppa|ABprapaa|ABprpaaap|ABprpaappp,ABpraapppa|ABprapaa|ABprpaaap|ABprpaappp,1
PHA_00314,ABarpapa,105,106,4,5,4,4,ABalappppa|ABarpapa|ABpraaaa|Dpap,ABalappppa|ABarpapa|ABpraaaa|Dpap,1
PHA_00315,ABpraaaa,105,106,4,5,4,4,ABalappppa|ABarpapa|ABpraaaa|Dpap,ABalappppa|ABarpapa|ABpraaaa|Dpap,1
PHA_00316,MSpppp,105,106,21,22,3,3,ABalapapa|MSaaapa|MSpppp,ABalapapa|MSaaapa|MSpppp,1
PHA_00317,ABalapapa,105,106,21,22,3,3,ABalapapa|MSaaapa|MSpppp,ABalapapa|MSaaapa|MSpppp,1
PHA_00318,MSaaapa,105,106,21,22,3,3,ABalapapa|MSaaapa|MSpppp,ABalapapa|MSaaapa|MSpppp,1
PHA_00319,Dpap,105,106,4,5,4,4,ABalappppa|ABarpapa|ABpraaaa|Dpap,ABalappppa|ABarpapa|ABpraaaa|Dpap,1
PHA_00320,ABalappppa,105,106,4,5,4,4,ABalappppa|ABarpapa|ABpraaaa|Dpap,ABalappppa|ABarpapa|ABpraaaa|Dpap,1
PHA_00321,ABarpaaa,106,107,4,54,3,3,ABalaapppp|ABarpaaa|ABpraaapaa,ABalaapppp|ABarpaaa|ABpraaapaa,1
PHA_00322,ABplaaap,106,107,10,44,3,3,ABplaaap|ABprappap|ABprapppa,ABplaaap|ABprappap|ABprapppa,1
PHA_00323,Epra,106,107,42,24,5,5,ABaraapppp|ABarapappa|ABarpppapp|Epra|MSpaapp,ABaraapppp|ABarapappa|ABarpppapp|Epra|MSpaapp,1
PHA_00324,ABaraapppp,106,107,42,24,5,5,ABaraapppp|ABarapappa|ABarpppapp|Epra|MSpaapp,ABaraapppp|ABarapappa|ABarpppapp|Epra|MSpaapp,1
PHA_00325,ABarapappa,106,107,42,24,5,5,ABaraapppp|ABarapappa|ABarpppapp|Epra|MSpaapp,ABaraapppp|ABarapappa|ABarpppapp|Epra|MSpaapp,1
PHA_00326,ABprappap,106,107,10,44,3,3,ABplaaap|ABprappap|ABprapppa,ABplaaap|ABprappap|ABprapppa,1
PHA_00327,ABprapppa,106,107,10,44,3,3,ABplaaap|ABprappap|ABprapppa,ABplaaap|ABprappap|ABprapppa,1
PHA_00328,MSpaapp,106,107,42,24,5,5,ABaraapppp|ABarapappa|ABarpppapp|Epra|MSpaapp,ABaraapppp|ABarapappa|ABarpppapp|Epra|MSpaapp,1
PHA_00329,ABalaapppp,106,107,4,54,3,3,ABalaapppp|ABarpaaa|ABpraaapaa,ABalaapppp|ABarpaaa|ABpraaapaa,1
PHA_00330,ABarpppapp,106,107,42,24,5,5,ABaraapppp|ABarapappa|ABarpppapp|Epra|MSpaapp,ABaraapppp|ABarapappa|ABarpppapp|Epra|MSpaapp,1
PHA_00331,ABpraaapaa,106,107,4,54,3,3,ABalaapppp|ABarpaaa|ABpraaapaa,ABalaapppp|ABarpaaa|ABpraaapaa,1
PHA_00332,Dp,107,108,28,27,3,3,ABalaaaal|ABalpapap|Dp,ABalaaaal|ABalpapap|Dp,1
PHA_00333,ABalpapap,107,108,28,27,3,3,ABalaaaal|ABalpapap|Dp,ABalaaaal|ABalpapap|Dp,1
PHA_00334,ABalpappp,107,108,29,30,3,3,ABalpappp|ABarpaaap|ABplpppppa,ABalpappp|ABarpaaap|ABplpppppa,1
PHA_00335,ABprpaapp,107,108,33,38,3,3,ABplaappaa|ABplpaapap|ABprpaapp,ABplaappaa|ABplpaapap|ABprpaapp,1
PHA_00336,ABalaaaal,107,108,28,27,3,3,ABalaaaal|ABalpapap|Dp,ABalaaaal|ABalpapap|Dp,1
PHA_00337,ABarpaaap,107,108,29,30,3,3,ABalpappp|ABarpaaap|ABplpppppa,ABalpappp|ABarpaaap|ABplpppppa,1
PHA_00338,ABarppppa,107,108,48,47,4,4,ABarappaaa|ABarapppap|ABarppppa|Dppa,ABarappaaa|ABarapppap|ABarppppa|Dppa,1
PHA_00339,Daap,107,108,47,58,3,3,ABalapappp|ABplaaapaa|Daap,ABalapappp|ABplaaapaa|Daap,1
PHA_00340,Dppa,107,108,48,47,4,4,ABarappaaa|ABarapppap|ABarppppa|Dppa,ABarappaaa|ABarapppap|ABarppppa|Dppa,1
PHA_00341,ABalapappp,107,108,47,58,3,3,ABalapappp|ABplaaapaa|Daap,ABalapappp|ABplaaapaa|Daap,1
PHA_00342,ABarappaaa,107,108,48,47,4,4,ABarappaaa|ABarapppap|ABarppppa|Dppa,ABarappaaa|ABarapppap|ABarppppa|Dppa,1
PHA_00343,ABarapppap,107,108,48,47,4,4,ABarappaaa|ABarapppap|ABarppppa|Dppa,ABarappaaa|ABarapppap|ABarppppa|Dppa,1
PHA_00344,ABplaaapaa,107,108,47,58,3,3,ABalapappp|ABplaaapaa|Daap,ABalapappp|ABplaaapaa|Daap,1
PHA_00345,ABplaappaa,107,108,33,38,3,3,ABplaappaa|ABplpaapap|ABprpaapp,ABplaappaa|ABplpaapap|ABprpaapp,1
PHA_00346,ABplpaapap,107,108,33,38,3,3,ABplaappaa|ABplpaapap|ABprpaapp,ABplaappaa|ABplpaapap|ABprpaapp,1
PHA_00347,ABplpppppa,107,108,29,30,3,3,ABalpappp|ABarpaaap|ABplpppppa,ABalpappp|ABarpaaap|ABplpppppa,1
PHA_00348,ABaraapa,108,109,4,46,3,3,ABalpaappa|ABaraapa|ABarppapp,ABalpaappa|ABaraapa|ABarppapp,1
PHA_00349,ABprpaapa,108,109,37,38,4,4,ABplaapppa|ABplpaappp|ABprpaapa|ABprpapaa,ABplaapppa|ABplpaappp|ABprpaapa|ABprpapaa,1
PHA_00350,ABprpapaa,108,109,37,38,4,4,ABplaapppa|ABplpaappp|ABprpaapa|ABprpapaa,ABplaapppa|ABplpaappp|ABprpaapa|ABprpapaa,1
PHA_00351,ABarppapp,108,109,4,46,3,3,ABalpaappa|ABaraapa|ABarppapp,ABalpaappa|ABaraapa|ABarppapp,1
PHA_00352,ABplaapppa,108,109,37,38,4,4,ABplaapppa|ABplpaappp|ABprpaapa|ABprpapaa,ABplaapppa|ABplpaappp|ABprpaapa|ABprpapaa,1
PHA_00353,ABplpaappp,108,109,37,38,4,4,ABplaapppa|ABplpaappp|ABprpaapa|ABprpapaa,ABplaapppa|ABplpaappp|ABprpaapa|ABprpapaa,1
PHA_00354,ABalpaappa,108,109,4,46,3,3,ABalpaappa|ABaraapa|ABarppapp,ABalpaappa|ABaraapa|ABarppapp,1
PHA_00355,ABalappp,109,110,2,1,4,4,ABalappp|ABarapaaap|Cppaa|MSpaaapa,ABalappp|ABarapaaap|Cppaa|MSpaaapa,1
PHA_00356,ABarappp,109,110,62,7,3,3,ABarappp|MSpapaap|MSpapap,ABarappp|MSpapaap|MSpapap,1
PHA_00357,ABprpaapa,109,110,38,47,4,4,ABplaapppa|ABplpaappp|ABprpaapa|ABprpapaa,ABplaapppa|ABplpaappp|ABprpaapa|ABprpapaa,1
PHA_00358,ABprpapaa,109,110,38,47,4,4,ABplaapppa|ABplpaappp|ABprpaapa|ABprpapaa,ABplaapppa|ABplpaappp|ABprpaapa|ABprpapaa,1
PHA_00359,ABplaapppa,109,110,38,47,4,4,ABplaapppa|ABplpaappp|ABprpaapa|ABprpapaa,ABplaapppa|ABplpaappp|ABprpaapa|ABprpapaa,1
PHA_00360,ABplpaappp,109,110,38,47,4,4,ABplaapppa|ABplpaappp|ABprpaapa|ABprpapaa,ABplaapppa|ABplpaappp|ABprpaapa|ABprpapaa,1
PHA_00361,ABpraapppa,109,110,52,61,4,4,ABpraappap|ABpraapppa|ABprpaappp|ABprppapaa,ABpraappap|ABpraapppa|ABprpaappp|ABprppapaa,1
PHA_00362,ABprpaappp,109,110,52,61,4,4,ABpraappap|ABpraapppa|ABprpaappp|ABprppapaa,ABpraappap|ABpraapppa|ABprpaappp|ABprppapaa,1
PHA_00363,ABprppapaa,109,110,52,61,4,4,ABpraappap|ABpraapppa|ABprpaappp|ABprppapaa,ABpraappap|ABpraapppa|ABprpaappp|ABprppapaa,1
PHA_00364,MSpapap,109,110,62,7,3,3,ABarappp|MSpapaap|MSpapap,ABarappp|MSpapaap|MSpapap,1
PHA_00365,Cppaa,109,110,2,1,4,4,ABalappp|ABarapaaap|Cppaa|MSpaaapa,ABalappp|ABarapaaap|Cppaa|MSpaaapa,1
PHA_00366,ABarapaaap,109,110,2,1,4,4,ABalappp|ABarapaaap|Cppaa|MSpaaapa,ABalappp|ABarapaaap|Cppaa|MSpaaapa,1
PHA_00367,ABpraappap,109,110,52,61,4,4,ABpraappap|ABpraapppa|ABprpaappp|ABprppapaa,ABpraappap|ABpraapppa|ABprpaappp|ABprppapaa,1
PHA_00368,MSpaaapa,109,110,2,1,4,4,ABalappp|ABarapaaap|Cppaa|MSpaaapa,ABalappp|ABarapaaap|Cppaa|MSpaaapa,1
PHA_00369,MSpapaap,109,110,62,7,3,3,ABarappp|MSpapaap|MSpapap,ABarappp|MSpapaap|MSpapap,1
PHA_00370,ABarppaa,110,111,12,7,4,4,ABarppaa|ABplpppap|ABpraaap|ABprapaaap,ABarppaa|ABplpppap|ABpraaap|ABprapaaap,1
PHA_00371,ABpraaap,110,111,12,7,4,4,ABarppaa|ABplpppap|ABpraaap|ABprapaaap,ABarppaa|ABplpppap|ABpraaap|ABprapaaap,1
PHA_00372,MSaaap,110,111,20,18,3,3,ABpraappp|MSaaap|MSapaa,ABpraappp|MSaaap|MSapaa,1
PHA_00373,MSapaa,110,111,20,18,3,3,ABpraappp|MSaaap|MSapaa,ABpraappp|MSaaap|MSapaa,1
PHA_00374,MSappa,110,111,63,21,3,3,ABarpappp|MSappa|MSappap,ABarpappp|MSappa|MSappap,1
PHA_00375,ABalaaaar,110,111,33,34,3,3,ABalaaaar|ABalaaapa|ABalpaaaa,ABalaaaar|ABalaaapa|ABalpaaaa,1
PHA_00376,ABalaaapa,110,111,33,34,3,3,ABalaaaar|ABalaaapa|ABalpaaaa,ABalaaaar|ABalaaapa|ABalpaaaa,1
PHA_00377,ABalaappa,110,111,53,36,3,3,ABalaappa|ABalpppapa|ABaraaapa,ABalaappa|ABalpppapa|ABaraaapa,1
PHA_00378,ABalpaaaa,110,111,33,34,3,3,ABalaaaar|ABalaaapa|ABalpaaaa,ABalaaaar|ABalaaapa|ABalpaaaa,1
PHA_00379,ABaraaapa,110,111,53,36,3,3,ABalaappa|ABalpppapa|ABaraaapa,ABalaappa|ABalpppapa|ABaraaapa,1
PHA_00380,ABarpappp,110,111,63,21,3,3,ABarpappp|MSappa|MSappap,ABarpappp|MSappa|MSappap,1
PHA_00381,ABplpppap,110,111,12,7,4,4,ABarppaa|ABplpppap|ABpraaap|ABprapaaap,ABarppaa|ABplpppap|ABpraaap|ABprapaaap,1
PHA_00382,ABpraappp,110,111,20,18,3,3,ABpraappp|MSaaap|MSapaa,ABpraappp|MSaaap|MSapaa,1
PHA_00383,ABprapaap,110,111,46,43,3,3,ABplaaapaa|ABplppppap|ABprapaap,ABplaaapaa|ABplppppap|ABprapaap,1
PHA_00384,ABalpppapa,110,111,53,36,3,3,ABalaappa|ABalpppapa|ABaraaapa,ABalaappa|ABalpppapa|ABaraaapa,1
PHA_00385,ABplppppap,110,111,46,43,3,3,ABplaaapaa|ABplppppap|ABprapaap,ABplaaapaa|ABplppppap|ABprapaap,1
PHA_00386,ABprapaaap,110,111,12,7,4,4,ABarppaa|ABplpppap|ABpraaap|ABprapaaap,ABarppaa|ABplpppap|ABpraaap|ABprapaaap,1
PHA_00387,MSappap,110,111,63,21,3,3,ABarpappp|MSappa|MSappap,ABarpappp|MSappa|MSappap,1
PHA_00388,ABplaaapaa,110,111,46,43,3,3,ABplaaapaa|ABplppppap|ABprapaap,ABplaaapaa|ABplppppap|ABprapaap,1
PHA_00389,ABarppaa,111,112,7,8,4,4,ABarppaa|ABplpppap|ABpraaap|ABprapaaap,ABarppaa|ABplpppap|ABpraaap|ABprapaaap,1
PHA_00390,ABplpppp,111,112,11,15,4,4,ABalapppp|ABplpppp|MSappaa|MSappp,ABalapppp|ABplpppp|MSappaa|MSappp,1
PHA_00391,ABpraaap,111,112,7,8,4,4,ABarppaa|ABplpppap|ABpraaap|ABprapaaap,ABarppaa|ABplpppap|ABpraaap|ABprapaaap,1
PHA_00392,ABprapaa,111,112,13,17,4,4,ABpraappaa|ABprapaa|ABprpaaapp|ABprpaappa,ABpraappaa|ABprapaa|ABprpaaapp|ABprpaappa,1
PHA_00393,ABprpaaa,111,112,16,20,3,3,ABarappaap|ABplppppa|ABprpaaa,ABarappaap|ABplppppa|ABprpaaa,1
PHA_00394,MSaapa,111,112,46,53,3,3,ABplaapppp|ABprpaapp|MSaapa,ABplaapppp|ABprpaapp|MSaapa,1
PHA_00395,MSapap,111,112,20,25,4,4,ABpraapap|ABpraappa|MSapap|MSapppp,ABpraapap|ABpraappa|MSapap|MSapppp,1
PHA_00396,MSappa,111,112,21,26,3,3,ABarpappp|MSappa|MSappap,ABarpappp|MSappa|MSappap,1
PHA_00397,MSappp,111,112,11,15,4,4,ABalapppp|ABplpppp|MSappaa|MSappp,ABalapppp|ABplpppp|MSappaa|MSappp,1
PHA_00398,ABalaaaar,111,112,34,36,3,3,ABalaaaar|ABalaaapa|ABalpaaaa,ABalaaaar|ABalaaapa|ABalpaaaa,1
PHA_00399,ABalaaapa,111,112,34,36,3,3,ABalaaaar|ABalaaapa|ABalpaaaa,ABalaaaar|ABalaaapa|ABalpaaaa,1
PHA_00400,ABalapppp,111,112,11,15,4,4,ABalapppp|ABplpppp|MSappaa|MSappp,ABalapppp|ABplpppp|MSappaa|MSappp,1
PHA_00401,ABalpaaaa,111,112,34,36,3,3,ABalaaaar|ABalaaapa|ABalpaaaa,ABalaaaar|ABalaaapa|ABalpaaaa,1
PHA_00402,ABarpappp,111,112,21,26,3,3,ABarpappp|MSappa|MSappap,ABarpappp|MSappa|MSappap,1
PHA_00403,ABplpppap,111,112,7,8,4,4,ABarppaa|ABplpppap|ABpraaap|ABprapaaap,ABarppaa|ABplpppap|ABpraaap|ABprapaaap,1
PHA_00404,ABplppppa,111,112,16,20,3,3,ABarappaap|ABplppppa|ABprpaaa,ABarappaap|ABplppppa|ABprpaaa,1
PHA_00405,ABpraapap,111,112,20,25,4,4,ABpraapap|ABpraappa|MSapap|MSapppp,ABpraapap|ABpraappa|MSapap|MSapppp,1
PHA_00406,ABpraappa,111,112,20,25,4,4,ABpraapap|ABpraappa|MSapap|MSapppp,ABpraapap|ABpraappa|MSapap|MSapppp,1
PHA_00407,ABprpaapp,111,112,46,53,3,3,ABplaapppp|ABprpaapp|MSaapa,ABplaapppp|ABprpaapp|MSaapa,1
PHA_00408,ABarpaappa,111,112,49,59,3,3,ABarpaappa|Ealpa|MSaapapa,ABarpaappa|Ealpa|MSaapapa,1
PHA_00409,ABplaapppp,111,112,46,53,3,3,ABplaapppp|ABprpaapp|MSaapa,ABplaapppp|ABprpaapp|MSaapa,1
PHA_00410,ABpraappaa,111,112,13,17,4,4,ABpraappaa|ABprapaa|ABprpaaapp|ABprpaappa,ABpraappaa|ABprapaa|ABprpaaapp|ABprpaappa,1
PHA_00411,ABprapaaap,111,112,7,8,4,4,ABarppaa|ABplpppap|ABpraaap|ABprapaaap,ABarppaa|ABplpppap|ABpraaap|ABprapaaap,1
PHA_00412,ABprpaaapp,111,112,13,17,4,4,ABpraappaa|ABprapaa|ABprpaaapp|ABprpaappa,ABpraappaa|ABprapaa|ABprpaaapp|ABprpaappa,1
PHA_00413,ABprpaappa,111,112,13,17,4,4,ABpraappaa|ABprapaa|ABprpaaapp|ABprpaappa,ABpraappaa|ABprapaa|ABprpaaapp|ABprpaappa,1
PHA_00414,MSappaa,111,112,11,15,4,4,ABalapppp|ABplpppp|MSappaa|MSappp,ABalapppp|ABplpppp|MSappaa|MSappp,1
PHA_00415,MSappap,111,112,21,26,3,3,ABarpappp|MSappa|MSappap,ABarpappp|MSappa|MSappap,1
PHA_00416,MSapppp,111,112,20,25,4,4,ABpraapap|ABpraappa|MSapap|MSapppp,ABpraapap|ABpraappa|MSapap|MSapppp,1
PHA_00417,Caaapp,111,112,61,68,3,3,ABalaaaala|ABalapaaaa|Caaapp,ABalaaaala|ABalapaaaa|Caaapp,1
PHA_00418,ABalaaaala,111,112,61,68,3,3,ABalaaaala|ABalapaaaa|Caaapp,ABalaaaala|ABalapaaaa|Caaapp,1
PHA_00419,ABalapaaaa,111,112,61,68,3,3,ABalaaaala|ABalapaaaa|Caaapp,ABalaaaala|ABalapaaaa|Caaapp,1
PHA_00420,ABarappaap,111,112,16,20,3,3,ABarappaap|ABplppppa|ABprpaaa,ABarappaap|ABplppppa|ABprpaaa,1
PHA_00421,MSaapapa,111,112,49,59,3,3,ABarpaappa|Ealpa|MSaapapa,ABarpaappa|Ealpa|MSaapapa,1
PHA_00422,Ealpa,111,112,49,59,3,3,ABarpaappa|Ealpa|MSaapapa,ABarpaappa|Ealpa|MSaapapa,1
PHA_00423,ABalpppa,112,113,2,5,3,3,ABalpppa|ABarpaaaap|Capap,ABalpppa|ABarpaaaap|Capap,1
PHA_00424,ABarppaa,112,113,8,9,4,4,ABarppaa|ABplpppap|ABpraaap|ABprapaaap,ABarppaa|ABplpppap|ABpraaap|ABprapaaap,1
PHA_00425,ABpraaap,112,113,8,9,4,4,ABarppaa|ABplpppap|ABpraaap|ABprapaaap,ABarppaa|ABplpppap|ABpraaap|ABprapaaap,1
PHA_00426,ABprapaa,112,113,17,15,4,4,ABpraappaa|ABprapaa|ABprpaaapp|ABprpaappa,ABpraappaa|ABprapaa|ABprpaaapp|ABprpaappa,1
PHA_00427,MSaapp,112,113,23,18,7,7,ABalppappp|ABalpppppp|ABarapapa|ABplaapapp|ABplppapap|ABpraaapp|MSaapp,ABalppappp|ABalpppppp|ABarapapa|ABplaapapp|ABplppapap|ABpraaapp|MSaapp,1
PHA_00428,Eara,112,113,69,74,3,3,ABprpapppa|Eara|Earaa,ABprpapppa|Eara|Earaa,1
PHA_00429,ABarapapa,112,113,23,18,7,7,ABalppappp|ABalpppppp|ABarapapa|ABplaapapp|ABplppapap|ABpraaapp|MSaapp,ABalppappp|ABalpppppp|ABarapapa|ABplaapapp|ABplppapap|ABpraaapp|MSaapp,1
PHA_00430,ABplpppap,112,113,8,9,4,4,ABarppaa|ABplpppap|ABpraaap|ABprapaaap,ABarppaa|ABplpppap|ABpraaap|ABprapaaap,1
PHA_00431,ABpraaapp,112,113,23,18,7,7,ABalppappp|ABalpppppp|ABarapapa|ABplaapapp|ABplppapap|ABpraaapp|MSaapp,ABalppappp|ABalpppppp|ABarapapa|ABplaapapp|ABplppapap|ABpraaapp|MSaapp,1
PHA_00432,ABprpaapa,112,113,52,57,4,4,ABplaapppa|ABplpaappp|ABprpaapa|ABprpapaa,ABplaapppa|ABplpaappp|ABprpaapa|ABprpapaa,1
PHA_00433,ABprpapaa,112,113,52,57,4,4,ABplaapppa|ABplpaappp|ABprpaapa|ABprpapaa,ABplaapppa|ABplpaappp|ABprpaapa|ABprpapaa,1
PHA_00434,Caapa,112,113,54,59,3,3,ABalappapp|ABaraaaaap|Caapa,ABalappapp|ABaraaaaap|Caapa,1
PHA_00435,ABalppappp,112,113,23,18,7,7,ABalppappp|ABalpppppp|ABarapapa|ABplaapapp|ABplppapap|ABpraaapp|MSaapp,ABalppappp|ABalpppppp|ABarapapa|ABplaapapp|ABplppapap|ABpraaapp|MSaapp,1
PHA_00436,ABalpppppp,112,113,23,18,7,7,ABalppappp|ABalpppppp|ABarapapa|ABplaapapp|ABplppapap|ABpraaapp|MSaapp,ABalppappp|ABalpppppp|ABarapapa|ABplaapapp|ABplppapap|ABpraaapp|MSaapp,1
PHA_00437,ABplaapapp,112,113,23,18,7,7,ABalppappp|ABalpppppp|ABarapapa|ABplaapapp|ABplppapap|ABpraaapp|MSaapp,ABalppappp|ABalpppppp|ABarapapa|ABplaapapp|ABplppapap|ABpraaapp|MSaapp,1
PHA_00438,ABplaapppa,112,113,52,57,4,4,ABplaapppa|ABplpaappp|ABprpaapa|ABprpapaa,ABplaapppa|ABplpaappp|ABprpaapa|ABprpapaa,1
PHA_00439,ABplpaappp,112,113,52,57,4,4,ABplaapppa|ABplpaappp|ABprpaapa|ABprpapaa,ABplaapppa|ABplpaappp|ABprpaapa|ABprpapaa,1
PHA_00440,ABpraappaa,112,113,17,15,4,4,ABpraappaa|ABprapaa|ABprpaaapp|ABprpaappa,ABpraappaa|ABprapaa|ABprpaaapp|ABprpaappa,1
PHA_00441,ABprapaaap,112,113,8,9,4,4,ABarppaa|ABplpppap|ABpraaap|ABprapaaap,ABarppaa|ABplpppap|ABpraaap|ABprapaaap,1
PHA_00442,ABprpaaapp,112,113,17,15,4,4,ABpraappaa|ABprapaa|ABprpaaapp|ABprpaappa,ABpraappaa|ABprapaa|ABprpaaapp|ABprpaappa,1
PHA_00443,ABprpaappa,112,113,17,15,4,4,ABpraappaa|ABprapaa|ABprpaaapp|ABprpaappa,ABpraappaa|ABprapaa|ABprpaaapp|ABprpaappa,1
PHA_00444,ABprpapppa,112,113,69,74,3,3,ABprpapppa|Eara|Earaa,ABprpapppa|Eara|Earaa,1
PHA_00445,Capap,112,113,2,5,3,3,ABalpppa|ABarpaaaap|Capap,ABalpppa|ABarpaaaap|Capap,1
PHA_00446,ABalappapp,112,113,54,59,3,3,ABalappapp|ABaraaaaap|Caapa,ABalappapp|ABaraaaaap|Caapa,1
PHA_00447,ABaraaaaap,112,113,54,59,3,3,ABalappapp|ABaraaaaap|Caapa,ABalappapp|ABaraaaaap|Caapa,1
PHA_00448,ABarpaaaap,112,113,2,5,3,3,ABalpppa|ABarpaaaap|Capap,ABalpppa|ABarpaaaap|Capap,1
PHA_00449,ABplppapap,112,113,23,18,7,7,ABalppappp|ABalpppppp|ABarapapa|ABplaapapp|ABplppapap|ABpraaapp|MSaapp,ABalppappp|ABalpppppp|ABarapapa|ABplaapapp|ABplppapap|ABpraaapp|MSaapp,1
PHA_00450,Earaa,112,113,69,74,3,3,ABprpapppa|Eara|Earaa,ABprpapppa|Eara|Earaa,1
PHA_00451,ABalappa,113,114,1,2,5,5,ABalappa|ABaraaaapp|ABarpaaaaa|ABprpppppp|Cpppa,ABalappa|ABaraaaapp|ABarpaaaaa|ABprpppppp|Cpppa,1
PHA_00452,ABalpapa,113,114,65,57,3,3,ABalpapa|ABplapapaa|ABplappapp,ABalpapa|ABplapapaa|ABplappapp,1
PHA_00453,ABaraapp,113,114,55,5,6,6,ABaraapp|ABarppaapp|ABplpppaap|ABprappaa|ABprppapa|ABprppppa,ABaraapp|ABarppaapp|ABplpppaap|ABprappaa|ABprppapa|ABprppppa,1
PHA_00454,ABplpapp,113,114,12,13,4,4,ABarpappp|ABplpapp|MSappa|MSappap,ABarpappp|ABplpapp|MSappa|MSappap,1
PHA_00455,MSappa,113,114,12,13,4,4,ABarpappp|ABplpapp|MSappa|MSappap,ABarpappp|ABplpapp|MSappa|MSappap,1
PHA_00456,MSpaaa,113,114,71,66,3,3,ABplppppap|Dapp|MSpaaa,ABplppppap|Dapp|MSpaaa,1
PHA_00457,Earp,113,114,26,23,6,6,ABarapappp|ABarpaapap|Earap|Earp|MSpapaap|MSpapapp,ABarapappp|ABarpaapap|Earap|Earp|MSpapaap|MSpapapp,1
PHA_00458,ABalaappa,113,114,35,53,3,3,ABalaappa|ABalpppapa|ABaraaapa,ABalaappa|ABalpppapa|ABaraaapa,1
PHA_00459,ABalapapa,113,114,37,31,3,3,ABalapapa|ABalpapap|ABaraapaaa,ABalapapa|ABalpapap|ABaraapaaa,1
PHA_00460,ABalpapap,113,114,37,31,3,3,ABalapapa|ABalpapap|ABaraapaaa,ABalapapa|ABalpapap|ABaraapaaa,1
PHA_00461,ABaraaapa,113,114,35,53,3,3,ABalaappa|ABalpppapa|ABaraaapa,ABalaappa|ABalpppapa|ABaraaapa,1
PHA_00462,ABarpapap,113,114,45,41,4,4,ABalpaappp|ABalpapapa|ABarpapap|ABarppapaa,ABalpaappp|ABalpapapa|ABarpapap|ABarppapaa,1
PHA_00463,ABarpappp,113,114,12,13,4,4,ABarpappp|ABplpapp|MSappa|MSappap,ABarpappp|ABplpapp|MSappa|MSappap,1
PHA_00464,ABprappaa,113,114,55,5,6,6,ABaraapp|ABarppaapp|ABplpppaap|ABprappaa|ABprppapa|ABprppppa,ABaraapp|ABarppaapp|ABplpppaap|ABprappaa|ABprppapa|ABprppppa,1
PHA_00465,ABprppapa,113,114,55,5,6,6,ABaraapp|ABarppaapp|ABplpppaap|ABprappaa|ABprppapa|ABprppppa,ABaraapp|ABarppaapp|ABplpppaap|ABprappaa|ABprppapa|ABprppppa,1
PHA_00466,ABprppppa,113,114,55,5,6,6,ABaraapp|ABarppaapp|ABplpppaap|ABprappaa|ABprppapa|ABprppppa,ABaraapp|ABarppaapp|ABplpppaap|ABprappaa|ABprppapa|ABprppppa,1
PHA_00467,Cpppa,113,114,1,2,5,5,ABalappa|ABaraaaapp|ABarpaaaaa|ABprpppppp|Cpppa,ABalappa|ABaraaaapp|ABarpaaaaa|ABprpppppp|Cpppa,1
PHA_00468,ABalpaappp,113,114,45,41,4,4,ABalpaappp|ABalpapapa|ABarpapap|ABarppapaa,ABalpaappp|ABalpapapa|ABarpapap|ABarppapaa,1
PHA_00469,ABalpapapa,113,114,45,41,4,4,ABalpaappp|ABalpapapa|ABarpapap|ABarppapaa,ABalpaappp|ABalpapapa|ABarpapap|ABarppapaa,1
PHA_00470,ABalpppapa,113,114,35,53,3,3,ABalaappa|ABalpppapa|ABaraaapa,ABalaappa|ABalpppapa|ABaraaapa,1
PHA_00471,ABaraapaaa,113,114,37,31,3,3,ABalapapa|ABalpapap|ABaraapaaa,ABalapapa|ABalpapap|ABaraapaaa,1
PHA_00472,ABarapappp,113,114,26,23,6,6,ABarapappp|ABarpaapap|Earap|Earp|MSpapaap|MSpapapp,ABarapappp|ABarpaapap|Earap|Earp|MSpapaap|MSpapapp,1
PHA_00473,ABarpaapap,113,114,26,23,6,6,ABarapappp|ABarpaapap|Earap|Earp|MSpapaap|MSpapapp,ABarapappp|ABarpaapap|Earap|Earp|MSpapaap|MSpapapp,1
PHA_00474,ABarppaapp,113,114,55,5,6,6,ABaraapp|ABarppaapp|ABplpppaap|ABprappaa|ABprppapa|ABprppppa,ABaraapp|ABarppaapp|ABplpppaap|ABprappaa|ABprppapa|ABprppppa,1
PHA_00475,ABplapapaa,113,114,65,57,3,3,ABalpapa|ABplapapaa|ABplappapp,ABalpapa|ABplapapaa|ABplappapp,1
PHA_00476,ABplappapp,113,114,65,57,3,3,ABalpapa|ABplapapaa|ABplappapp,ABalpapa|ABplapapaa|ABplappapp,1
PHA_00477,ABplpppaap,113,114,55,5,6,6,ABaraapp|ABarppaapp|ABplpppaap|ABprappaa|ABprppapa|ABprppppa,ABaraapp|ABarppaapp|ABplpppaap|ABprappaa|ABprppapa|ABprppppa,1
PHA_00478,ABplppppap,113,114,71,66,3,3,ABplppppap|Dapp|MSpaaa,ABplppppap|Dapp|MSpaaa,1
PHA_00479,ABpraaappp,113,114,66,59,3,3,ABpraaappp|ABpraapapp|ABprpaaapa,ABpraaappp|ABpraapapp|ABprpaaapa,1
PHA_00480,ABpraapapp,113,114,66,59,3,3,ABpraaappp|ABpraapapp|ABprpaaapa,ABpraaappp|ABpraapapp|ABprpaaapa,1
PHA_00481,ABprpaaapa,113,114,66,59,3,3,ABpraaappp|ABpraapapp|ABprpaaapa,ABpraaappp|ABpraapapp|ABprpaaapa,1
PHA_00482,ABprpppppp,113,114,1,2,5,5,ABalappa|ABaraaaapp|ABarpaaaaa|ABprpppppp|Cpppa,ABalappa|ABaraaaapp|ABarpaaaaa|ABprpppppp|Cpppa,1
PHA_00483,MSappap,113,114,12,13,4,4,ABarpappp|ABplpapp|MSappa|MSappap,ABarpappp|ABplpapp|MSappa|MSappap,1
PHA_00484,MSpapaap,113,114,26,23,6,6,ABarapappp|ABarpaapap|Earap|Earp|MSpapaap|MSpapapp,ABarapappp|ABarpaapap|Earap|Earp|MSpapaap|MSpapapp,1
PHA_00485,Dapp,113,114,71,66,3,3,ABplppppap|Dapp|MSpaaa,ABplppppap|Dapp|MSpaaa,1
PHA_00486,ABaraaaapp,113,114,1,2,5,5,ABalappa|ABaraaaapp|ABarpaaaaa|ABprpppppp|Cpppa,ABalappa|ABaraaaapp|ABarpaaaaa|ABprpppppp|Cpppa,1
PHA_00487,ABarpaaaaa,113,114,1,2,5,5,ABalappa|ABaraaaapp|ABarpaaaaa|ABprpppppp|Cpppa,ABalappa|ABaraaaapp|ABarpaaaaa|ABprpppppp|Cpppa,1
PHA_00488,ABarppapaa,113,114,45,41,4,4,ABalpaappp|ABalpapapa|ABarpapap|ABarppapaa,ABalpaappp|ABalpapapa|ABarpapap|ABarppapaa,1
PHA_00489,MSpapapp,113,114,26,23,6,6,ABarapappp|ABarpaapap|Earap|Earp|MSpapaap|MSpapapp,ABarapappp|ABarpaapap|Earap|Earp|MSpapaap|MSpapapp,1
PHA_00490,Earap,113,114,26,23,6,6,ABarapappp|ABarpaapap|Earap|Earp|MSpapaap|MSpapapp,ABarapappp|ABarpaapap|Earap|Earp|MSpapaap|MSpapapp,1
PHA_00491,ABaraapp,114,115,5,2,6,6,ABaraapp|ABarppaapp|ABplpppaap|ABprappaa|ABprppapa|ABprppppa,ABaraapp|ABarppaapp|ABplpppaap|ABprappaa|ABprppapa|ABprppppa,1
PHA_00492,ABarppap,114,115,9,5,12,12,ABarpapppp|ABarppap|ABplapap|ABplappap|ABplppapp|ABplpppaa|ABprpapaap|ABprpapapa|ABprppaaaa|ABprppaapa|Dpaa|MSppppp,ABarpapppp|ABarppap|ABplapap|ABplappap|ABplppapp|ABplpppaa|ABprpapaap|ABprpapapa|ABprppaaaa|ABprppaapa|Dpaa|MSppppp,1
PHA_00493,ABplapap,114,115,9,5,12,12,ABarpapppp|ABarppap|ABplapap|ABplappap|ABplppapp|ABplpppaa|ABprpapaap|ABprpapapa|ABprppaaaa|ABprppaapa|Dpaa|MSppppp,ABarpapppp|ABarppap|ABplapap|ABplappap|ABplppapp|ABplpppaa|ABprpapaap|ABprpapapa|ABprppaaaa|ABprppaapa|Dpaa|MSppppp,1
PHA_00494,MSpaaa,114,115,66,58,3,3,ABplppppap|Dapp|MSpaaa,ABplppppap|Dapp|MSpaaa,1
PHA_00495,Eara,114,115,63,55,4,4,ABprpapppa|Eara|Earaa|MSpappp,ABprpapppa|Eara|Earaa|MSpappp,1
PHA_00496,Caaaa,114,115,26,23,3,3,ABarappppp|ABplappaa|Caaaa,ABarappppp|ABplappaa|Caaaa,1
PHA_00497,ABarapaap,114,115,35,33,7,7,ABalppappa|ABalpppppa|ABarapaap|ABplaapapa|ABplpaaaap|ABplppappa|ABpraaapa,ABalppappa|ABalpppppa|ABarapaap|ABplaapapa|ABplpaaaap|ABplppappa|ABpraaapa,1
PHA_00498,ABarappaa,114,115,36,34,5,5,ABarappaa|ABarapppa|ABplaappaa|ABplpaaapp|ABplpaappa,ABarappaa|ABarapppa|ABplaappaa|ABplpaaapp|ABplpaappa,1
PHA_00499,ABarapppa,114,115,36,34,5,5,ABarappaa|ABarapppa|ABplaappaa|ABplpaaapp|ABplpaappa,ABarappaa|ABarapppa|ABplaappaa|ABplpaaapp|ABplpaappa,1
PHA_00500,ABarpppaa,114,115,43,51,3,3,ABarpppaa|ABplpappap|MSaappa,ABarpppaa|ABplpappap|MSaappa,1
PHA_00501,ABplappaa,114,115,26,23,3,3,ABarappppp|ABplappaa|Caaaa,ABarappppp|ABplappaa|Caaaa,1
PHA_00502,ABplappap,114,115,9,5,12,12,ABarpapppp|ABarppap|ABplapap|ABplappap|ABplppapp|ABplpppaa|ABprpapaap|ABprpapapa|ABprppaaaa|ABprppaapa|Dpaa|MSppppp,ABarpapppp|ABarppap|ABplapap|ABplappap|ABplppapp|ABplpppaa|ABprpapaap|ABprpapapa|ABprppaaaa|ABprppaapa|Dpaa|MSppppp,1
PHA_00503,ABplppapp,114,115,9,5,12,12,ABarpapppp|ABarppap|ABplapap|ABplappap|ABplppapp|ABplpppaa|ABprpapaap|ABprpapapa|ABprppaaaa|ABprppaapa|Dpaa|MSppppp,ABarpapppp|ABarppap|ABplapap|ABplappap|ABplppapp|ABplpppaa|ABprpapaap|ABprpapapa|ABprppaaaa|ABprppaapa|Dpaa|MSppppp,1
PHA_00504,ABplpppaa,114,115,9,5,12,12,ABarpapppp|ABarppap|ABplapap|ABplappap|ABplppapp|ABplpppaa|ABprpapaap|ABprpapapa|ABprppaaaa|ABprppaapa|Dpaa|MSppppp,ABarpapppp|ABarppap|ABplapap|ABplappap|ABplppapp|ABplpppaa|ABprpapaap|ABprpapapa|ABprppaaaa|ABprppaapa|Dpaa|MSppppp,1
PHA_00505,ABpraaapa,114,115,35,33,7,7,ABalppappa|ABalpppppa|ABarapaap|ABplaapapa|ABplpaaaap|ABplppappa|ABpraaapa,ABalppappa|ABalpppppa|ABarapaap|ABplaapapa|ABplpaaaap|ABplppappa|ABpraaapa,1
PHA_00506,ABprappaa,114,115,5,2,6,6,ABaraapp|ABarppaapp|ABplpppaap|ABprappaa|ABprppapa|ABprppppa,ABaraapp|ABarppaapp|ABplpppaap|ABprappaa|ABprppapa|ABprppppa,1
PHA_00507,ABprppapa,114,115,5,2,6,6,ABaraapp|ABarppaapp|ABplpppaap|ABprappaa|ABprppapa|ABprppppa,ABaraapp|ABarppaapp|ABplpppaap|ABprappaa|ABprppapa|ABprppppa,1
PHA_00508,ABprppppa,114,115,5,2,6,6,ABaraapp|ABarppaapp|ABplpppaap|ABprappaa|ABprppapa|ABprppppa,ABaraapp|ABarppaapp|ABplpppaap|ABprappaa|ABprppapa|ABprppppa,1
PHA_00509,ABalppappa,114,115,35,33,7,7,ABalppappa|ABalpppppa|ABarapaap|ABplaapapa|ABplpaaaap|ABplppappa|ABpraaapa,ABalppappa|ABalpppppa|ABarapaap|ABplaapapa|ABplpaaaap|ABplppappa|ABpraaapa,1
PHA_00510,ABalpppppa,114,115,35,33,7,7,ABalppappa|ABalpppppa|ABarapaap|ABplaapapa|ABplpaaaap|ABplppappa|ABpraaapa,ABalppappa|ABalpppppa|ABarapaap|ABplaapapa|ABplpaaaap|ABplppappa|ABpraaapa,1
PHA_00511,ABaraapppa,114,115,54,50,3,3,ABaraapppa|ABarapaapp|ABarapapaa,ABaraapppa|ABarapaapp|ABarapapaa,1
PHA_00512,ABarapaapp,114,115,54,50,3,3,ABaraapppa|ABarapaapp|ABarapapaa,ABaraapppa|ABarapaapp|ABarapapaa,1
PHA_00513,ABarapapaa,114,115,54,50,3,3,ABaraapppa|ABarapaapp|ABarapapaa,ABaraapppa|ABarapaapp|ABarapapaa,1
PHA_00514,ABarappppp,114,115,26,23,3,3,ABarappppp|ABplappaa|Caaaa,ABarappppp|ABplappaa|Caaaa,1
PHA_00515,ABarpapppp,114,115,9,5,12,12,ABarpapppp|ABarppap|ABplapap|ABplappap|ABplppapp|ABplpppaa|ABprpapaap|ABprpapapa|ABprppaaaa|ABprppaapa|Dpaa|MSppppp,ABarpapppp|ABarppap|ABplapap|ABplappap|ABplppapp|ABplpppaa|ABprpapaap|ABprpapapa|ABprppaaaa|ABprppaapa|Dpaa|MSppppp,1
PHA_00516,ABarppaapp,114,115,5,2,6,6,ABaraapp|ABarppaapp|ABplpppaap|ABprappaa|ABprppapa|ABprppppa,ABaraapp|ABarppaapp|ABplpppaap|ABprappaa|ABprppapa|ABprppppa,1
PHA_00517,ABplaapapa,114,115,35,33,7,7,ABalppappa|ABalpppppa|ABarapaap|ABplaapapa|ABplpaaaap|ABplppappa|ABpraaapa,ABalppappa|ABalpppppa|ABarapaap|ABplaapapa|ABplpaaaap|ABplppappa|ABpraaapa,1
PHA_00518,ABplaappaa,114,115,36,34,5,5,ABarappaa|ABarapppa|ABplaappaa|ABplpaaapp|ABplpaappa,ABarappaa|ABarapppa|ABplaappaa|ABplpaaapp|ABplpaappa,1
PHA_00519,ABplpaaaap,114,115,35,33,7,7,ABalppappa|ABalpppppa|ABarapaap|ABplaapapa|ABplpaaaap|ABplppappa|ABpraaapa,ABalppappa|ABalpppppa|ABarapaap|ABplaapapa|ABplpaaaap|ABplppappa|ABpraaapa,1
PHA_00520,ABplpaaapp,114,115,36,34,5,5,ABarappaa|ABarapppa|ABplaappaa|ABplpaaapp|ABplpaappa,ABarappaa|ABarapppa|ABplaappaa|ABplpaaapp|ABplpaappa,1
PHA_00521,ABplpaappa,114,115,36,34,5,5,ABarappaa|ABarapppa|ABplaappaa|ABplpaaapp|ABplpaappa,ABarappaa|ABarapppa|ABplaappaa|ABplpaaapp|ABplpaappa,1
PHA_00522,ABplpappap,114,115,43,51,3,3,ABarpppaa|ABplpappap|MSaappa,ABarpppaa|ABplpappap|MSaappa,1
PHA_00523,ABplpppaap,114,115,5,2,6,6,ABaraapp|ABarppaapp|ABplpppaap|ABprappaa|ABprppapa|ABprppppa,ABaraapp|ABarppaapp|ABplpppaap|ABprappaa|ABprppapa|ABprppppa,1
PHA_00524,ABplppppap,114,115,66,58,3,3,ABplppppap|Dapp|MSpaaa,ABplppppap|Dapp|MSpaaa,1
PHA_00525,ABpraaaapp,114,115,58,59,3,3,ABpraaaapp|ABprpaapaa|ABprppappa,ABpraaaapp|ABprpaapaa|ABprppappa,1
PHA_00526,ABprpaapaa,114,115,58,59,3,3,ABpraaaapp|ABprpaapaa|ABprppappa,ABpraaaapp|ABprpaapaa|ABprppappa,1
PHA_00527,ABprpapaap,114,115,9,5,12,12,ABarpapppp|ABarppap|ABplapap|ABplappap|ABplppapp|ABplpppaa|ABprpapaap|ABprpapapa|ABprppaaaa|ABprppaapa|Dpaa|MSppppp,ABarpapppp|ABarppap|ABplapap|ABplappap|ABplppapp|ABplpppaa|ABprpapaap|ABprpapapa|ABprppaaaa|ABprppaapa|Dpaa|MSppppp,1
PHA_00528,ABprpapapa,114,115,9,5,12,12,ABarpapppp|ABarppap|ABplapap|ABplappap|ABplppapp|ABplpppaa|ABprpapaap|ABprpapapa|ABprppaaaa|ABprppaapa|Dpaa|MSppppp,ABarpapppp|ABarppap|ABplapap|ABplappap|ABplppapp|ABplpppaa|ABprpapaap|ABprpapapa|ABprppaaaa|ABprppaapa|Dpaa|MSppppp,1
PHA_00529,ABprpapppa,114,115,63,55,4,4,ABprpapppa|Eara|Earaa|MSpappp,ABprpapppa|Eara|Earaa|MSpappp,1
PHA_00530,ABprppaapa,114,115,9,5,12,12,ABarpapppp|ABarppap|ABplapap|ABplappap|ABplppapp|ABplpppaa|ABprpapaap|ABprpapapa|ABprppaaaa|ABprppaapa|Dpaa|MSppppp,ABarpapppp|ABarppap|ABplapap|ABplappap|ABplppapp|ABplpppaa|ABprpapaap|ABprpapapa|ABprppaaaa|ABprppaapa|Dpaa|MSppppp,1
PHA_00531,MSaappa,114,115,43,51,3,3,ABarpppaa|ABplpappap|MSaappa,ABarpppaa|ABplpappap|MSaappa,1
PHA_00532,MSpappp,114,115,63,55,4,4,ABprpapppa|Eara|Earaa|MSpappp,ABprpapppa|Eara|Earaa|MSpappp,1
PHA_00533,MSppppp,114,115,9,5,12,12,ABarpapppp|ABarppap|ABplapap|ABplappap|ABplppapp|ABplpppaa|ABprpapaap|ABprpapapa|ABprppaaaa|ABprppaapa|Dpaa|MSppppp,ABarpapppp|ABarppap|ABplapap|ABplappap|ABplppapp|ABplpppaa|ABprpapaap|ABprpapapa|ABprppaaaa|ABprppaapa|Dpaa|MSppppp,1
PHA_00534,Dapp,114,115,66,58,3,3,ABplppppap|Dapp|MSpaaa,ABplppppap|Dapp|MSpaaa,1
PHA_00535,Dpaa,114,115,9,5,12,12,ABarpapppp|ABarppap|ABplapap|ABplappap|ABplppapp|ABplpppaa|ABprpapaap|ABprpapapa|ABprppaaaa|ABprppaapa|Dpaa|MSppppp,ABarpapppp|ABarppap|ABplapap|ABplappap|ABplppapp|ABplpppaa|ABprpapaap|ABprpapapa|ABprppaaaa|ABprppaapa|Dpaa|MSppppp,1
PHA_00536,ABplppappa,114,115,35,33,7,7,ABalppappa|ABalpppppa|ABarapaap|ABplaapapa|ABplpaaaap|ABplppappa|ABpraaapa,ABalppappa|ABalpppppa|ABarapaap|ABplaapapa|ABplpaaaap|ABplppappa|ABpraaapa,1
PHA_00537,ABprppaaaa,114,115,9,5,12,12,ABarpapppp|ABarppap|ABplapap|ABplappap|ABplppapp|ABplpppaa|ABprpapaap|ABprpapapa|ABprppaaaa|ABprppaapa|Dpaa|MSppppp,ABarpapppp|ABarppap|ABplapap|ABplappap|ABplppapp|ABplpppaa|ABprpapaap|ABprpapapa|ABprppaaaa|ABprppaapa|Dpaa|MSppppp,1
PHA_00538,ABprppappa,114,115,58,59,3,3,ABpraaaapp|ABprpaapaa|ABprppappa,ABpraaaapp|ABprpaapaa|ABprppappa,1
PHA_00539,Earaa,114,115,63,55,4,4,ABprpapppa|Eara|Earaa|MSpappp,ABprpapppa|Eara|Earaa|MSpappp,1
PHA_00540,ABprapap,115,116,14,61,3,3,ABpraaapap|ABpraapaap|ABprapap,ABpraaapap|ABpraapaap|ABprapap,1
PHA_00541,ABprpppp,115,116,29,19,9,9,ABalapapa|ABalpaapp|ABalpapap|ABaraaapaa|ABprpppp|Capppp|Eplpp|MSaaaaaa|MSaaaapa,ABalapapa|ABalpaapp|ABalpapap|ABaraaapaa|ABprpppp|Capppp|Eplpp|MSaaaaaa|MSaaaapa,1
PHA_00542,Eara,115,116,55,78,4,4,ABprpapppa|Eara|Earaa|MSpappp,ABprpapppa|Eara|Earaa|MSpappp,1
PHA_00543,ABalaapap,115,116,28,37,8,8,ABalaapap|ABalaappa|ABalppaapp|ABalppapaa|ABalpppaap|ABalpppapa|ABaraaapa|ABarapaaa,ABalaapap|ABalaappa|ABalppaapp|ABalppapaa|ABalpppaap|ABalpppapa|ABaraaapa|ABarapaaa,1
PHA_00544,ABalaappa,115,116,28,37,8,8,ABalaapap|ABalaappa|ABalppaapp|ABalppapaa|ABalpppaap|ABalpppapa|ABaraaapa|ABarapaaa,ABalaapap|ABalaappa|ABalppaapp|ABalppapaa|ABalpppaap|ABalpppapa|ABaraaapa|ABarapaaa,1
PHA_00545,ABalapapa,115,116,29,19,9,9,ABalapapa|ABalpaapp|ABalpapap|ABaraaapaa|ABprpppp|Capppp|Eplpp|MSaaaaaa|MSaaaapa,ABalapapa|ABalpaapp|ABalpapap|ABaraaapaa|ABprpppp|Capppp|Eplpp|MSaaaaaa|MSaaaapa,1
PHA_00546,ABalpaapp,115,116,29,19,9,9,ABalapapa|ABalpaapp|ABalpapap|ABaraaapaa|ABprpppp|Capppp|Eplpp|MSaaaaaa|MSaaaapa,ABalapapa|ABalpaapp|ABalpapap|ABaraaapaa|ABprpppp|Capppp|Eplpp|MSaaaaaa|MSaaaapa,1
PHA_00547,ABalpapap,115,116,29,19,9,9,ABalapapa|ABalpaapp|ABalpapap|ABaraaapaa|ABprpppp|Capppp|Eplpp|MSaaaaaa|MSaaaapa,ABalapapa|ABalpaapp|ABalpapap|ABaraaapaa|ABprpppp|Capppp|Eplpp|MSaaaaaa|MSaaaapa,1
PHA_00548,ABaraaapa,115,116,28,37,8,8,ABalaapap|ABalaappa|ABalppaapp|ABalppapaa|ABalpppaap|ABalpppapa|ABaraaapa|ABarapaaa,ABalaapap|ABalaappa|ABalppaapp|ABalppapaa|ABalpppaap|ABalpppapa|ABaraaapa|ABarapaaa,1
PHA_00549,ABarapaaa,115,116,28,37,8,8,ABalaapap|ABalaappa|ABalppaapp|ABalppapaa|ABalpppaap|ABalpppapa|ABaraaapa|ABarapaaa,ABalaapap|ABalaappa|ABalppaapp|ABalppapaa|ABalpppaap|ABalpppapa|ABaraaapa|ABarapaaa,1
PHA_00550,ABalppaapp,115,116,28,37,8,8,ABalaapap|ABalaappa|ABalppaapp|ABalppapaa|ABalpppaap|ABalpppapa|ABaraaapa|ABarapaaa,ABalaapap|ABalaappa|ABalppaapp|ABalppapaa|ABalpppaap|ABalpppapa|ABaraaapa|ABarapaaa,1
PHA_00551,ABalppapaa,115,116,28,37,8,8,ABalaapap|ABalaappa|ABalppaapp|ABalppapaa|ABalpppaap|ABalpppapa|ABaraaapa|ABarapaaa,ABalaapap|ABalaappa|ABalppaapp|ABalppapaa|ABalpppaap|ABalpppapa|ABaraaapa|ABarapaaa,1
PHA_00552,ABalpppaap,115,116,28,37,8,8,ABalaapap|ABalaappa|ABalppaapp|ABalppapaa|ABalpppaap|ABalpppapa|ABaraaapa|ABarapaaa,ABalaapap|ABalaappa|ABalppaapp|ABalppapaa|ABalpppaap|ABalpppapa|ABaraaapa|ABarapaaa,1
PHA_00553,ABalpppapa,115,116,28,37,8,8,ABalaapap|ABalaappa|ABalppaapp|ABalppapaa|ABalpppaap|ABalpppapa|ABaraaapa|ABarapaaa,ABalaapap|ABalaappa|ABalppaapp|ABalppapaa|ABalpppaap|ABalpppapa|ABaraaapa|ABarapaaa,1
PHA_00554,ABaraaapaa,115,116,29,19,9,9,ABalapapa|ABalpaapp|ABalpapap|ABaraaapaa|ABprpppp|Capppp|Eplpp|MSaaaaaa|MSaaaapa,ABalapapa|ABalpaapp|ABalpapap|ABaraaapaa|ABprpppp|Capppp|Eplpp|MSaaaaaa|MSaaaapa,1
PHA_00555,ABaraapppa,115,116,50,57,3,3,ABaraapppa|ABarapaapp|ABarapapaa,ABaraapppa|ABarapaapp|ABarapapaa,1
PHA_00556,ABarapaaap,115,116,61,70,3,3,ABarapaaap|Eprap|MSpaapa,ABarapaaap|Eprap|MSpaapa,1
PHA_00557,ABarapaapp,115,116,50,57,3,3,ABaraapppa|ABarapaapp|ABarapapaa,ABaraapppa|ABarapaapp|ABarapapaa,1
PHA_00558,ABarapapaa,115,116,50,57,3,3,ABaraapppa|ABarapaapp|ABarapapaa,ABaraapppa|ABarapaapp|ABarapapaa,1
PHA_00559,ABpraaapap,115,116,14,61,3,3,ABpraaapap|ABpraapaap|ABprapap,ABpraaapap|ABpraapaap|ABprapap,1
PHA_00560,ABpraapaap,115,116,14,61,3,3,ABpraaapap|ABpraapaap|ABprapap,ABpraaapap|ABpraapaap|ABprapap,1
PHA_00561,ABprpapppa,115,116,55,78,4,4,ABprpapppa|Eara|Earaa|MSpappp,ABprpapppa|Eara|Earaa|MSpappp,1
PHA_00562,MSaaaaaa,115,116,29,19,9,9,ABalapapa|ABalpaapp|ABalpapap|ABaraaapaa|ABprpppp|Capppp|Eplpp|MSaaaaaa|MSaaaapa,ABalapapa|ABalpaapp|ABalpapap|ABaraaapaa|ABprpppp|Capppp|Eplpp|MSaaaaaa|MSaaaapa,1
PHA_00563,MSaaaapa,115,116,29,19,9,9,ABalapapa|ABalpaapp|ABalpapap|ABaraaapaa|ABprpppp|Capppp|Eplpp|MSaaaaaa|MSaaaapa,ABalapapa|ABalpaapp|ABalpapap|ABaraaapaa|ABprpppp|Capppp|Eplpp|MSaaaaaa|MSaaaapa,1
PHA_00564,MSpaapa,115,116,61,70,3,3,ABarapaaap|Eprap|MSpaapa,ABarapaaap|Eprap|MSpaapa,1
PHA_00565,MSpappp,115,116,55,78,4,4,ABprpapppa|Eara|Earaa|MSpappp,ABprpapppa|Eara|Earaa|MSpappp,1
PHA_00566,Earaa,115,116,55,78,4,4,ABprpapppa|Eara|Earaa|MSpappp,ABprpapppa|Eara|Earaa|MSpappp,1
PHA_00567,Eplpp,115,116,29,19,9,9,ABalapapa|ABalpaapp|ABalpapap|ABaraaapaa|ABprpppp|Capppp|Eplpp|MSaaaaaa|MSaaaapa,ABalapapa|ABalpaapp|ABalpapap|ABaraaapaa|ABprpppp|Capppp|Eplpp|MSaaaaaa|MSaaaapa,1
PHA_00568,Eprap,115,116,61,70,3,3,ABarapaaap|Eprap|MSpaapa,ABarapaaap|Eprap|MSpaapa,1
PHA_00569,Capppp,115,116,29,19,9,9,ABalapapa|ABalpaapp|ABalpapap|ABaraaapaa|ABprpppp|Capppp|Eplpp|MSaaaaaa|MSaaaapa,ABalapapa|ABalpaapp|ABalpapap|ABaraaapaa|ABprpppp|Capppp|Eplpp|MSaaaaaa|MSaaaapa,1
PHA_00570,ABarppap,116,117,8,9,4,4,ABarppap|ABprpapaap|MSpppap|MSppppp,ABarppap|ABprpapaap|MSpppap|MSppppp,1
PHA_00571,ABplapaa,116,117,11,47,4,4,ABplapaa|ABplapppp|ABprapaapp|ABprppappp,ABplapaa|ABplapppp|ABprapaapp|ABprppappp,1
PHA_00572,ABprapaa,116,117,16,18,4,4,ABpraappap|ABprapaa|ABprpaaapp|ABprpaappa,ABpraappap|ABprapaa|ABprpaaapp|ABprpaappa,1
PHA_00573,ABprpppp,116,117,19,24,9,9,ABalapapa|ABalpaapp|ABalpapap|ABaraaapaa|ABprpppp|Capppp|Eplpp|MSaaaaaa|MSaaaapa,ABalapapa|ABalpaapp|ABalpapap|ABaraaapaa|ABprpppp|Capppp|Eplpp|MSaaaaaa|MSaaaapa,1
PHA_00574,MSppap,116,117,26,29,3,3,MSaapapp|MSaappa|MSppap,MSaapapp|MSaappa|MSppap,1
PHA_00575,Cpaaa,116,117,62,59,5,5,ABpraaappp|ABpraapapp|ABprpaaapa|ABprpaapap|Cpaaa,ABpraaappp|ABpraapapp|ABprpaaapa|ABprpaapap|Cpaaa,1
PHA_00576,ABalaaapp,116,117,36,39,3,3,ABalaaapp|ABalppaapa|ABalpppaaa,ABalaaapp|ABalppaapa|ABalpppaaa,1
PHA_00577,ABalapaap,116,117,68,62,3,3,ABalapaap|ABalpapaa|MSaaaaap,ABalapaap|ABalpapaa|MSaaaaap,1
PHA_00578,ABalapapa,116,117,19,24,9,9,ABalapapa|ABalpaapp|ABalpapap|ABaraaapaa|ABprpppp|Capppp|Eplpp|MSaaaaaa|MSaaaapa,ABalapapa|ABalpaapp|ABalpapap|ABaraaapaa|ABprpppp|Capppp|Eplpp|MSaaaaaa|MSaaaapa,1
PHA_00579,ABalpaaaa,116,117,40,41,3,3,ABalpaaaa|ABalppaaap|ABaraaaaa,ABalpaaaa|ABalppaaap|ABaraaaaa,1
PHA_00580,ABalpaapp,116,117,19,24,9,9,ABalapapa|ABalpaapp|ABalpapap|ABaraaapaa|ABprpppp|Capppp|Eplpp|MSaaaaaa|MSaaaapa,ABalapapa|ABalpaapp|ABalpapap|ABaraaapaa|ABprpppp|Capppp|Eplpp|MSaaaaaa|MSaaaapa,1
PHA_00581,ABalpapaa,116,117,68,62,3,3,ABalapaap|ABalpapaa|MSaaaaap,ABalapaap|ABalpapaa|MSaaaaap,1
PHA_00582,ABalpapap,116,117,19,24,9,9,ABalapapa|ABalpaapp|ABalpapap|ABaraaapaa|ABprpppp|Capppp|Eplpp|MSaaaaaa|MSaaaapa,ABalapapa|ABalpaapp|ABalpapap|ABaraaapaa|ABprpppp|Capppp|Eplpp|MSaaaaaa|MSaaaapa,1
PHA_00583,ABaraaaaa,116,117,40,41,3,3,ABalpaaaa|ABalppaaap|ABaraaaaa,ABalpaaaa|ABalppaaap|ABaraaaaa,1
PHA_00584,ABaraaapp,116,117,45,44,4,4,ABalpppapp|ABaraaapp|ABplpaapaa|ABpraaaaa,ABalpppapp|ABaraaapp|ABplpaapaa|ABpraaaaa,1
PHA_00585,ABplapppp,116,117,11,47,4,4,ABplapaa|ABplapppp|ABprapaapp|ABprppappp,ABplapaa|ABplapppp|ABprapaapp|ABprppappp,1
PHA_00586,ABpraaaaa,116,117,45,44,4,4,ABalpppapp|ABaraaapp|ABplpaapaa|ABpraaaaa,ABalpppapp|ABaraaapp|ABplpaapaa|ABpraaaaa,1
PHA_00587,ABprapppp,116,117,55,66,3,3,ABplappppp|ABprapppp|Caaapa,ABplappppp|ABprapppp|Caaapa,1
PHA_00588,ABalppaaap,116,117,40,41,3,3,ABalpaaaa|ABalppaaap|ABaraaaaa,ABalpaaaa|ABalppaaap|ABaraaaaa,1
PHA_00589,ABalppaapa,116,117,36,39,3,3,ABalaaapp|ABalppaapa|ABalpppaaa,ABalaaapp|ABalppaapa|ABalpppaaa,1
PHA_00590,ABalpppaaa,116,117,36,39,3,3,ABalaaapp|ABalppaapa|ABalpppaaa,ABalaaapp|ABalppaapa|ABalpppaaa,1
PHA_00591,ABalpppapp,116,117,45,44,4,4,ABalpppapp|ABaraaapp|ABplpaapaa|ABpraaaaa,ABalpppapp|ABaraaapp|ABplpaapaa|ABpraaaaa,1
PHA_00592,ABaraaapaa,116,117,19,24,9,9,ABalapapa|ABalpaapp|ABalpapap|ABaraaapaa|ABprpppp|Capppp|Eplpp|MSaaaaaa|MSaaaapa,ABalapapa|ABalpaapp|ABalpapap|ABaraaapaa|ABprpppp|Capppp|Eplpp|MSaaaaaa|MSaaaapa,1
PHA_00593,ABplappppp,116,117,55,66,3,3,ABplappppp|ABprapppp|Caaapa,ABplappppp|ABprapppp|Caaapa,1
PHA_00594,ABplpaapaa,116,117,45,44,4,4,ABalpppapp|ABaraaapp|ABplpaapaa|ABpraaaaa,ABalpppapp|ABaraaapp|ABplpaapaa|ABpraaaaa,1
PHA_00595,ABpraaappp,116,117,62,59,5,5,ABpraaappp|ABpraapapp|ABprpaaapa|ABprpaapap|Cpaaa,ABpraaappp|ABpraapapp|ABprpaaapa|ABprpaapap|Cpaaa,1
PHA_00596,ABpraapapp,116,117,62,59,5,5,ABpraaappp|ABpraapapp|ABprpaaapa|ABprpaapap|Cpaaa,ABpraaappp|ABpraapapp|ABprpaaapa|ABprpaapap|Cpaaa,1
PHA_00597,ABpraappap,116,117,16,18,4,4,ABpraappap|ABprapaa|ABprpaaapp|ABprpaappa,ABpraappap|ABprapaa|ABprpaaapp|ABprpaappa,1
PHA_00598,ABprapaapp,116,117,11,47,4,4,ABplapaa|ABplapppp|ABprapaapp|ABprppappp,ABplapaa|ABplapppp|ABprapaapp|ABprppappp,1
PHA_00599,ABprpaaapa,116,117,62,59,5,5,ABpraaappp|ABpraapapp|ABprpaaapa|ABprpaapap|Cpaaa,ABpraaappp|ABpraapapp|ABprpaaapa|ABprpaapap|Cpaaa,1
PHA_00600,ABprpaaapp,116,117,16,18,4,4,ABpraappap|ABprapaa|ABprpaaapp|ABprpaappa,ABpraappap|ABprapaa|ABprpaaapp|ABprpaappa,1
PHA_00601,ABprpaapap,116,117,62,59,5,5,ABpraaappp|ABpraapapp|ABprpaaapa|ABprpaapap|Cpaaa,ABpraaappp|ABpraapapp|ABprpaaapa|ABprpaapap|Cpaaa,1
PHA_00602,ABprpaappa,116,117,16,18,4,4,ABpraappap|ABprapaa|ABprpaaapp|ABprpaappa,ABpraappap|ABprapaa|ABprpaaapp|ABprpaappa,1
PHA_00603,ABprpapaap,116,117,8,9,4,4,ABarppap|ABprpapaap|MSpppap|MSppppp,ABarppap|ABprpapaap|MSpppap|MSppppp,1
PHA_00604,ABprppappp,116,117,11,47,4,4,ABplapaa|ABplapppp|ABprapaapp|ABprppappp,ABplapaa|ABplapppp|ABprapaapp|ABprppappp,1
PHA_00605,MSaaaaaa,116,117,19,24,9,9,ABalapapa|ABalpaapp|ABalpapap|ABaraaapaa|ABprpppp|Capppp|Eplpp|MSaaaaaa|MSaaaapa,ABalapapa|ABalpaapp|ABalpapap|ABaraaapaa|ABprpppp|Capppp|Eplpp|MSaaaaaa|MSaaaapa,1
PHA_00606,MSaaaaap,116,117,68,62,3,3,ABalapaap|ABalpapaa|MSaaaaap,ABalapaap|ABalpapaa|MSaaaaap,1
PHA_00607,MSaaaapa,116,117,19,24,9,9,ABalapapa|ABalpaapp|ABalpapap|ABaraaapaa|ABprpppp|Capppp|Eplpp|MSaaaaaa|MSaaaapa,ABalapapa|ABalpaapp|ABalpapap|ABaraaapaa|ABprpppp|Capppp|Eplpp|MSaaaaaa|MSaaaapa,1
PHA_00608,MSaapapp,116,117,26,29,3,3,MSaapapp|MSaappa|MSppap,MSaapapp|MSaappa|MSppap,1
PHA_00609,MSaappa,116,117,26,29,3,3,MSaapapp|MSaappa|MSppap,MSaapapp|MSaappa|MSppap,1
PHA_00610,MSpppap,116,117,8,9,4,4,ABarppap|ABprpapaap|MSpppap|MSppppp,ABarppap|ABprpapaap|MSpppap|MSppppp,1
PHA_00611,MSppppp,116,117,8,9,4,4,ABarppap|ABprpapaap|MSpppap|MSppppp,ABarppap|ABprpapaap|MSpppap|MSppppp,1
PHA_00612,Caaapa,116,117,55,66,3,3,ABplappppp|ABprapppp|Caaapa,ABplappppp|ABprapppp|Caaapa,1
PHA_00613,Eplpp,116,117,19,24,9,9,ABalapapa|ABalpaapp|ABalpapap|ABaraaapaa|ABprpppp|Capppp|Eplpp|MSaaaaaa|MSaaaapa,ABalapapa|ABalpaapp|ABalpapap|ABaraaapaa|ABprpppp|Capppp|Eplpp|MSaaaaaa|MSaaaapa,1
PHA_00614,Capppp,116,117,19,24,9,9,ABalapapa|ABalpaapp|ABalpapap|ABaraaapaa|ABprpppp|Capppp|Eplpp|MSaaaaaa|MSaaaapa,ABalapapa|ABalpaapp|ABalpapap|ABaraaapaa|ABprpppp|Capppp|Eplpp|MSaaaaaa|MSaaaapa,1
PHA_00615,ABalappa,117,118,1,0,4,4,ABalappa|ABaraaaapp|ABplpaaa|ABprpppppp,ABalappa|ABaraaaapp|ABplpaaa|ABprpppppp,1
PHA_00616,ABarpapp,117,118,8,7,6,6,ABarpapp|ABarppppaa|ABplapppa|ABplpppap|ABprapaapa|ABprppappa,ABarpapp|ABarppppaa|ABplapppa|ABplpppap|ABprapaapa|ABprppappa,1
PHA_00617,ABplpaaa,117,118,1,0,4,4,ABalappa|ABaraaaapp|ABplpaaa|ABprpppppp,ABalappa|ABaraaaapp|ABplpaaa|ABprpppppp,1
PHA_00618,ABpraaap,117,118,17,49,3,3,ABplapapp|ABplppppp|ABpraaap,ABplapapp|ABplppppp|ABpraaap,1
PHA_00619,Cpapa,117,118,34,33,3,3,ABalaappap|ABalaapppp|Cpapa,ABalaappap|ABalaapppp|Cpapa,1
PHA_00620,ABplapapp,117,118,17,49,3,3,ABplapapp|ABplppppp|ABpraaap,ABplapapp|ABplppppp|ABpraaap,1
PHA_00621,ABplapppa,117,118,8,7,6,6,ABarpapp|ABarppppaa|ABplapppa|ABplpppap|ABprapaapa|ABprppappa,ABarpapp|ABarppppaa|ABplapppa|ABplpppap|ABprapaapa|ABprppappa,1
PHA_00622,ABplpppap,117,118,8,7,6,6,ABarpapp|ABarppppaa|ABplapppa|ABplpppap|ABprapaapa|ABprppappa,ABarpapp|ABarppppaa|ABplapppa|ABplpppap|ABprapaapa|ABprppappa,1
PHA_00623,ABplppppp,117,118,17,49,3,3,ABplapapp|ABplppppp|ABpraaap,ABplapapp|ABplppppp|ABpraaap,1
PHA_00624,ABalaappap,117,118,34,33,3,3,ABalaappap|ABalaapppp|Cpapa,ABalaappap|ABalaapppp|Cpapa,1
PHA_00625,ABalaapppp,117,118,34,33,3,3,ABalaappap|ABalaapppp|Cpapa,ABalaappap|ABalaapppp|Cpapa,1
PHA_00626,ABarppppaa,117,118,8,7,6,6,ABarpapp|ABarppppaa|ABplapppa|ABplpppap|ABprapaapa|ABprppappa,ABarpapp|ABarppppaa|ABplapppa|ABplpppap|ABprapaapa|ABprppappa,1
PHA_00627,ABprapaapa,117,118,8,7,6,6,ABarpapp|ABarppppaa|ABplapppa|ABplpppap|ABprapaapa|ABprppappa,ABarpapp|ABarppppaa|ABplapppa|ABplpppap|ABprapaapa|ABprppappa,1
PHA_00628,ABprppappa,117,118,8,7,6,6,ABarpapp|ABarppppaa|ABplapppa|ABplpppap|ABprapaapa|ABprppappa,ABarpapp|ABarppppaa|ABplapppa|ABplpppap|ABprapaapa|ABprppappa,1
PHA_00629,ABprpppppp,117,118,1,0,4,4,ABalappa|ABaraaaapp|ABplpaaa|ABprpppppp,ABalappa|ABaraaaapp|ABplpaaa|ABprpppppp,1
PHA_00630,ABaraaaapp,117,118,1,0,4,4,ABalappa|ABaraaaapp|ABplpaaa|ABprpppppp,ABalappa|ABaraaaapp|ABplpaaa|ABprpppppp,1
PHA_00631,ABalppap,118,119,66,2,3,3,ABalppap|Cappap|MSapaaap,ABalppap|Cappap|MSapaaap,1
PHA_00632,ABalpppa,118,119,2,3,3,3,ABalpppa|ABarppppp|ABplpppppa,ABalpppa|ABarppppp|ABplpppppa,1
PHA_00633,ABprapaa,118,119,15,12,3,3,ABprapaa|ABprpaaapp|ABprpaappa,ABprapaa|ABprpaaapp|ABprpaappa,1
PHA_00634,ABprpppp,118,119,52,36,4,4,ABalapapa|ABaraaapaa|ABprpppp|MSaaaaaa,ABalapapa|ABaraaapaa|ABprpppp|MSaaaaaa,1
PHA_00635,ABalaapap,118,119,36,34,5,5,ABalaapap|ABalppaapp|ABalppapaa|ABalpppaap|ABarapaaa,ABalaapap|ABalppaapp|ABalppapaa|ABalpppaap|ABarapaaa,1
PHA_00636,ABalapapa,118,119,52,36,4,4,ABalapapa|ABaraaapaa|ABprpppp|MSaaaaaa,ABalapapa|ABaraaapaa|ABprpppp|MSaaaaaa,1
PHA_00637,ABarapaaa,118,119,36,34,5,5,ABalaapap|ABalppaapp|ABalppapaa|ABalpppaap|ABarapaaa,ABalaapap|ABalppaapp|ABalppapaa|ABalpppaap|ABarapaaa,1
PHA_00638,ABarppppp,118,119,2,3,3,3,ABalpppa|ABarppppp|ABplpppppa,ABalpppa|ABarppppp|ABplpppppa,1
PHA_00639,ABplpaapp,118,119,48,47,3,3,ABplpaapp|ABpraaappa|ABpraapapa,ABplpaapp|ABpraaappa|ABpraapapa,1
PHA_00640,ABprappaa,118,119,50,52,4,4,ABarppapaa|ABplappaap|ABplppappp|ABprappaa,ABarppapaa|ABplappaap|ABplppappp|ABprappaa,1
PHA_00641,ABprpaapp,118,119,54,60,4,4,ABplaapppp|ABplppapap|ABprpaapp|ABprppaaa,ABplaapppp|ABplppapap|ABprpaapp|ABprppaaa,1
PHA_00642,ABprppaaa,118,119,54,60,4,4,ABplaapppp|ABplppapap|ABprpaapp|ABprppaaa,ABplaapppp|ABplppapap|ABprpaapp|ABprppaaa,1
PHA_00643,ABalppaapp,118,119,36,34,5,5,ABalaapap|ABalppaapp|ABalppapaa|ABalpppaap|ABarapaaa,ABalaapap|ABalppaapp|ABalppapaa|ABalpppaap|ABarapaaa,1
PHA_00644,ABalppapaa,118,119,36,34,5,5,ABalaapap|ABalppaapp|ABalppapaa|ABalpppaap|ABarapaaa,ABalaapap|ABalppaapp|ABalppapaa|ABalpppaap|ABarapaaa,1
PHA_00645,ABalpppaap,118,119,36,34,5,5,ABalaapap|ABalppaapp|ABalppapaa|ABalpppaap|ABarapaaa,ABalaapap|ABalppaapp|ABalppapaa|ABalpppaap|ABarapaaa,1
PHA_00646,ABaraaapaa,118,119,52,36,4,4,ABalapapa|ABaraaapaa|ABprpppp|MSaaaaaa,ABalapapa|ABaraaapaa|ABprpppp|MSaaaaaa,1
PHA_00647,ABarppapaa,118,119,50,52,4,4,ABarppapaa|ABplappaap|ABplppappp|ABprappaa,ABarppapaa|ABplappaap|ABplppappp|ABprappaa,1
PHA_00648,ABplaapppp,118,119,54,60,4,4,ABplaapppp|ABplppapap|ABprpaapp|ABprppaaa,ABplaapppp|ABplppapap|ABprpaapp|ABprppaaa,1
PHA_00649,ABplappaap,118,119,50,52,4,4,ABarppapaa|ABplappaap|ABplppappp|ABprappaa,ABarppapaa|ABplappaap|ABplppappp|ABprappaa,1
PHA_00650,ABplppapap,118,119,54,60,4,4,ABplaapppp|ABplppapap|ABprpaapp|ABprppaaa,ABplaapppp|ABplppapap|ABprpaapp|ABprppaaa,1
PHA_00651,ABplppappp,118,119,50,52,4,4,ABarppapaa|ABplappaap|ABplppappp|ABprappaa,ABarppapaa|ABplappaap|ABplppappp|ABprappaa,1
PHA_00652,ABplpppppa,118,119,2,3,3,3,ABalpppa|ABarppppp|ABplpppppa,ABalpppa|ABarppppp|ABplpppppa,1
PHA_00653,ABpraaappa,118,119,48,47,3,3,ABplpaapp|ABpraaappa|ABpraapapa,ABplpaapp|ABpraaappa|ABpraapapa,1
PHA_00654,ABpraapapa,118,119,48,47,3,3,ABplpaapp|ABpraaappa|ABpraapapa,ABplpaapp|ABpraaappa|ABpraapapa,1
PHA_00655,ABprpaaapp,118,119,15,12,3,3,ABprapaa|ABprpaaapp|ABprpaappa,ABprapaa|ABprpaaapp|ABprpaappa,1
PHA_00656,ABprpaappa,118,119,15,12,3,3,ABprapaa|ABprpaaapp|ABprpaappa,ABprapaa|ABprpaaapp|ABprpaappa,1
PHA_00657,MSaaaaaa,118,119,52,36,4,4,ABalapapa|ABaraaapaa|ABprpppp|MSaaaaaa,ABalapapa|ABaraaapaa|ABprpppp|MSaaaaaa,1
PHA_00658,Caaapp,118,119,64,68,3,3,Caaapp|Caappv|Cpapaa,Caaapp|Caappv|Cpapaa,1
PHA_00659,Caappv,118,119,64,68,3,3,Caaapp|Caappv|Cpapaa,Caaapp|Caappv|Cpapaa,1
PHA_00660,Cappap,118,119,66,2,3,3,ABalppap|Cappap|MSapaaap,ABalppap|Cappap|MSapaaap,1
PHA_00661,Cpapaa,118,119,64,68,3,3,Caaapp|Caappv|Cpapaa,Caaapp|Caappv|Cpapaa,1
PHA_00662,MSapaaap,118,119,66,2,3,3,ABalppap|Cappap|MSapaaap,ABalppap|Cappap|MSapaaap,1
PHA_00663,Cpapp,119,120,32,31,9,9,ABalapppaa|ABalppaap|ABalpppaa|ABaraaaaap|ABarpaaaaa|Cpapp|Cpppp|Cppppp|MSpaaaaa,ABalapppaa|ABalppaap|ABalpppaa|ABaraaaaap|ABarpaaaaa|Cpapp|Cpppp|Cppppp|MSpaaaaa,1
PHA_00664,Cpppp,119,120,32,31,9,9,ABalapppaa|ABalppaap|ABalpppaa|ABaraaaaap|ABarpaaaaa|Cpapp|Cpppp|Cppppp|MSpaaaaa,ABalapppaa|ABalppaap|ABalpppaa|ABaraaaaap|ABarpaaaaa|Cpapp|Cpppp|Cppppp|MSpaaaaa,1
PHA_00665,ABalppaap,119,120,32,31,9,9,ABalapppaa|ABalppaap|ABalpppaa|ABaraaaaap|ABarpaaaaa|Cpapp|Cpppp|Cppppp|MSpaaaaa,ABalapppaa|ABalppaap|ABalpppaa|ABaraaaaap|ABarpaaaaa|Cpapp|Cpppp|Cppppp|MSpaaaaa,1
PHA_00666,ABalpppaa,119,120,32,31,9,9,ABalapppaa|ABalppaap|ABalpppaa|ABaraaaaap|ABarpaaaaa|Cpapp|Cpppp|Cppppp|MSpaaaaa,ABalapppaa|ABalppaap|ABalpppaa|ABaraaaaap|ABarpaaaaa|Cpapp|Cpppp|Cppppp|MSpaaaaa,1
PHA_00667,ABplpaapp,119,120,47,42,3,3,ABplpaapp|ABpraaappa|ABpraapapa,ABplpaapp|ABpraaappa|ABpraapapa,1
PHA_00668,ABpraaapa,119,120,50,51,5,5,ABalppappa|ABalpppppa|ABplaapapa|ABplpaaaap|ABpraaapa,ABalppappa|ABalpppppa|ABplaapapa|ABplpaaaap|ABpraaapa,1
PHA_00669,ABprappaa,119,120,52,49,4,4,ABarppapaa|ABplappaap|ABplppappp|ABprappaa,ABarppapaa|ABplappaap|ABplppappp|ABprappaa,1
PHA_00670,ABalapppaa,119,120,32,31,9,9,ABalapppaa|ABalppaap|ABalpppaa|ABaraaaaap|ABarpaaaaa|Cpapp|Cpppp|Cppppp|MSpaaaaa,ABalapppaa|ABalppaap|ABalpppaa|ABaraaaaap|ABarpaaaaa|Cpapp|Cpppp|Cppppp|MSpaaaaa,1
PHA_00671,ABalppappa,119,120,50,51,5,5,ABalppappa|ABalpppppa|ABplaapapa|ABplpaaaap|ABpraaapa,ABalppappa|ABalpppppa|ABplaapapa|ABplpaaaap|ABpraaapa,1
PHA_00672,ABalpppppa,119,120,50,51,5,5,ABalppappa|ABalpppppa|ABplaapapa|ABplpaaaap|ABpraaapa,ABalppappa|ABalpppppa|ABplaapapa|ABplpaaaap|ABpraaapa,1
PHA_00673,ABaraaaaap,119,120,32,31,9,9,ABalapppaa|ABalppaap|ABalpppaa|ABaraaaaap|ABarpaaaaa|Cpapp|Cpppp|Cppppp|MSpaaaaa,ABalapppaa|ABalppaap|ABalpppaa|ABaraaaaap|ABarpaaaaa|Cpapp|Cpppp|Cppppp|MSpaaaaa,1
PHA_00674,ABarpaaaaa,119,120,32,31,9,9,ABalapppaa|ABalppaap|ABalpppaa|ABaraaaaap|ABarpaaaaa|Cpapp|Cpppp|Cppppp|MSpaaaaa,ABalapppaa|ABalppaap|ABalpppaa|ABaraaaaap|ABarpaaaaa|Cpapp|Cpppp|Cppppp|MSpaaaaa,1
PHA_00675,ABarppapaa,119,120,52,49,4,4,ABarppapaa|ABplappaap|ABplppappp|ABprappaa,ABarppapaa|ABplappaap|ABplppappp|ABprappaa,1
PHA_00676,ABplaapapa,119,120,50,51,5,5,ABalppappa|ABalpppppa|ABplaapapa|ABplpaaaap|ABpraaapa,ABalppappa|ABalpppppa|ABplaapapa|ABplpaaaap|ABpraaapa,1
PHA_00677,ABplappaap,119,120,52,49,4,4,ABarppapaa|ABplappaap|ABplppappp|ABprappaa,ABarppapaa|ABplappaap|ABplppappp|ABprappaa,1
PHA_00678,ABplpaaaap,119,120,50,51,5,5,ABalppappa|ABalpppppa|ABplaapapa|ABplpaaaap|ABpraaapa,ABalppappa|ABalpppppa|ABplaapapa|ABplpaaaap|ABpraaapa,1
PHA_00679,ABplppappp,119,120,52,49,4,4,ABarppapaa|ABplappaap|ABplppappp|ABprappaa,ABarppapaa|ABplappaap|ABplppappp|ABprappaa,1
PHA_00680,ABpraaappa,119,120,47,42,3,3,ABplpaapp|ABpraaappa|ABpraapapa,ABplpaapp|ABpraaappa|ABpraapapa,1
PHA_00681,ABpraapapa,119,120,47,42,3,3,ABplpaapp|ABpraaappa|ABpraapapa,ABplpaapp|ABpraaappa|ABpraapapa,1
PHA_00682,MSpaaaaa,119,120,32,31,9,9,ABalapppaa|ABalppaap|ABalpppaa|ABaraaaaap|ABarpaaaaa|Cpapp|Cpppp|Cppppp|MSpaaaaa,ABalapppaa|ABalppaap|ABalpppaa|ABaraaaaap|ABarpaaaaa|Cpapp|Cpppp|Cppppp|MSpaaaaa,1
PHA_00683,Cpapap,119,120,70,65,3,3,ABalappaaa|Cpapap|Cpappd,ABalappaaa|Cpapap|Cpappd,1
PHA_00684,Cpappd,119,120,70,65,3,3,ABalappaaa|Cpapap|Cpappd,ABalappaaa|Cpapap|Cpappd,1
PHA_00685,ABalappaaa,119,120,70,65,3,3,ABalappaaa|Cpapap|Cpappd,ABalappaaa|Cpapap|Cpappd,1
PHA_00686,Cppppp,119,120,32,31,9,9,ABalapppaa|ABalppaap|ABalpppaa|ABaraaaaap|ABarpaaaaa|Cpapp|Cpppp|Cppppp|MSpaaaaa,ABalapppaa|ABalppaap|ABalpppaa|ABaraaaaap|ABarpaaaaa|Cpapp|Cpppp|Cppppp|MSpaaaaa,1
PHA_00687,ABpraaaa,120,121,10,14,3,3,ABarpppapp|ABpraaaa|Cappa,ABarpppapp|ABpraaaa|Cappa,1
PHA_00688,ABprapaa,120,121,12,15,4,4,ABpraappaa|ABprapaa|ABprpaaapp|ABprpaappa,ABpraappaa|ABprapaa|ABprpaaapp|ABprpaappa,1
PHA_00689,Cpaaa,120,121,28,35,3,3,ABprpaaapa|ABprpaapap|Cpaaa,ABprpaaapa|ABprpaapap|Cpaaa,1
PHA_00690,ABarpappa,120,121,39,67,3,3,ABarpappa|ABplpapaaa|MSapppa,ABarpappa|ABplpapaaa|MSapppa,1
PHA_00691,ABprppaaa,120,121,57,48,3,3,ABplaapppp|ABplppapap|ABprppaaa,ABplaapppp|ABplppapap|ABprppaaa,1
PHA_00692,MSaaapa,120,121,52,55,3,3,ABalpaaaap|ABaraapapa|MSaaapa,ABalpaaaap|ABaraapapa|MSaaapa,1
PHA_00693,MSpapaa,120,121,62,64,3,3,ABalpapppp|MSaapapa|MSpapaa,ABalpapppp|MSaapapa|MSpapaa,1
PHA_00694,Cappa,120,121,10,14,3,3,ABarpppapp|ABpraaaa|Cappa,ABarpppapp|ABpraaaa|Cappa,1
PHA_00695,ABalpaaaap,120,121,52,55,3,3,ABalpaaaap|ABaraapapa|MSaaapa,ABalpaaaap|ABaraapapa|MSaaapa,1
PHA_00696,ABalpapppp,120,121,62,64,3,3,ABalpapppp|MSaapapa|MSpapaa,ABalpapppp|MSaapapa|MSpapaa,1
PHA_00697,ABaraapapa,120,121,52,55,3,3,ABalpaaaap|ABaraapapa|MSaaapa,ABalpaaaap|ABaraapapa|MSaaapa,1
PHA_00698,ABarpppapp,120,121,10,14,3,3,ABarpppapp|ABpraaaa|Cappa,ABarpppapp|ABpraaaa|Cappa,1
PHA_00699,ABplaapppp,120,121,57,48,3,3,ABplaapppp|ABplppapap|ABprppaaa,ABplaapppp|ABplppapap|ABprppaaa,1
PHA_00700,ABplpapaaa,120,121,39,67,3,3,ABarpappa|ABplpapaaa|MSapppa,ABarpappa|ABplpapaaa|MSapppa,1
PHA_00701,ABplppapap,120,121,57,48,3,3,ABplaapppp|ABplppapap|ABprppaaa,ABplaapppp|ABplppapap|ABprppaaa,1
PHA_00702,ABpraappaa,120,121,12,15,4,4,ABpraappaa|ABprapaa|ABprpaaapp|ABprpaappa,ABpraappaa|ABprapaa|ABprpaaapp|ABprpaappa,1
PHA_00703,ABpraappap,120,121,60,62,3,3,ABpraappap|ABprpaappp|ABprppaaap,ABpraappap|ABprpaappp|ABprppaaap,1
PHA_00704,ABprpaaapa,120,121,28,35,3,3,ABprpaaapa|ABprpaapap|Cpaaa,ABprpaaapa|ABprpaapap|Cpaaa,1
PHA_00705,ABprpaaapp,120,121,12,15,4,4,ABpraappaa|ABprapaa|ABprpaaapp|ABprpaappa,ABpraappaa|ABprapaa|ABprpaaapp|ABprpaappa,1
PHA_00706,ABprpaapap,120,121,28,35,3,3,ABprpaaapa|ABprpaapap|Cpaaa,ABprpaaapa|ABprpaapap|Cpaaa,1
PHA_00707,ABprpaappa,120,121,12,15,4,4,ABpraappaa|ABprapaa|ABprpaaapp|ABprpaappa,ABpraappaa|ABprapaa|ABprpaaapp|ABprpaappa,1
PHA_00708,ABprpaappp,120,121,60,62,3,3,ABpraappap|ABprpaappp|ABprppaaap,ABpraappap|ABprpaappp|ABprppaaap,1
PHA_00709,ABprppaaap,120,121,60,62,3,3,ABpraappap|ABprpaappp|ABprppaaap,ABpraappap|ABprpaappp|ABprppaaap,1
PHA_00710,MSaapapa,120,121,62,64,3,3,ABalpapppp|MSaapapa|MSpapaa,ABalpapppp|MSaapapa|MSpapaa,1
PHA_00711,MSapppa,120,121,39,67,3,3,ABarpappa|ABplpapaaa|MSapppa,ABarpappa|ABplpapaaa|MSapppa,1
PHA_00712,ABalappp,121,122,2,1,3,3,ABalappp|ABprpapppp|Eprap,ABalappp|ABprpapppp|Eprap,1
PHA_00713,ABalpappp,121,122,4,2,5,5,ABalpappp|ABarppapaa|ABplappaap|ABplppappp|ABprappaa,ABalpappp|ABarppapaa|ABplappaap|ABplppappp|ABprappaa,1
PHA_00714,ABprapaa,121,122,15,61,4,4,ABpraappaa|ABprapaa|ABprpaaapp|ABprpaappa,ABpraappaa|ABprapaa|ABprpaaapp|ABprpaappa,1
PHA_00715,ABprapapp,121,122,17,16,7,7,ABalaapapp|ABplpaapa|ABpraaapaa|ABprapapp|ABprappa|Cpaap|MSppapaa,ABalaapapp|ABplpaapa|ABpraaapaa|ABprapapp|ABprappa|Cpaap|MSppapaa,1
PHA_00716,ABprappa,121,122,17,16,7,7,ABalaapapp|ABplpaapa|ABpraaapaa|ABprapapp|ABprappa|Cpaap|MSppapaa,ABalaapapp|ABplpaapa|ABpraaapaa|ABprapapp|ABprappa|Cpaap|MSppapaa,1
PHA_00717,Cpaap,121,122,17,16,7,7,ABalaapapp|ABplpaapa|ABpraaapaa|ABprapapp|ABprappa|Cpaap|MSppapaa,ABalaapapp|ABplpaapa|ABpraaapaa|ABprapapp|ABprappa|Cpaap|MSppapaa,1
PHA_00718,ABalaapap,121,122,39,34,3,3,ABalaapap|ABalppaapp|ABalpppaap,ABalaapap|ABalppaapp|ABalpppaap,1
PHA_00719,ABalaappa,121,122,40,35,3,3,ABalaappa|ABalppaapa|ABalpppaaa,ABalaappa|ABalppaapa|ABalpppaaa,1
PHA_00720,ABplpaapa,121,122,17,16,7,7,ABalaapapp|ABplpaapa|ABpraaapaa|ABprapapp|ABprappa|Cpaap|MSppapaa,ABalaapapp|ABplpaapa|ABpraaapaa|ABprapapp|ABprappa|Cpaap|MSppapaa,1
PHA_00721,ABprappaa,121,122,4,2,5,5,ABalpappp|ABarppapaa|ABplappaap|ABplppappp|ABprappaa,ABalpappp|ABarppapaa|ABplappaap|ABplppappp|ABprappaa,1
PHA_00722,ABprppaaa,121,122,48,55,3,3,ABplaapppp|ABplppapap|ABprppaaa,ABplaapppp|ABplppapap|ABprppaaa,1
PHA_00723,ABalaapapp,121,122,17,16,7,7,ABalaapapp|ABplpaapa|ABpraaapaa|ABprapapp|ABprappa|Cpaap|MSppapaa,ABalaapapp|ABplpaapa|ABpraaapaa|ABprapapp|ABprappa|Cpaap|MSppapaa,1
PHA_00724,ABalppaapa,121,122,40,35,3,3,ABalaappa|ABalppaapa|ABalpppaaa,ABalaappa|ABalppaapa|ABalpppaaa,1
PHA_00725,ABalppaapp,121,122,39,34,3,3,ABalaapap|ABalppaapp|ABalpppaap,ABalaapap|ABalppaapp|ABalpppaap,1
PHA_00726,ABalpppaaa,121,122,40,35,3,3,ABalaappa|ABalppaapa|ABalpppaaa,ABalaappa|ABalppaapa|ABalpppaaa,1
PHA_00727,ABalpppaap,121,122,39,34,3,3,ABalaapap|ABalppaapp|ABalpppaap,ABalaapap|ABalppaapp|ABalpppaap,1
PHA_00728,ABarppapaa,121,122,4,2,5,5,ABalpappp|ABarppapaa|ABplappaap|ABplppappp|ABprappaa,ABalpappp|ABarppapaa|ABplappaap|ABplppappp|ABprappaa,1
PHA_00729,ABplaapppp,121,122,48,55,3,3,ABplaapppp|ABplppapap|ABprppaaa,ABplaapppp|ABplppapap|ABprppaaa,1
PHA_00730,ABplappaap,121,122,4,2,5,5,ABalpappp|ABarppapaa|ABplappaap|ABplppappp|ABprappaa,ABalpappp|ABarppapaa|ABplappaap|ABplppappp|ABprappaa,1
PHA_00731,ABplppapap,121,122,48,55,3,3,ABplaapppp|ABplppapap|ABprppaaa,ABplaapppp|ABplppapap|ABprppaaa,1
PHA_00732,ABplppappp,121,122,4,2,5,5,ABalpappp|ABarppapaa|ABplappaap|ABplppappp|ABprappaa,ABalpappp|ABarppapaa|ABplappaap|ABplppappp|ABprappaa,1
PHA_00733,ABpraaapaa,121,122,17,16,7,7,ABalaapapp|ABplpaapa|ABpraaapaa|ABprapapp|ABprappa|Cpaap|MSppapaa,ABalaapapp|ABplpaapa|ABpraaapaa|ABprapapp|ABprappa|Cpaap|MSppapaa,1
PHA_00734,ABpraappaa,121,122,15,61,4,4,ABpraappaa|ABprapaa|ABprpaaapp|ABprpaappa,ABpraappaa|ABprapaa|ABprpaaapp|ABprpaappa,1
PHA_00735,ABpraappap,121,122,62,59,3,3,ABpraappap|ABprpaappp|ABprppaaap,ABpraappap|ABprpaappp|ABprppaaap,1
PHA_00736,ABprpaaapp,121,122,15,61,4,4,ABpraappaa|ABprapaa|ABprpaaapp|ABprpaappa,ABpraappaa|ABprapaa|ABprpaaapp|ABprpaappa,1
PHA_00737,ABprpaappa,121,122,15,61,4,4,ABpraappaa|ABprapaa|ABprpaaapp|ABprpaappa,ABpraappaa|ABprapaa|ABprpaaapp|ABprpaappa,1
PHA_00738,ABprpaappp,121,122,62,59,3,3,ABpraappap|ABprpaappp|ABprppaaap,ABpraappap|ABprpaappp|ABprppaaap,1
PHA_00739,ABprpapppp,121,122,2,1,3,3,ABalappp|ABprpapppp|Eprap,ABalappp|ABprpapppp|Eprap,1
PHA_00740,ABprppaaap,121,122,62,59,3,3,ABpraappap|ABprpaappp|ABprppaaap,ABpraappap|ABprpaappp|ABprppaaap,1
PHA_00741,MSppapaa,121,122,17,16,7,7,ABalaapapp|ABplpaapa|ABpraaapaa|ABprapapp|ABprappa|Cpaap|MSppapaa,ABalaapapp|ABplpaapa|ABpraaapaa|ABprapapp|ABprappa|Cpaap|MSppapaa,1
PHA_00742,Eprap,121,122,2,1,3,3,ABalappp|ABprpapppp|Eprap,ABalappp|ABprpapppp|Eprap,1
PHA_00743,ABalaaapa,122,123,65,0,5,5,ABalaaapa|ABalapaaa|ABalappaaa|Cpaapp|Cpappv,ABalaaapa|ABalapaaa|ABalappaaa|Cpaapp|Cpappv,1
PHA_00744,ABalapaaa,122,123,65,0,5,5,ABalaaapa|ABalapaaa|ABalappaaa|Cpaapp|Cpappv,ABalaaapa|ABalapaaa|ABalappaaa|Cpaapp|Cpappv,1
PHA_00745,ABaraaaap,122,123,38,48,6,6,ABalaaaalp|ABalapaapp|ABalpaappa|ABaraaaap|ABplaapaaa|MSapaaaa,ABalaaaalp|ABalapaapp|ABalpaappa|ABaraaaap|ABplaapaaa|MSapaaaa,1
PHA_00746,ABplppapp,122,123,43,51,4,4,ABarpppaap|ABplppapp|ABplppppa|Dppa,ABarpppaap|ABplppapp|ABplppppa|Dppa,1
PHA_00747,ABplppppa,122,123,43,51,4,4,ABarpppaap|ABplppapp|ABplppppa|Dppa,ABarpppaap|ABplppapp|ABplppppa|Dppa,1
PHA_00748,ABalaaaalp,122,123,38,48,6,6,ABalaaaalp|ABalapaapp|ABalpaappa|ABaraaaap|ABplaapaaa|MSapaaaa,ABalaaaalp|ABalapaapp|ABalpaappa|ABaraaaap|ABplaapaaa|MSapaaaa,1
PHA_00749,ABalapaapp,122,123,38,48,6,6,ABalaaaalp|ABalapaapp|ABalpaappa|ABaraaaap|ABplaapaaa|MSapaaaa,ABalaaaalp|ABalapaapp|ABalpaappa|ABaraaaap|ABplaapaaa|MSapaaaa,1
PHA_00750,ABalpaappa,122,123,38,48,6,6,ABalaaaalp|ABalapaapp|ABalpaappa|ABaraaaap|ABplaapaaa|MSapaaaa,ABalaaaalp|ABalapaapp|ABalpaappa|ABaraaaap|ABplaapaaa|MSapaaaa,1
PHA_00751,ABarpppaap,122,123,43,51,4,4,ABarpppaap|ABplppapp|ABplppppa|Dppa,ABarpppaap|ABplppapp|ABplppppa|Dppa,1
PHA_00752,ABplaapaaa,122,123,38,48,6,6,ABalaaaalp|ABalapaapp|ABalpaappa|ABaraaaap|ABplaapaaa|MSapaaaa,ABalaaaalp|ABalapaapp|ABalpaappa|ABaraaaap|ABplaapaaa|MSapaaaa,1
PHA_00753,ABpraappap,122,123,59,64,3,3,ABpraappap|ABprpaappp|ABprppaaap,ABpraappap|ABprpaappp|ABprppaaap,1
PHA_00754,ABprpaappp,122,123,59,64,3,3,ABpraappap|ABprpaappp|ABprppaaap,ABpraappap|ABprpaappp|ABprppaaap,1
PHA_00755,ABprppaaap,122,123,59,64,3,3,ABpraappap|ABprpaappp|ABprppaaap,ABpraappap|ABprpaappp|ABprppaaap,1
PHA_00756,MSapaaaa,122,123,38,48,6,6,ABalaaaalp|ABalapaapp|ABalpaappa|ABaraaaap|ABplaapaaa|MSapaaaa,ABalaaaalp|ABalapaapp|ABalpaappa|ABaraaaap|ABplaapaaa|MSapaaaa,1
PHA_00757,Cpaapp,122,123,65,0,5,5,ABalaaapa|ABalapaaa|ABalappaaa|Cpaapp|Cpappv,ABalaaapa|ABalapaaa|ABalappaaa|Cpaapp|Cpappv,1
PHA_00758,Cpappv,122,123,65,0,5,5,ABalaaapa|ABalapaaa|ABalappaaa|Cpaapp|Cpappv,ABalaaapa|ABalapaaa|ABalappaaa|Cpaapp|Cpappv,1
PHA_00759,Dppa,122,123,43,51,4,4,ABarpppaap|ABplppapp|ABplppppa|Dppa,ABarpppaap|ABplppapp|ABplppppa|Dppa,1
PHA_00760,ABalappaaa,122,123,65,0,5,5,ABalaaapa|ABalapaaa|ABalappaaa|Cpaapp|Cpappv,ABalaaapa|ABalapaaa|ABalappaaa|Cpaapp|Cpappv,1
PHA_00761,ABalaapap,123,124,1,2,5,5,ABalaapap|ABalpapaa|ABaraapaa|ABplapapap|ABplapappa,ABalaapap|ABalpapaa|ABaraapaa|ABplapapap|ABplapappa,1
PHA_00762,ABalpaapp,123,124,2,3,4,4,ABalpaapp|ABplapppap|ABprapppp|Capppa,ABalpaapp|ABplapppap|ABprapppp|Capppa,1
PHA_00763,ABalpapaa,123,124,1,2,5,5,ABalaapap|ABalpapaa|ABaraapaa|ABplapapap|ABplapappa,ABalaapap|ABalpapaa|ABaraapaa|ABplapapap|ABplapappa,1
PHA_00764,ABaraapaa,123,124,1,2,5,5,ABalaapap|ABalpapaa|ABaraapaa|ABplapapap|ABplapappa,ABalaapap|ABalpapaa|ABaraapaa|ABplapapap|ABplapappa,1
PHA_00765,ABarapapa,123,124,9,8,4,4,ABarapapa|Caaaaa|MSapaa|MSapaapp,ABarapapa|Caaaaa|MSapaa|MSapaapp,1
PHA_00766,ABarapppp,123,124,11,73,3,3,ABarapppp|Ealap|MSppap,ABarapppp|Ealap|MSppap,1
PHA_00767,ABarpaaa,123,124,50,10,4,4,ABarpaaa|ABplapppp|ABprappaaa|ABprappapa,ABarpaaa|ABplapppp|ABprappaaa|ABprappapa,1
PHA_00768,MSapaa,123,124,9,8,4,4,ABarapapa|Caaaaa|MSapaa|MSapaapp,ABarapapa|Caaaaa|MSapaa|MSapaapp,1
PHA_00769,MSppap,123,124,11,73,3,3,ABarapppp|Ealap|MSppap,ABarapppp|Ealap|MSppap,1
PHA_00770,ABplapppp,123,124,50,10,4,4,ABarpaaa|ABplapppp|ABprappaaa|ABprappapa,ABarpaaa|ABplapppp|ABprappaaa|ABprappapa,1
PHA_00771,ABpraapaa,123,124,61,65,3,3,ABplpaaapa|ABplpaapap|ABpraapaa,ABplpaaapa|ABplpaapap|ABpraapaa,1
PHA_00772,ABprapppp,123,124,2,3,4,4,ABalpaapp|ABplapppap|ABprapppp|Capppa,ABalpaapp|ABplapppap|ABprapppp|Capppa,1
PHA_00773,ABalaappap,123,124,56,57,3,3,ABalaappap|ABalaapppp|ABpraapaaa,ABalaappap|ABalaapppp|ABpraapaaa,1
PHA_00774,ABalaapppp,123,124,56,57,3,3,ABalaappap|ABalaapppp|ABpraapaaa,ABalaappap|ABalaapppp|ABpraapaaa,1
PHA_00775,ABplapapap,123,124,1,2,5,5,ABalaapap|ABalpapaa|ABaraapaa|ABplapapap|ABplapappa,ABalaapap|ABalpapaa|ABaraapaa|ABplapapap|ABplapappa,1
PHA_00776,ABplapappa,123,124,1,2,5,5,ABalaapap|ABalpapaa|ABaraapaa|ABplapapap|ABplapappa,ABalaapap|ABalpapaa|ABaraapaa|ABplapapap|ABplapappa,1
PHA_00777,ABplapppap,123,124,2,3,4,4,ABalpaapp|ABplapppap|ABprapppp|Capppa,ABalpaapp|ABplapppap|ABprapppp|Capppa,1
PHA_00778,ABplpaaapa,123,124,61,65,3,3,ABplpaaapa|ABplpaapap|ABpraapaa,ABplpaaapa|ABplpaapap|ABpraapaa,1
PHA_00779,ABplpaapap,123,124,61,65,3,3,ABplpaaapa|ABplpaapap|ABpraapaa,ABplpaaapa|ABplpaapap|ABpraapaa,1
PHA_00780,ABpraapaaa,123,124,56,57,3,3,ABalaappap|ABalaapppp|ABpraapaaa,ABalaappap|ABalaapppp|ABpraapaaa,1
PHA_00781,ABpraappap,123,124,64,67,3,3,ABpraappap|ABprpaappp|ABprppaaap,ABpraappap|ABprpaappp|ABprppaaap,1
PHA_00782,ABprappaaa,123,124,50,10,4,4,ABarpaaa|ABplapppp|ABprappaaa|ABprappapa,ABarpaaa|ABplapppp|ABprappaaa|ABprappapa,1
PHA_00783,ABprappapa,123,124,50,10,4,4,ABarpaaa|ABplapppp|ABprappaaa|ABprappapa,ABarpaaa|ABplapppp|ABprappaaa|ABprappapa,1
PHA_00784,ABprpaappp,123,124,64,67,3,3,ABpraappap|ABprpaappp|ABprppaaap,ABpraappap|ABprpaappp|ABprppaaap,1
PHA_00785,ABprppaaap,123,124,64,67,3,3,ABpraappap|ABprpaappp|ABprppaaap,ABpraappap|ABprpaappp|ABprppaaap,1
PHA_00786,Ealap,123,124,11,73,3,3,ABarapppp|Ealap|MSppap,ABarapppp|Ealap|MSppap,1
PHA_00787,Caaaaa,123,124,9,8,4,4,ABarapapa|Caaaaa|MSapaa|MSapaapp,ABarapapa|Caaaaa|MSapaa|MSapaapp,1
PHA_00788,Capppa,123,124,2,3,4,4,ABalpaapp|ABplapppap|ABprapppp|Capppa,ABalpaapp|ABplapppap|ABprapppp|Capppa,1
PHA_00789,MSapaapp,123,124,9,8,4,4,ABarapapa|Caaaaa|MSapaa|MSapaapp,ABarapapa|Caaaaa|MSapaa|MSapaapp,1
PHA_00790,ABarpaaa,124,125,10,55,4,4,ABarpaaa|ABplapppp|ABprappaaa|ABprappapa,ABarpaaa|ABplapppp|ABprappaaa|ABprappapa,1
PHA_00791,ABplaaaa,124,125,16,70,3,3,ABplaaaa|ABprpppapa|Cppppa,ABplaaaa|ABprpppapa|Cppppa,1
PHA_00792,ABplpppa,124,125,22,20,7,7,ABalpappap|ABalpapppa|ABaraapapp|ABplaaaapa|ABplpppa|MSaaapp|MSaapaaa,ABalpappap|ABalpapppa|ABaraapapp|ABplaaaapa|ABplpppa|MSaaapp|MSaapaaa,1
PHA_00793,ABplpppp,124,125,23,59,3,3,ABalapappp|ABplpppp|MSpaapa,ABalapappp|ABplpppp|MSpaapa,1
PHA_00794,MSaaaap,124,125,33,57,3,3,ABplpppaap|ABprppapp|MSaaaap,ABplpppaap|ABprppapp|MSaaaap,1
PHA_00795,MSappp,124,125,71,33,3,3,ABalpapppp|MSaapapa|MSappp,ABalpapppp|MSaapapa|MSappp,1
PHA_00796,ABalappap,124,125,56,50,4,4,ABalaaaalp|ABalapaapa|ABalappap|MSapaaaa,ABalaaaalp|ABalapaapa|ABalappap|MSapaaaa,1
PHA_00797,ABplapppp,124,125,10,55,4,4,ABarpaaa|ABplapppp|ABprappaaa|ABprappapa,ABarpaaa|ABplapppp|ABprappaaa|ABprappapa,1
PHA_00798,ABprppapp,124,125,33,57,3,3,ABplpppaap|ABprppapp|MSaaaap,ABplpppaap|ABprppapp|MSaaaap,1
PHA_00799,MSaaapp,124,125,22,20,7,7,ABalpappap|ABalpapppa|ABaraapapp|ABplaaaapa|ABplpppa|MSaaapp|MSaapaaa,ABalpappap|ABalpapppa|ABaraapapp|ABplaaaapa|ABplpppa|MSaaapp|MSaapaaa,1
PHA_00800,MSpaapa,124,125,23,59,3,3,ABalapappp|ABplpppp|MSpaapa,ABalapappp|ABplpppp|MSpaapa,1
PHA_00801,ABalaaaalp,124,125,56,50,4,4,ABalaaaalp|ABalapaapa|ABalappap|MSapaaaa,ABalaaaalp|ABalapaapa|ABalappap|MSapaaaa,1
PHA_00802,ABalapaapa,124,125,56,50,4,4,ABalaaaalp|ABalapaapa|ABalappap|MSapaaaa,ABalaaaalp|ABalapaapa|ABalappap|MSapaaaa,1
PHA_00803,ABalapappp,124,125,23,59,3,3,ABalapappp|ABplpppp|MSpaapa,ABalapappp|ABplpppp|MSpaapa,1
PHA_00804,ABalpappap,124,125,22,20,7,7,ABalpappap|ABalpapppa|ABaraapapp|ABplaaaapa|ABplpppa|MSaaapp|MSaapaaa,ABalpappap|ABalpapppa|ABaraapapp|ABplaaaapa|ABplpppa|MSaaapp|MSaapaaa,1
PHA_00805,ABalpapppa,124,125,22,20,7,7,ABalpappap|ABalpapppa|ABaraapapp|ABplaaaapa|ABplpppa|MSaaapp|MSaapaaa,ABalpappap|ABalpapppa|ABaraapapp|ABplaaaapa|ABplpppa|MSaaapp|MSaapaaa,1
PHA_00806,ABalpapppp,124,125,71,33,3,3,ABalpapppp|MSaapapa|MSappp,ABalpapppp|MSaapapa|MSappp,1
PHA_00807,ABaraapapp,124,125,22,20,7,7,ABalpappap|ABalpapppa|ABaraapapp|ABplaaaapa|ABplpppa|MSaaapp|MSaapaaa,ABalpappap|ABalpapppa|ABaraapapp|ABplaaaapa|ABplpppa|MSaaapp|MSaapaaa,1
PHA_00808,ABplaaaapa,124,125,22,20,7,7,ABalpappap|ABalpapppa|ABaraapapp|ABplaaaapa|ABplpppa|MSaaapp|MSaapaaa,ABalpappap|ABalpapppa|ABaraapapp|ABplaaaapa|ABplpppa|MSaaapp|MSaapaaa,1
PHA_00809,ABplpppaap,124,125,33,57,3,3,ABplpppaap|ABprppapp|MSaaaap,ABplpppaap|ABprppapp|MSaaaap,1
PHA_00810,ABprappaaa,124,125,10,55,4,4,ABarpaaa|ABplapppp|ABprappaaa|ABprappapa,ABarpaaa|ABplapppp|ABprappaaa|ABprappapa,1
PHA_00811,ABprappapa,124,125,10,55,4,4,ABarpaaa|ABplapppp|ABprappaaa|ABprappapa,ABarpaaa|ABplapppp|ABprappaaa|ABprappapa,1
PHA_00812,ABprpppapa,124,125,16,70,3,3,ABplaaaa|ABprpppapa|Cppppa,ABplaaaa|ABprpppapa|Cppppa,1
PHA_00813,MSaapaaa,124,125,22,20,7,7,ABalpappap|ABalpapppa|ABaraapapp|ABplaaaapa|ABplpppa|MSaaapp|MSaapaaa,ABalpappap|ABalpapppa|ABaraapapp|ABplaaaapa|ABplpppa|MSaaapp|MSaapaaa,1
PHA_00814,MSaapapa,124,125,71,33,3,3,ABalpapppp|MSaapapa|MSappp,ABalpapppp|MSaapapa|MSappp,1
PHA_00815,MSapaaaa,124,125,56,50,4,4,ABalaaaalp|ABalapaapa|ABalappap|MSapaaaa,ABalaaaalp|ABalapaapa|ABalappap|MSapaaaa,1
PHA_00816,Cppppa,124,125,16,70,3,3,ABplaaaa|ABprpppapa|Cppppa,ABplaaaa|ABprpppapa|Cppppa,1
PHA_00817,ABalpaapp,125,126,3,65,4,4,ABalpaapp|ABplapppap|ABplpppapa|Capppa,ABalpaapp|ABplapppap|ABplpppapa|Capppa,1
PHA_00818,MSappp,125,126,33,35,3,3,ABalpapppp|MSaapapa|MSappp,ABalpapppp|MSaapapa|MSappp,1
PHA_00819,Ealp,125,126,38,37,3,3,Ealaa|Ealp|MSaapaap,Ealaa|Ealp|MSaapaap,1
PHA_00820,Caapa,125,126,41,40,3,3,ABarapppaa|Caapa|MSppaaap,ABarapppaa|Caapa|MSppaaap,1
PHA_00821,ABalappaa,125,126,49,45,5,5,ABalaaaala|ABalaaapal|ABalapaaap|ABalappaa|ABalpaaap,ABalaaaala|ABalaaapal|ABalapaaap|ABalappaa|ABalpaaap,1
PHA_00822,ABalpaaap,125,126,49,45,5,5,ABalaaaala|ABalaaapal|ABalapaaap|ABalappaa|ABalpaaap,ABalaaaala|ABalaaapal|ABalapaaap|ABalappaa|ABalpaaap,1
PHA_00823,ABalaaaala,125,126,49,45,5,5,ABalaaaala|ABalaaapal|ABalapaaap|ABalappaa|ABalpaaap,ABalaaaala|ABalaaapal|ABalapaaap|ABalappaa|ABalpaaap,1
PHA_00824,ABalaaapal,125,126,49,45,5,5,ABalaaaala|ABalaaapal|ABalapaaap|ABalappaa|ABalpaaap,ABalaaaala|ABalaaapal|ABalapaaap|ABalappaa|ABalpaaap,1
PHA_00825,ABalaapaap,125,126,60,57,4,4,ABalaapaap|ABalaappap|ABalaapppp|ABpraapaaa,ABalaapaap|ABalaappap|ABalaapppp|ABpraapaaa,1
PHA_00826,ABalaappap,125,126,60,57,4,4,ABalaapaap|ABalaappap|ABalaapppp|ABpraapaaa,ABalaapaap|ABalaappap|ABalaapppp|ABpraapaaa,1
PHA_00827,ABalaapppp,125,126,60,57,4,4,ABalaapaap|ABalaappap|ABalaapppp|ABpraapaaa,ABalaapaap|ABalaappap|ABalaapppp|ABpraapaaa,1
PHA_00828,ABalapaaap,125,126,49,45,5,5,ABalaaaala|ABalaaapal|ABalapaaap|ABalappaa|ABalpaaap,ABalaaaala|ABalaaapal|ABalapaaap|ABalappaa|ABalpaaap,1
PHA_00829,ABalpapppp,125,126,33,35,3,3,ABalpapppp|MSaapapa|MSappp,ABalpapppp|MSaapapa|MSappp,1
PHA_00830,ABarapppaa,125,126,41,40,3,3,ABarapppaa|Caapa|MSppaaap,ABarapppaa|Caapa|MSppaaap,1
PHA_00831,ABplapppap,125,126,3,65,4,4,ABalpaapp|ABplapppap|ABplpppapa|Capppa,ABalpaapp|ABplapppap|ABplpppapa|Capppa,1
PHA_00832,ABplpppapa,125,126,3,65,4,4,ABalpaapp|ABplapppap|ABplpppapa|Capppa,ABalpaapp|ABplapppap|ABplpppapa|Capppa,1
PHA_00833,ABpraapaaa,125,126,60,57,4,4,ABalaapaap|ABalaappap|ABalaapppp|ABpraapaaa,ABalaapaap|ABalaappap|ABalaapppp|ABpraapaaa,1
PHA_00834,ABpraappap,125,126,67,70,3,3,ABpraappap|ABprpaappp|ABprppaaap,ABpraappap|ABprpaappp|ABprppaaap,1
PHA_00835,ABprpaappp,125,126,67,70,3,3,ABpraappap|ABprpaappp|ABprppaaap,ABpraappap|ABprpaappp|ABprppaaap,1
PHA_00836,ABprppaaap,125,126,67,70,3,3,ABpraappap|ABprpaappp|ABprppaaap,ABpraappap|ABprpaappp|ABprppaaap,1
PHA_00837,MSaapaap,125,126,38,37,3,3,Ealaa|Ealp|MSaapaap,Ealaa|Ealp|MSaapaap,1
PHA_00838,MSaapapa,125,126,33,35,3,3,ABalpapppp|MSaapapa|MSappp,ABalpapppp|MSaapapa|MSappp,1
PHA_00839,MSppaaap,125,126,41,40,3,3,ABarapppaa|Caapa|MSppaaap,ABarapppaa|Caapa|MSppaaap,1
PHA_00840,Ealaa,125,126,38,37,3,3,Ealaa|Ealp|MSaapaap,Ealaa|Ealp|MSaapaap,1
PHA_00841,Capppa,125,126,3,65,4,4,ABalpaapp|ABplapppap|ABplpppapa|Capppa,ABalpaapp|ABplapppap|ABplpppapa|Capppa,1
PHA_00842,ABalapppa,126,127,2,4,3,3,ABalapppa|ABaraaapapa|ABprpapppp,ABalapppa|ABaraaapapa|ABprpapppp,1
PHA_00843,ABalppaa,126,127,6,7,3,3,ABalppaa|ABplappppp|ABplpppapp,ABalppaa|ABplappppp|ABplpppapp,1
PHA_00844,ABplaappp,126,127,19,18,5,5,ABplaappp|ABprpaaap|Eara|Epraa|MSpppaap,ABplaappp|ABprpaaap|Eara|Epraa|MSpppaap,1
PHA_00845,ABplppaa,126,127,27,30,5,5,ABplpappap|ABplppaa|ABprpapaa|Eala|MSpappa,ABplpappap|ABplppaa|ABprpapaa|Eala|MSpappa,1
PHA_00846,ABprpaaap,126,127,19,18,5,5,ABplaappp|ABprpaaap|Eara|Epraa|MSpppaap,ABplaappp|ABprpaaap|Eara|Epraa|MSpppaap,1
PHA_00847,ABprpapaa,126,127,27,30,5,5,ABplpappap|ABplppaa|ABprpapaa|Eala|MSpappa,ABplpappap|ABplppaa|ABprpapaa|Eala|MSpappa,1
PHA_00848,MSaapp,126,127,31,60,5,5,ABalppappp|ABalpppppp|ABplpaaapp|ABplpaappa|MSaapp,ABalppappp|ABalpppppp|ABplpaaapp|ABplpaappa|MSaapp,1
PHA_00849,Eala,126,127,27,30,5,5,ABplpappap|ABplppaa|ABprpapaa|Eala|MSpappa,ABplpappap|ABplppaa|ABprpapaa|Eala|MSpappa,1
PHA_00850,Eara,126,127,19,18,5,5,ABplaappp|ABprpaaap|Eara|Epraa|MSpppaap,ABplaappp|ABprpaaap|Eara|Epraa|MSpppaap,1
PHA_00851,Dap,126,127,44,43,5,5,ABalapapaa|ABalpaapaa|ABaraapaaa|ABarpaaaa|Dap,ABalapapaa|ABalpaapaa|ABaraapaaa|ABarpaaaa|Dap,1
PHA_00852,ABarpaaaa,126,127,44,43,5,5,ABalapapaa|ABalpaapaa|ABaraapaaa|ABarpaaaa|Dap,ABalapapaa|ABalpaapaa|ABaraapaaa|ABarpaaaa|Dap,1
PHA_00853,ABarppppa,126,127,48,47,4,4,ABarppppa|ABplppppaa|Dapp|MSapappa,ABarppppa|ABplppppaa|Dapp|MSapappa,1
PHA_00854,MSpappa,126,127,27,30,5,5,ABplpappap|ABplppaa|ABprpapaa|Eala|MSpappa,ABplpappap|ABplppaa|ABprpapaa|Eala|MSpappa,1
PHA_00855,MSppaaa,126,127,54,52,3,3,ABalpppapa|ABalppppap|MSppaaa,ABalpppapa|ABalppppap|MSppaaa,1
PHA_00856,ABalapapaa,126,127,44,43,5,5,ABalapapaa|ABalpaapaa|ABaraapaaa|ABarpaaaa|Dap,ABalapapaa|ABalpaapaa|ABaraapaaa|ABarpaaaa|Dap,1
PHA_00857,ABalpaapaa,126,127,44,43,5,5,ABalapapaa|ABalpaapaa|ABaraapaaa|ABarpaaaa|Dap,ABalapapaa|ABalpaapaa|ABaraapaaa|ABarpaaaa|Dap,1
PHA_00858,ABalppappp,126,127,31,60,5,5,ABalppappp|ABalpppppp|ABplpaaapp|ABplpaappa|MSaapp,ABalppappp|ABalpppppp|ABplpaaapp|ABplpaappa|MSaapp,1
PHA_00859,ABalpppapa,126,127,54,52,3,3,ABalpppapa|ABalppppap|MSppaaa,ABalpppapa|ABalppppap|MSppaaa,1
PHA_00860,ABalppppap,126,127,54,52,3,3,ABalpppapa|ABalppppap|MSppaaa,ABalpppapa|ABalppppap|MSppaaa,1
PHA_00861,ABalpppppp,126,127,31,60,5,5,ABalppappp|ABalpppppp|ABplpaaapp|ABplpaappa|MSaapp,ABalppappp|ABalpppppp|ABplpaaapp|ABplpaappa|MSaapp,1
PHA_00862,ABaraapaaa,126,127,44,43,5,5,ABalapapaa|ABalpaapaa|ABaraapaaa|ABarpaaaa|Dap,ABalapapaa|ABalpaapaa|ABaraapaaa|ABarpaaaa|Dap,1
PHA_00863,ABplappppp,126,127,6,7,3,3,ABalppaa|ABplappppp|ABplpppapp,ABalppaa|ABplappppp|ABplpppapp,1
PHA_00864,ABplpaaapp,126,127,31,60,5,5,ABalppappp|ABalpppppp|ABplpaaapp|ABplpaappa|MSaapp,ABalppappp|ABalpppppp|ABplpaaapp|ABplpaappa|MSaapp,1
PHA_00865,ABplpaappa,126,127,31,60,5,5,ABalppappp|ABalpppppp|ABplpaaapp|ABplpaappa|MSaapp,ABalppappp|ABalpppppp|ABplpaaapp|ABplpaappa|MSaapp,1
PHA_00866,ABplpappap,126,127,27,30,5,5,ABplpappap|ABplppaa|ABprpapaa|Eala|MSpappa,ABplpappap|ABplppaa|ABprpapaa|Eala|MSpappa,1
PHA_00867,ABplpppapp,126,127,6,7,3,3,ABalppaa|ABplappppp|ABplpppapp,ABalppaa|ABplappppp|ABplpppapp,1
PHA_00868,ABplppppaa,126,127,48,47,4,4,ABarppppa|ABplppppaa|Dapp|MSapappa,ABarppppa|ABplppppaa|Dapp|MSapappa,1
PHA_00869,ABpraappap,126,127,70,69,3,3,ABpraappap|ABprpaappp|ABprppaaap,ABpraappap|ABprpaappp|ABprppaaap,1
PHA_00870,ABprpaappp,126,127,70,69,3,3,ABpraappap|ABprpaappp|ABprppaaap,ABpraappap|ABprpaappp|ABprppaaap,1
PHA_00871,ABprpapppp,126,127,2,4,3,3,ABalapppa|ABaraaapapa|ABprpapppp,ABalapppa|ABaraaapapa|ABprpapppp,1
PHA_00872,ABprppaaap,126,127,70,69,3,3,ABpraappap|ABprpaappp|ABprppaaap,ABpraappap|ABprpaappp|ABprppaaap,1
PHA_00873,Epraa,126,127,19,18,5,5,ABplaappp|ABprpaaap|Eara|Epraa|MSpppaap,ABplaappp|ABprpaaap|Eara|Epraa|MSpppaap,1
PHA_00874,Dapp,126,127,48,47,4,4,ABarppppa|ABplppppaa|Dapp|MSapappa,ABarppppa|ABplppppaa|Dapp|MSapappa,1
PHA_00875,ABaraaapapa,126,127,2,4,3,3,ABalapppa|ABaraaapapa|ABprpapppp,ABalapppa|ABaraaapapa|ABprpapppp,1
PHA_00876,MSapappa,126,127,48,47,4,4,ABarppppa|ABplppppaa|Dapp|MSapappa,ABarppppa|ABplppppaa|Dapp|MSapappa,1
PHA_00877,MSpppaap,126,127,19,18,5,5,ABplaappp|ABprpaaap|Eara|Epraa|MSpppaap,ABplaappp|ABprpaaap|Eara|Epraa|MSpppaap,1
PHA_00878,ABalapppa,127,128,4,3,3,3,ABalapppa|ABaraaapapa|ABprpapppp,ABalapppa|ABaraaapapa|ABprpapppp,1
PHA_00879,ABalpapap,127,128,5,4,4,4,ABalpapap|ABaraapap|ABplapapaa|ABplappapp,ABalpapap|ABaraapap|ABplapapaa|ABplappapp,1
PHA_00880,ABaraapap,127,128,5,4,4,4,ABalpapap|ABaraapap|ABplapapaa|ABplappapp,ABalpapap|ABaraapap|ABplapapaa|ABplappapp,1
PHA_00881,ABarpappp,127,128,15,14,3,3,ABarpappp|ABarppaaa|ABarppppaa,ABarpappp|ABarppaaa|ABarppppaa,1
PHA_00882,ABarppaaa,127,128,15,14,3,3,ABarpappp|ABarppaaa|ABarppppaa,ABarpappp|ABarppaaa|ABarppppaa,1
PHA_00883,ABprapapa,127,128,28,30,4,4,ABpraaappa|ABpraapapa|ABprapapa|ABprpaapaa,ABpraaappa|ABpraapapa|ABprapapa|ABprpaapaa,1
PHA_00884,ABprapapp,127,128,68,31,3,3,ABpraaaaaa|ABpraaapaa|ABprapapp,ABpraaaaaa|ABpraaapaa|ABprapapp,1
PHA_00885,MSaapp,127,128,60,37,5,5,ABalppappp|ABalpppppp|ABplpaaapp|ABplpaappa|MSaapp,ABalppappp|ABalpppppp|ABplpaaapp|ABplpaappa|MSaapp,1
PHA_00886,MSpaapp,127,128,37,72,4,4,ABplpapapa|MSapppaa|MSapppp|MSpaapp,ABplpapapa|MSapppaa|MSapppp|MSpaapp,1
PHA_00887,Dpp,127,128,45,49,3,3,ABaraapaap|Dpp|MSaaaapa,ABaraapaap|Dpp|MSaaaapa,1
PHA_00888,MSppaaa,127,128,52,53,3,3,ABalpppapa|ABalppppap|MSppaaa,ABalpppapa|ABalppppap|MSppaaa,1
PHA_00889,ABalapappa,127,128,57,59,3,3,ABalapappa|ABalpaappa|ABplaapaaa,ABalapappa|ABalpaappa|ABplaapaaa,1
PHA_00890,ABalpaappa,127,128,57,59,3,3,ABalapappa|ABalpaappa|ABplaapaaa,ABalapappa|ABalpaappa|ABplaapaaa,1
PHA_00891,ABalppappp,127,128,60,37,5,5,ABalppappp|ABalpppppp|ABplpaaapp|ABplpaappa|MSaapp,ABalppappp|ABalpppppp|ABplpaaapp|ABplpaappa|MSaapp,1
PHA_00892,ABalpppapa,127,128,52,53,3,3,ABalpppapa|ABalppppap|MSppaaa,ABalpppapa|ABalppppap|MSppaaa,1
PHA_00893,ABalppppap,127,128,52,53,3,3,ABalpppapa|ABalppppap|MSppaaa,ABalpppapa|ABalppppap|MSppaaa,1
PHA_00894,ABalpppppp,127,128,60,37,5,5,ABalppappp|ABalpppppp|ABplpaaapp|ABplpaappa|MSaapp,ABalppappp|ABalpppppp|ABplpaaapp|ABplpaappa|MSaapp,1
PHA_00895,ABaraapaap,127,128,45,49,3,3,ABaraapaap|Dpp|MSaaaapa,ABaraapaap|Dpp|MSaaaapa,1
PHA_00896,ABarppppaa,127,128,15,14,3,3,ABarpappp|ABarppaaa|ABarppppaa,ABarpappp|ABarppaaa|ABarppppaa,1
PHA_00897,ABplaapaaa,127,128,57,59,3,3,ABalapappa|ABalpaappa|ABplaapaaa,ABalapappa|ABalpaappa|ABplaapaaa,1
PHA_00898,ABplapapaa,127,128,5,4,4,4,ABalpapap|ABaraapap|ABplapapaa|ABplappapp,ABalpapap|ABaraapap|ABplapapaa|ABplappapp,1
PHA_00899,ABplappapp,127,128,5,4,4,4,ABalpapap|ABaraapap|ABplapapaa|ABplappapp,ABalpapap|ABaraapap|ABplapapaa|ABplappapp,1
PHA_00900,ABplpaaapp,127,128,60,37,5,5,ABalppappp|ABalpppppp|ABplpaaapp|ABplpaappa|MSaapp,ABalppappp|ABalpppppp|ABplpaaapp|ABplpaappa|MSaapp,1
PHA_00901,ABplpaappa,127,128,60,37,5,5,ABalppappp|ABalpppppp|ABplpaaapp|ABplpaappa|MSaapp,ABalppappp|ABalpppppp|ABplpaaapp|ABplpaappa|MSaapp,1
PHA_00902,ABplpapapa,127,128,37,72,4,4,ABplpapapa|MSapppaa|MSapppp|MSpaapp,ABplpapapa|MSapppaa|MSapppp|MSpaapp,1
PHA_00903,ABpraaaaaa,127,128,68,31,3,3,ABpraaaaaa|ABpraaapaa|ABprapapp,ABpraaaaaa|ABpraaapaa|ABprapapp,1
PHA_00904,ABpraaapaa,127,128,68,31,3,3,ABpraaaaaa|ABpraaapaa|ABprapapp,ABpraaaaaa|ABpraaapaa|ABprapapp,1
PHA_00905,ABpraaappa,127,128,28,30,4,4,ABpraaappa|ABpraapapa|ABprapapa|ABprpaapaa,ABpraaappa|ABpraapapa|ABprapapa|ABprpaapaa,1
PHA_00906,ABpraapapa,127,128,28,30,4,4,ABpraaappa|ABpraapapa|ABprapapa|ABprpaapaa,ABpraaappa|ABpraapapa|ABprapapa|ABprpaapaa,1
PHA_00907,ABprpaapaa,127,128,28,30,4,4,ABpraaappa|ABpraapapa|ABprapapa|ABprpaapaa,ABpraaappa|ABpraapapa|ABprapapa|ABprpaapaa,1
PHA_00908,ABprpapppp,127,128,4,3,3,3,ABalapppa|ABaraaapapa|ABprpapppp,ABalapppa|ABaraaapapa|ABprpapppp,1
PHA_00909,MSaaaapa,127,128,45,49,3,3,ABaraapaap|Dpp|MSaaaapa,ABaraapaap|Dpp|MSaaaapa,1
PHA_00910,MSapppp,127,128,37,72,4,4,ABplpapapa|MSapppaa|MSapppp|MSpaapp,ABplpapapa|MSapppaa|MSapppp|MSpaapp,1
PHA_00911,ABaraaapapa,127,128,4,3,3,3,ABalapppa|ABaraaapapa|ABprpapppp,ABalapppa|ABaraaapapa|ABprpapppp,1
PHA_00912,MSapppaa,127,128,37,72,4,4,ABplpapapa|MSapppaa|MSapppp|MSpaapp,ABplpapapa|MSapppaa|MSapppp|MSpaapp,1
PHA_00913,ABalaaaal,128,129,76,0,3,3,ABalaaaal|Cpapap|Cpappd,ABalaaaal|Cpapap|Cpappd,1
PHA_00914,ABalaaaar,128,129,69,1,3,3,ABalaaaar|ABarpppppp|ABprapappp,ABalaaaar|ABarpppppp|ABprapappp,1
PHA_00915,ABplapaaa,128,129,70,17,3,3,ABplapaaa|ABpraaapppp|ABprppappa,ABplapaaa|ABpraaapppp|ABprppappa,1
PHA_00916,ABplppppp,128,129,27,25,5,5,ABalpaappp|ABplppppp|Daa|MSapaaap|MSapapaa,ABalpaappp|ABplppppp|Daa|MSapaaap|MSapapaa,1
PHA_00917,MSaapp,128,129,37,39,5,5,ABalppappp|ABalpppppp|ABplpaaapp|ABplpaappa|MSaapp,ABalppappp|ABalpppppp|ABplpaaapp|ABplpaappa|MSaapp,1
PHA_00918,Cppap,128,129,46,51,4,4,ABalaaaarl|ABalaaapar|ABalapaaaa|Cppap,ABalaaaarl|ABalaaapar|ABalapaaaa|Cppap,1
PHA_00919,Daa,128,129,27,25,5,5,ABalpaappp|ABplppppp|Daa|MSapaaap|MSapapaa,ABalpaappp|ABplppppp|Daa|MSapaaap|MSapapaa,1
PHA_00920,Dap,128,129,47,52,4,4,ABalapapaa|ABalpaapaa|ABaraapaaa|Dap,ABalapapaa|ABalpaapaa|ABaraapaaa|Dap,1
PHA_00921,MSaappp,128,129,73,69,3,3,ABprpappap|MSaappp|MSpapapp,ABprpappap|MSaappp|MSpapapp,1
PHA_00922,ABalaaaarl,128,129,46,51,4,4,ABalaaaarl|ABalaaapar|ABalapaaaa|Cppap,ABalaaaarl|ABalaaapar|ABalapaaaa|Cppap,1
PHA_00923,ABalaaapar,128,129,46,51,4,4,ABalaaaarl|ABalaaapar|ABalapaaaa|Cppap,ABalaaaarl|ABalaaapar|ABalapaaaa|Cppap,1
PHA_00924,ABalapaaaa,128,129,46,51,4,4,ABalaaaarl|ABalaaapar|ABalapaaaa|Cppap,ABalaaaarl|ABalaaapar|ABalapaaaa|Cppap,1
PHA_00925,ABalapapaa,128,129,47,52,4,4,ABalapapaa|ABalpaapaa|ABaraapaaa|Dap,ABalapapaa|ABalpaapaa|ABaraapaaa|Dap,1
PHA_00926,ABalapappa,128,129,59,56,3,3,ABalapappa|ABalpaappa|ABplaapaaa,ABalapappa|ABalpaappa|ABplaapaaa,1
PHA_00927,ABalpaapaa,128,129,47,52,4,4,ABalapapaa|ABalpaapaa|ABaraapaaa|Dap,ABalapapaa|ABalpaapaa|ABaraapaaa|Dap,1
PHA_00928,ABalpaappa,128,129,59,56,3,3,ABalapappa|ABalpaappa|ABplaapaaa,ABalapappa|ABalpaappa|ABplaapaaa,1
PHA_00929,ABalpaappp,128,129,27,25,5,5,ABalpaappp|ABplppppp|Daa|MSapaaap|MSapapaa,ABalpaappp|ABplppppp|Daa|MSapaaap|MSapapaa,1
PHA_00930,ABalppappp,128,129,37,39,5,5,ABalppappp|ABalpppppp|ABplpaaapp|ABplpaappa|MSaapp,ABalppappp|ABalpppppp|ABplpaaapp|ABplpaappa|MSaapp,1
PHA_00931,ABalpppppp,128,129,37,39,5,5,ABalppappp|ABalpppppp|ABplpaaapp|ABplpaappa|MSaapp,ABalppappp|ABalpppppp|ABplpaaapp|ABplpaappa|MSaapp,1
PHA_00932,ABaraapaaa,128,129,47,52,4,4,ABalapapaa|ABalpaapaa|ABaraapaaa|Dap,ABalapapaa|ABalpaapaa|ABaraapaaa|Dap,1
PHA_00933,ABaraapppa,128,129,62,61,3,3,ABaraapppa|ABarapaaap|ABarapaapp,ABaraapppa|ABarapaaap|ABarapaapp,1
PHA_00934,ABarapaaap,128,129,62,61,3,3,ABaraapppa|ABarapaaap|ABarapaapp,ABaraapppa|ABarapaaap|ABarapaapp,1
PHA_00935,ABarapaapp,128,129,62,61,3,3,ABaraapppa|ABarapaaap|ABarapaapp,ABaraapppa|ABarapaaap|ABarapaapp,1
PHA_00936,ABarppaapa,128,129,64,71,3,3,ABarppaapa|Capaaa|Dapp,ABarppaapa|Capaaa|Dapp,1
PHA_00937,ABarpppppp,128,129,69,1,3,3,ABalaaaar|ABarpppppp|ABprapappp,ABalaaaar|ABarpppppp|ABprapappp,1
PHA_00938,ABplaapaaa,128,129,59,56,3,3,ABalapappa|ABalpaappa|ABplaapaaa,ABalapappa|ABalpaappa|ABplaapaaa,1
PHA_00939,ABplpaaapp,128,129,37,39,5,5,ABalppappp|ABalpppppp|ABplpaaapp|ABplpaappa|MSaapp,ABalppappp|ABalpppppp|ABplpaaapp|ABplpaappa|MSaapp,1
PHA_00940,ABplpaappa,128,129,37,39,5,5,ABalppappp|ABalpppppp|ABplpaaapp|ABplpaappa|MSaapp,ABalppappp|ABalpppppp|ABplpaaapp|ABplpaappa|MSaapp,1
PHA_00941,ABprapapaa,128,129,68,66,3,3,ABprapapaa|ABprapapap|ABprapppap,ABprapapaa|ABprapapap|ABprapppap,1
PHA_00942,ABprapapap,128,129,68,66,3,3,ABprapapaa|ABprapapap|ABprapppap,ABprapapaa|ABprapapap|ABprapppap,1
PHA_00943,ABprapappp,128,129,69,1,3,3,ABalaaaar|ABarpppppp|ABprapappp,ABalaaaar|ABarpppppp|ABprapappp,1
PHA_00944,ABprapppap,128,129,68,66,3,3,ABprapapaa|ABprapapap|ABprapppap,ABprapapaa|ABprapapap|ABprapppap,1
PHA_00945,ABprpappap,128,129,73,69,3,3,ABprpappap|MSaappp|MSpapapp,ABprpappap|MSaappp|MSpapapp,1
PHA_00946,ABprppappa,128,129,70,17,3,3,ABplapaaa|ABpraaapppp|ABprppappa,ABplapaaa|ABpraaapppp|ABprppappa,1
PHA_00947,MSapaaap,128,129,27,25,5,5,ABalpaappp|ABplppppp|Daa|MSapaaap|MSapapaa,ABalpaappp|ABplppppp|Daa|MSapaaap|MSapapaa,1
PHA_00948,MSapapaa,128,129,27,25,5,5,ABalpaappp|ABplppppp|Daa|MSapaaap|MSapapaa,ABalpaappp|ABplppppp|Daa|MSapaaap|MSapapaa,1
PHA_00949,MSpapapp,128,129,73,69,3,3,ABprpappap|MSaappp|MSpapapp,ABprpappap|MSaappp|MSpapapp,1
PHA_00950,Capaaa,128,129,64,71,3,3,ABarppaapa|Capaaa|Dapp,ABarppaapa|Capaaa|Dapp,1
PHA_00951,Cpapap,128,129,76,0,3,3,ABalaaaal|Cpapap|Cpappd,ABalaaaal|Cpapap|Cpappd,1
PHA_00952,Cpappd,128,129,76,0,3,3,ABalaaaal|Cpapap|Cpappd,ABalaaaal|Cpapap|Cpappd,1
PHA_00953,Dapp,128,129,64,71,3,3,ABarppaapa|Capaaa|Dapp,ABarppaapa|Capaaa|Dapp,1
PHA_00954,ABpraaapppp,128,129,70,17,3,3,ABplapaaa|ABpraaapppp|ABprppappa,ABplapaaa|ABpraaapppp|ABprppappa,1
PHA_00955,ABalaaaal,129,130,0,71,3,3,ABalaaaal|Cpapap|Cpappd,ABalaaaal|Cpapap|Cpappd,1
PHA_00956,ABalaaaar,129,130,1,65,3,3,ABalaaaar|ABarpppppp|ABprapappp,ABalaaaar|ABarpppppp|ABprapappp,1
PHA_00957,ABalapapp,129,130,4,0,6,6,ABalapapp|ABalpppaa|ABarappaa|ABplpaaap|ABplpppppa|Eplpa,ABalapapp|ABalpppaa|ABarappaa|ABplpaaap|ABplpppppa|Eplpa,1
PHA_00958,ABalpaapa,129,130,5,1,4,4,ABalpaapa|Caaapp|Caappd|Cpapaa,ABalpaapa|Caaapp|Caappd|Cpapaa,1
PHA_00959,ABalpaapp,129,130,64,63,3,3,ABalpaapp|ABplapppap|MSaaaaa,ABalpaapp|ABplapppap|MSaaaaa,1
PHA_00960,ABalpappa,129,130,62,61,4,4,ABalpappa|ABarppapap|ABplappapa|MSaaaap,ABalpappa|ABarppapap|ABplappapa|MSaaaap,1
PHA_00961,ABalppapp,129,130,7,4,3,3,ABalppapp|ABplpppaaa|MSaaapa,ABalppapp|ABplpppaaa|MSaaapa,1
PHA_00962,ABalpppaa,129,130,4,0,6,6,ABalapapp|ABalpppaa|ABarappaa|ABplpaaap|ABplpppppa|Eplpa,ABalapapp|ABalpppaa|ABarappaa|ABplpaaap|ABplpppppa|Eplpa,1
PHA_00963,ABarappaa,129,130,4,0,6,6,ABalapapp|ABalpppaa|ABarappaa|ABplpaaap|ABplpppppa|Eplpa,ABalapapp|ABalpppaa|ABarappaa|ABplpaaap|ABplpppppa|Eplpa,1
PHA_00964,ABplaappa,129,130,15,16,4,4,ABaraapppap|ABplaappa|ABprppppaa|Eprpa,ABaraapppap|ABplaappa|ABprppppaa|Eprpa,1
PHA_00965,ABplapaaa,129,130,17,67,3,3,ABplapaaa|ABpraaapppp|ABprppappa,ABplapaaa|ABpraaapppp|ABprppappa,1
PHA_00966,ABplpaaap,129,130,4,0,6,6,ABalapapp|ABalpppaa|ABarappaa|ABplpaaap|ABplpppppa|Eplpa,ABalapapp|ABalpppaa|ABarappaa|ABplpaaap|ABplpppppa|Eplpa,1
PHA_00967,ABprppaa,129,130,34,60,3,3,ABarpaapaa|ABprppaa|MSpaaapp,ABarpaapaa|ABprppaa|MSpaaapp,1
PHA_00968,MSaaaaa,129,130,64,63,3,3,ABalpaapp|ABplapppap|MSaaaaa,ABalpaapp|ABplapppap|MSaaaaa,1
PHA_00969,MSaaaap,129,130,62,61,4,4,ABalpappa|ABarppapap|ABplappapa|MSaaaap,ABalpappa|ABarppapap|ABplappapa|MSaaaap,1
PHA_00970,MSaaapa,129,130,7,4,3,3,ABalppapp|ABplpppaaa|MSaaapa,ABalppapp|ABplpppaaa|MSaaapa,1
PHA_00971,Eprp,129,130,45,39,4,4,ABaraaappp|Eprp|MSapapa|MSpaapaa,ABaraaappp|Eprp|MSapapa|MSpaapaa,1
PHA_00972,Capa,129,130,48,41,5,5,ABalaaaala|ABalapaaap|ABalapaapa|ABalppaaaa|Capa,ABalaaaala|ABalapaaap|ABalapaapa|ABalppaaaa|Capa,1
PHA_00973,MSapapa,129,130,45,39,4,4,ABaraaappp|Eprp|MSapapa|MSpaapaa,ABaraaappp|Eprp|MSapapa|MSpaapaa,1
PHA_00974,ABalaaaala,129,130,48,41,5,5,ABalaaaala|ABalapaaap|ABalapaapa|ABalppaaaa|Capa,ABalaaaala|ABalapaaap|ABalapaapa|ABalppaaaa|Capa,1
PHA_00975,ABalapaaap,129,130,48,41,5,5,ABalaaaala|ABalapaaap|ABalapaapa|ABalppaaaa|Capa,ABalaaaala|ABalapaaap|ABalapaapa|ABalppaaaa|Capa,1
PHA_00976,ABalapaapa,129,130,48,41,5,5,ABalaaaala|ABalapaaap|ABalapaapa|ABalppaaaa|Capa,ABalaaaala|ABalapaaap|ABalapaapa|ABalppaaaa|Capa,1
PHA_00977,ABalpaaaaa,129,130,60,56,3,3,ABalpaaaaa|ABaraapaap|MSaaaapa,ABalpaaaaa|ABaraapaap|MSaaaapa,1
PHA_00978,ABalppaaaa,129,130,48,41,5,5,ABalaaaala|ABalapaaap|ABalapaapa|ABalppaaaa|Capa,ABalaaaala|ABalapaaap|ABalapaapa|ABalppaaaa|Capa,1
PHA_00979,ABalppappa,129,130,59,55,4,4,ABalppappa|ABalpppppa|ABplaapapa|ABplpaapaa,ABalppappa|ABalpppppa|ABplaapapa|ABplpaapaa,1
PHA_00980,ABalpppppa,129,130,59,55,4,4,ABalppappa|ABalpppppa|ABplaapapa|ABplpaapaa,ABalppappa|ABalpppppa|ABplaapapa|ABplpaapaa,1
PHA_00981,ABaraaappp,129,130,45,39,4,4,ABaraaappp|Eprp|MSapapa|MSpaapaa,ABaraaappp|Eprp|MSapapa|MSpaapaa,1
PHA_00982,ABaraapaap,129,130,60,56,3,3,ABalpaaaaa|ABaraapaap|MSaaaapa,ABalpaaaaa|ABaraapaap|MSaaaapa,1
PHA_00983,ABarpaapaa,129,130,34,60,3,3,ABarpaapaa|ABprppaa|MSpaaapp,ABarpaapaa|ABprppaa|MSpaaapp,1
PHA_00984,ABarppapap,129,130,62,61,4,4,ABalpappa|ABarppapap|ABplappapa|MSaaaap,ABalpappa|ABarppapap|ABplappapa|MSaaaap,1
PHA_00985,ABarpppppp,129,130,1,65,3,3,ABalaaaar|ABarpppppp|ABprapappp,ABalaaaar|ABarpppppp|ABprapappp,1
PHA_00986,ABplaapapa,129,130,59,55,4,4,ABalppappa|ABalpppppa|ABplaapapa|ABplpaapaa,ABalppappa|ABalpppppa|ABplaapapa|ABplpaapaa,1
PHA_00987,ABplappapa,129,130,62,61,4,4,ABalpappa|ABarppapap|ABplappapa|MSaaaap,ABalpappa|ABarppapap|ABplappapa|MSaaaap,1
PHA_00988,ABplapppap,129,130,64,63,3,3,ABalpaapp|ABplapppap|MSaaaaa,ABalpaapp|ABplapppap|MSaaaaa,1
PHA_00989,ABplpaapaa,129,130,59,55,4,4,ABalppappa|ABalpppppa|ABplaapapa|ABplpaapaa,ABalppappa|ABalpppppa|ABplaapapa|ABplpaapaa,1
PHA_00990,ABplpppaaa,129,130,7,4,3,3,ABalppapp|ABplpppaaa|MSaaapa,ABalppapp|ABplpppaaa|MSaaapa,1
PHA_00991,ABplpppppa,129,130,4,0,6,6,ABalapapp|ABalpppaa|ABarappaa|ABplpaaap|ABplpppppa|Eplpa,ABalapapp|ABalpppaa|ABarappaa|ABplpaaap|ABplpppppa|Eplpa,1
PHA_00992,ABprapappp,129,130,1,65,3,3,ABalaaaar|ABarpppppp|ABprapappp,ABalaaaar|ABarpppppp|ABprapappp,1
PHA_00993,ABprppappa,129,130,17,67,3,3,ABplapaaa|ABpraaapppp|ABprppappa,ABplapaaa|ABpraaapppp|ABprppappa,1
PHA_00994,ABprppppaa,129,130,15,16,4,4,ABaraapppap|ABplaappa|ABprppppaa|Eprpa,ABaraapppap|ABplaappa|ABprppppaa|Eprpa,1
PHA_00995,MSaaaapa,129,130,60,56,3,3,ABalpaaaaa|ABaraapaap|MSaaaapa,ABalpaaaaa|ABaraapaap|MSaaaapa,1
PHA_00996,MSpaaapp,129,130,34,60,3,3,ABarpaapaa|ABprppaa|MSpaaapp,ABarpaapaa|ABprppaa|MSpaaapp,1
PHA_00997,MSpaapaa,129,130,45,39,4,4,ABaraaappp|Eprp|MSapapa|MSpaapaa,ABaraaappp|Eprp|MSapapa|MSpaapaa,1
PHA_00998,Eplpa,129,130,4,0,6,6,ABalapapp|ABalpppaa|ABarappaa|ABplpaaap|ABplpppppa|Eplpa,ABalapapp|ABalpppaa|ABarappaa|ABplpaaap|ABplpppppa|Eplpa,1
PHA_00999,Eprpa,129,130,15,16,4,4,ABaraapppap|ABplaappa|ABprppppaa|Eprpa,ABaraapppap|ABplaappa|ABprppppaa|Eprpa,1
PHA_01000,Caaapp,129,130,5,1,4,4,ABalpaapa|Caaapp|Caappd|Cpapaa,ABalpaapa|Caaapp|Caappd|Cpapaa,1
PHA_01001,Caappd,129,130,5,1,4,4,ABalpaapa|Caaapp|Caappd|Cpapaa,ABalpaapa|Caaapp|Caappd|Cpapaa,1
PHA_01002,Cpapaa,129,130,5,1,4,4,ABalpaapa|Caaapp|Caappd|Cpapaa,ABalpaapa|Caaapp|Caappd|Cpapaa,1
PHA_01003,Cpapap,129,130,0,71,3,3,ABalaaaal|Cpapap|Cpappd,ABalaaaal|Cpapap|Cpappd,1
PHA_01004,Cpappd,129,130,0,71,3,3,ABalaaaal|Cpapap|Cpappd,ABalaaaal|Cpapap|Cpappd,1
PHA_01005,ABaraapppap,129,130,15,16,4,4,ABaraapppap|ABplaappa|ABprppppaa|Eprpa,ABaraapppap|ABplaappa|ABprppppaa|Eprpa,1
PHA_01006,ABpraaapppp,129,130,17,67,3,3,ABplapaaa|ABpraaapppp|ABprppappa,ABplapaaa|ABpraaapppp|ABprppappa,1
PHA_01007,ABalapapa,131,132,40,46,3,3,ABalapapa|ABalappap|Cppppp,ABalapapa|ABalappap|Cppppp,1
PHA_01008,ABalappap,131,132,40,46,3,3,ABalapapa|ABalappap|Cppppp,ABalapapa|ABalappap|Cppppp,1
PHA_01009,ABarapppa,131,132,38,45,6,6,ABarappaaa|ABarapppa|ABplpapppp|Caaaaa|Capaap|MSpaapap,ABarappaaa|ABarapppa|ABplpapppp|Caaaaa|Capaap|MSpaapap,1
PHA_01010,ABarpaaaa,131,132,12,11,5,5,ABarpaaaa|ABarppappp|ABplappppp|ABplpppapp|ABpraaaaa,ABarpaaaa|ABarppappp|ABplappppp|ABplpppapp|ABpraaaaa,1
PHA_01011,ABplappaa,131,132,30,33,4,4,ABarppaaaa|ABplappaa|Earp|MSappap,ABarppaaaa|ABplappaa|Earp|MSappap,1
PHA_01012,ABpraaaaa,131,132,12,11,5,5,ABarpaaaa|ABarppappp|ABplappppp|ABplpppapp|ABpraaaaa,ABarpaaaa|ABarppappp|ABplappppp|ABplpppapp|ABpraaaaa,1
PHA_01013,Earp,131,132,30,33,4,4,ABarppaaaa|ABplappaa|Earp|MSappap,ABarppaaaa|ABplappaa|Earp|MSappap,1
PHA_01014,Epra,131,132,48,34,3,3,ABplaaappa|Epra|MSapapp,ABplaaappa|Epra|MSapapp,1
PHA_01015,Cappp,131,132,41,36,3,3,ABalapppaa|Cappp|Cppap,ABalapppaa|Cappp|Cppap,1
PHA_01016,Cppap,131,132,41,36,3,3,ABalapppaa|Cappp|Cppap,ABalapppaa|Cappp|Cppap,1
PHA_01017,MSapapp,131,132,48,34,3,3,ABplaaappa|Epra|MSapapp,ABplaaappa|Epra|MSapapp,1
PHA_01018,MSappap,131,132,30,33,4,4,ABarppaaaa|ABplappaa|Earp|MSappap,ABarppaaaa|ABplappaa|Earp|MSappap,1
PHA_01019,ABarppaaaa,131,132,30,33,4,4,ABarppaaaa|ABplappaa|Earp|MSappap,ABarppaaaa|ABplappaa|Earp|MSappap,1
PHA_01020,ABarppappp,131,132,12,11,5,5,ABarpaaaa|ABarppappp|ABplappppp|ABplpppapp|ABpraaaaa,ABarpaaaa|ABarppappp|ABplappppp|ABplpppapp|ABpraaaaa,1
PHA_01021,ABplappppp,131,132,12,11,5,5,ABarpaaaa|ABarppappp|ABplappppp|ABplpppapp|ABpraaaaa,ABarpaaaa|ABarppappp|ABplappppp|ABplpppapp|ABpraaaaa,1
PHA_01022,Caaaaa,131,132,38,45,6,6,ABarappaaa|ABarapppa|ABplpapppp|Caaaaa|Capaap|MSpaapap,ABarappaaa|ABarapppa|ABplpapppp|Caaaaa|Capaap|MSpaapap,1
PHA_01023,Capaap,131,132,38,45,6,6,ABarappaaa|ABarapppa|ABplpapppp|Caaaaa|Capaap|MSpaapap,ABarappaaa|ABarapppa|ABplpapppp|Caaaaa|Capaap|MSpaapap,1
PHA_01024,Cppppp,131,132,40,46,3,3,ABalapapa|ABalappap|Cppppp,ABalapapa|ABalappap|Cppppp,1
PHA_01025,ABalapppaa,131,132,41,36,3,3,ABalapppaa|Cappp|Cppap,ABalapppaa|Cappp|Cppap,1
PHA_01026,ABplaaappa,131,132,48,34,3,3,ABplaaappa|Epra|MSapapp,ABplaaappa|Epra|MSapapp,1
PHA_01027,ABplpapppp,131,132,38,45,6,6,ABarappaaa|ABarapppa|ABplpapppp|Caaaaa|Capaap|MSpaapap,ABarappaaa|ABarapppa|ABplpapppp|Caaaaa|Capaap|MSpaapap,1
PHA_01028,ABplpppapp,131,132,12,11,5,5,ABarpaaaa|ABarppappp|ABplappppp|ABplpppapp|ABpraaaaa,ABarpaaaa|ABarppappp|ABplappppp|ABplpppapp|ABpraaaaa,1
PHA_01029,ABpraapppa,131,132,51,58,4,4,ABplppaaap|ABpraapppa|ABprpaappp|ABprppaapa,ABplppaaap|ABpraapppa|ABprpaappp|ABprppaapa,1
PHA_01030,ABprpaappp,131,132,51,58,4,4,ABplppaaap|ABpraapppa|ABprpaappp|ABprppaapa,ABplppaaap|ABpraapppa|ABprpaappp|ABprppaapa,1
PHA_01031,ABprppaapa,131,132,51,58,4,4,ABplppaaap|ABpraapppa|ABprpaappp|ABprppaapa,ABplppaaap|ABpraapppa|ABprpaappp|ABprppaapa,1
PHA_01032,ABarappaaa,131,132,38,45,6,6,ABarappaaa|ABarapppa|ABplpapppp|Caaaaa|Capaap|MSpaapap,ABarappaaa|ABarapppa|ABplpapppp|Caaaaa|Capaap|MSpaapap,1
PHA_01033,ABplppaaap,131,132,51,58,4,4,ABplppaaap|ABpraapppa|ABprpaappp|ABprppaapa,ABplppaaap|ABpraapppa|ABprpaappp|ABprppaapa,1
PHA_01034,MSpaapap,131,132,38,45,6,6,ABarappaaa|ABarapppa|ABplpapppp|Caaaaa|Capaap|MSpaapap,ABarappaaa|ABarapppa|ABplpapppp|Caaaaa|Capaap|MSpaapap,1
PHA_01035,ABarppapa,132,133,16,8,4,4,ABarppapa|ABplapaaaa|ABplapapa|MSapppa,ABarppapa|ABplapaaaa|ABplapapa|MSapppa,1
PHA_01036,ABplapapa,132,133,16,8,4,4,ABarppapa|ABplapaaaa|ABplapapa|MSapppa,ABarppapa|ABplapaaaa|ABplapapa|MSapppa,1
PHA_01037,Epra,132,133,34,29,3,3,ABplaaappa|Epra|MSapapp,ABplaaappa|Epra|MSapapp,1
PHA_01038,MSapapp,132,133,34,29,3,3,ABplaaappa|Epra|MSapapp,ABplaaappa|Epra|MSapapp,1
PHA_01039,MSapppa,132,133,16,8,4,4,ABarppapa|ABplapaaaa|ABplapapa|MSapppa,ABarppapa|ABplapaaaa|ABplapapa|MSapppa,1
PHA_01040,ABplapaaaa,132,133,16,8,4,4,ABarppapa|ABplapaaaa|ABplapapa|MSapppa,ABarppapa|ABplapaaaa|ABplapapa|MSapppa,1
PHA_01041,ABalaaaala,132,133,48,47,3,3,ABalaaaala|ABalaaapal|ABalapaaaa,ABalaaaala|ABalaaapal|ABalapaaaa,1
PHA_01042,ABalaaapal,132,133,48,47,3,3,ABalaaaala|ABalaaapal|ABalapaaaa,ABalaaaala|ABalaaapal|ABalapaaaa,1
PHA_01043,ABalapaaaa,132,133,48,47,3,3,ABalaaaala|ABalaaapal|ABalapaaaa,ABalaaaala|ABalaaapal|ABalapaaaa,1
PHA_01044,ABarapaaap,132,133,52,51,3,3,ABarapaaap|ABarapaapa|ABarapapaa,ABarapaaap|ABarapaapa|ABarapapaa,1
PHA_01045,ABarapaapa,132,133,52,51,3,3,ABarapaaap|ABarapaapa|ABarapapaa,ABarapaaap|ABarapaapa|ABarapapaa,1
PHA_01046,ABarapapaa,132,133,52,51,3,3,ABarapaaap|ABarapaapa|ABarapapaa,ABarapaaap|ABarapaapa|ABarapapaa,1
PHA_01047,ABplaaappa,132,133,34,29,3,3,ABplaaappa|Epra|MSapapp,ABplaaappa|Epra|MSapapp,1
PHA_01048,ABarapapp,133,134,4,5,4,4,ABarapapp|Cppaaa|Dappa|MSaaapp,ABarapapp|Cppaaa|Dappa|MSaaapp,1
PHA_01049,ABarpapap,133,134,36,9,4,4,ABarpapap|ABplappaap|ABplappapa|ABplppappp,ABarpapap|ABplappaap|ABplappapa|ABplppappp,1
PHA_01050,ABplaapap,133,134,37,44,3,3,ABplaapap|ABplapppaa|ABplpppaap,ABplaapap|ABplapppaa|ABplpppaap,1
PHA_01051,ABplpappa,133,134,17,15,4,4,ABplpappa|ABprapaaaa|ABprpapaap|MSppppa,ABplpappa|ABprapaaaa|ABprpapaap|MSppppa,1
PHA_01052,ABprapapp,133,134,20,19,5,5,ABalppapap|ABalpppaap|ABalpppapa|ABprapapp|Cpaap,ABalppapap|ABalpppaap|ABalpppapa|ABprapapp|Cpaap,1
PHA_01053,ABprpapap,133,134,27,33,3,3,ABprpapap|Earap|MSpppa,ABprpapap|Earap|MSpppa,1
PHA_01054,MSaaapp,133,134,4,5,4,4,ABarapapp|Cppaaa|Dappa|MSaaapp,ABarapapp|Cppaaa|Dappa|MSaaapp,1
PHA_01055,MSpppa,133,134,27,33,3,3,ABprpapap|Earap|MSpppa,ABprpapap|Earap|MSpppa,1
PHA_01056,Cpaap,133,134,20,19,5,5,ABalppapap|ABalpppaap|ABalpppapa|ABprapapp|Cpaap,ABalppapap|ABalpppaap|ABalpppapa|ABprapapp|Cpaap,1
PHA_01057,MSppppa,133,134,17,15,4,4,ABplpappa|ABprapaaaa|ABprpapaap|MSppppa,ABplpappa|ABprapaaaa|ABprpapaap|MSppppa,1
PHA_01058,MSppppp,133,134,33,41,4,4,ABarppppaa|Dapa|Dapap|MSppppp,ABarppppaa|Dapa|Dapap|MSppppp,1
PHA_01059,ABarppppaa,133,134,33,41,4,4,ABarppppaa|Dapa|Dapap|MSppppp,ABarppppaa|Dapa|Dapap|MSppppp,1
PHA_01060,ABplappaap,133,134,36,9,4,4,ABarpapap|ABplappaap|ABplappapa|ABplppappp,ABarpapap|ABplappaap|ABplappapa|ABplppappp,1
PHA_01061,ABplappapa,133,134,36,9,4,4,ABarpapap|ABplappaap|ABplappapa|ABplppappp,ABarpapap|ABplappaap|ABplappapa|ABplppappp,1
PHA_01062,ABplapppaa,133,134,37,44,3,3,ABplaapap|ABplapppaa|ABplpppaap,ABplaapap|ABplapppaa|ABplpppaap,1
PHA_01063,ABprapaaaa,133,134,17,15,4,4,ABplpappa|ABprapaaaa|ABprpapaap|MSppppa,ABplpappa|ABprapaaaa|ABprpapaap|MSppppa,1
PHA_01064,Cppaaa,133,134,4,5,4,4,ABarapapp|Cppaaa|Dappa|MSaaapp,ABarapapp|Cppaaa|Dappa|MSaaapp,1
PHA_01065,ABalppapap,133,134,20,19,5,5,ABalppapap|ABalpppaap|ABalpppapa|ABprapapp|Cpaap,ABalppapap|ABalpppaap|ABalpppapa|ABprapapp|Cpaap,1
PHA_01066,ABalpppaap,133,134,20,19,5,5,ABalppapap|ABalpppaap|ABalpppapa|ABprapapp|Cpaap,ABalppapap|ABalpppaap|ABalpppapa|ABprapapp|Cpaap,1
PHA_01067,ABalpppapa,133,134,20,19,5,5,ABalppapap|ABalpppaap|ABalpppapa|ABprapapp|Cpaap,ABalppapap|ABalpppaap|ABalpppapa|ABprapapp|Cpaap,1
PHA_01068,ABarapppap,133,134,53,50,3,3,ABarapppap|ABprpaaaap|MSapaapp,ABarapppap|ABprpaaaap|MSapaapp,1
PHA_01069,ABplppappp,133,134,36,9,4,4,ABarpapap|ABplappaap|ABplappapa|ABplppappp,ABarpapap|ABplappaap|ABplappapa|ABplppappp,1
PHA_01070,ABplpppaap,133,134,37,44,3,3,ABplaapap|ABplapppaa|ABplpppaap,ABplaapap|ABplapppaa|ABplpppaap,1
PHA_01071,ABprpaaaap,133,134,53,50,3,3,ABarapppap|ABprpaaaap|MSapaapp,ABarapppap|ABprpaaaap|MSapaapp,1
PHA_01072,ABprpapaap,133,134,17,15,4,4,ABplpappa|ABprapaaaa|ABprpapaap|MSppppa,ABplpappa|ABprapaaaa|ABprpapaap|MSppppa,1
PHA_01073,Earap,133,134,27,33,3,3,ABprpapap|Earap|MSpppa,ABprpapap|Earap|MSpppa,1
PHA_01074,Dapa,133,134,33,41,4,4,ABarppppaa|Dapa|Dapap|MSppppp,ABarppppaa|Dapa|Dapap|MSppppp,1
PHA_01075,MSapaapp,133,134,53,50,3,3,ABarapppap|ABprpaaaap|MSapaapp,ABarapppap|ABprpaaaap|MSapaapp,1
PHA_01076,Dapap,133,134,33,41,4,4,ABarppppaa|Dapa|Dapap|MSppppp,ABarppppaa|Dapa|Dapap|MSppppp,1
PHA_01077,Dappa,133,134,4,5,4,4,ABarapapp|Cppaaa|Dappa|MSaaapp,ABarapapp|Cppaaa|Dappa|MSaaapp,1
PHA_01078,ABarpaaaa,134,135,6,7,3,3,ABarpaaaa|ABplappppp|ABpraaaaa,ABarpaaaa|ABplappppp|ABpraaaaa,1
PHA_01079,ABarpaapp,134,135,7,8,7,7,ABarpaapp|ABarpappp|ABarppaaa|ABplapaapp|ABplappaaa|ABplppaapp|ABplppappa,ABarpaapp|ABarpappp|ABarppaaa|ABplapaapp|ABplappaaa|ABplppaapp|ABplppappa,1
PHA_01080,ABarpappp,134,135,7,8,7,7,ABarpaapp|ABarpappp|ABarppaaa|ABplapaapp|ABplappaaa|ABplppaapp|ABplppappa,ABarpaapp|ABarpappp|ABarppaaa|ABplapaapp|ABplappaaa|ABplppaapp|ABplppappa,1
PHA_01081,ABarppaaa,134,135,7,8,7,7,ABarpaapp|ABarpappp|ABarppaaa|ABplapaapp|ABplappaaa|ABplppaapp|ABplppappa,ABarpaapp|ABarpappp|ABarppaaa|ABplapaapp|ABplappaaa|ABplppaapp|ABplppappa,1
PHA_01082,ABarppapa,134,135,10,12,4,4,ABarppapa|ABplapaaaa|ABplapapa|Epraa,ABarppapa|ABplapaaaa|ABplapapa|Epraa,1
PHA_01083,ABplaappp,134,135,22,36,5,5,ABplaappp|ABplpapppa|ABprpaapa|Dpap|Eara,ABplaappp|ABplpapppa|ABprpaapa|Dpap|Eara,1
PHA_01084,ABplapapa,134,135,10,12,4,4,ABarppapa|ABplapaaaa|ABplapapa|Epraa,ABarppapa|ABplapaaaa|ABplapapa|Epraa,1
PHA_01085,ABpraaaaa,134,135,6,7,3,3,ABarpaaaa|ABplappppp|ABpraaaaa,ABarpaaaa|ABplappppp|ABpraaaaa,1
PHA_01086,ABprapapp,134,135,19,22,5,5,ABalppapap|ABalpppaap|ABalpppapa|ABprapapp|Cpaap,ABalppapap|ABalpppaap|ABalpppapa|ABprapapp|Cpaap,1
PHA_01087,ABprpaapa,134,135,22,36,5,5,ABplaappp|ABplpapppa|ABprpaapa|Dpap|Eara,ABplaappp|ABplpapppa|ABprpaapa|Dpap|Eara,1
PHA_01088,MSapap,134,135,29,65,3,3,MSaapppp|MSapap|MSpapppp,MSaapppp|MSapap|MSpapppp,1
PHA_01089,Eara,134,135,22,36,5,5,ABplaappp|ABplpapppa|ABprpaapa|Dpap|Eara,ABplaappp|ABplpapppa|ABprpaapa|Dpap|Eara,1
PHA_01090,Cpaap,134,135,19,22,5,5,ABalppapap|ABalpppaap|ABalpppapa|ABprapapp|Cpaap,ABalppapap|ABalpppaap|ABalpppapa|ABprapapp|Cpaap,1
PHA_01091,ABplapaaaa,134,135,10,12,4,4,ABarppapa|ABplapaaaa|ABplapapa|Epraa,ABarppapa|ABplapaaaa|ABplapapa|Epraa,1
PHA_01092,ABplapaapp,134,135,7,8,7,7,ABarpaapp|ABarpappp|ABarppaaa|ABplapaapp|ABplappaaa|ABplppaapp|ABplppappa,ABarpaapp|ABarpappp|ABarppaaa|ABplapaapp|ABplappaaa|ABplppaapp|ABplppappa,1
PHA_01093,ABplappaaa,134,135,7,8,7,7,ABarpaapp|ABarpappp|ABarppaaa|ABplapaapp|ABplappaaa|ABplppaapp|ABplppappa,ABarpaapp|ABarpappp|ABarppaaa|ABplapaapp|ABplappaaa|ABplppaapp|ABplppappa,1
PHA_01094,ABplappppp,134,135,6,7,3,3,ABarpaaaa|ABplappppp|ABpraaaaa,ABarpaaaa|ABplappppp|ABpraaaaa,1
PHA_01095,ABalppapap,134,135,19,22,5,5,ABalppapap|ABalpppaap|ABalpppapa|ABprapapp|Cpaap,ABalppapap|ABalpppaap|ABalpppapa|ABprapapp|Cpaap,1
PHA_01096,ABalpppaap,134,135,19,22,5,5,ABalppapap|ABalpppaap|ABalpppapa|ABprapapp|Cpaap,ABalppapap|ABalpppaap|ABalpppapa|ABprapapp|Cpaap,1
PHA_01097,ABalpppapa,134,135,19,22,5,5,ABalppapap|ABalpppaap|ABalpppapa|ABprapapp|Cpaap,ABalppapap|ABalpppaap|ABalpppapa|ABprapapp|Cpaap,1
PHA_01098,ABplpapppa,134,135,22,36,5,5,ABplaappp|ABplpapppa|ABprpaapa|Dpap|Eara,ABplaappp|ABplpapppa|ABprpaapa|Dpap|Eara,1
PHA_01099,ABplppaapp,134,135,7,8,7,7,ABarpaapp|ABarpappp|ABarppaaa|ABplapaapp|ABplappaaa|ABplppaapp|ABplppappa,ABarpaapp|ABarpappp|ABarppaaa|ABplapaapp|ABplappaaa|ABplppaapp|ABplppappa,1
PHA_01100,ABplppappa,134,135,7,8,7,7,ABarpaapp|ABarpappp|ABarppaaa|ABplapaapp|ABplappaaa|ABplppaapp|ABplppappa,ABarpaapp|ABarpappp|ABarppaaa|ABplapaapp|ABplappaaa|ABplppaapp|ABplppappa,1
PHA_01101,Dpap,134,135,22,36,5,5,ABplaappp|ABplpapppa|ABprpaapa|Dpap|Eara,ABplaappp|ABplpapppa|ABprpaapa|Dpap|Eara,1
PHA_01102,Epraa,134,135,10,12,4,4,ABarppapa|ABplapaaaa|ABplapapa|Epraa,ABarppapa|ABplapaaaa|ABplapapa|Epraa,1
PHA_01103,MSpapppp,134,135,29,65,3,3,MSaapppp|MSapap|MSpapppp,MSaapppp|MSapap|MSpapppp,1
PHA_01104,MSaapppp,134,135,29,65,3,3,MSaapppp|MSapap|MSpapppp,MSaapppp|MSapap|MSpapppp,1
PHA_01105,ABalaapap,135,136,61,59,3,3,ABalaapap|ABalpapaa|ABalppaaaa,ABalaapap|ABalpapaa|ABalppaaaa,1
PHA_01106,ABalpapaa,135,136,61,59,3,3,ABalaapap|ABalpapaa|ABalppaaaa,ABalaapap|ABalpapaa|ABalppaaaa,1
PHA_01107,ABalppapp,135,136,2,5,5,5,ABalppapp|ABaraappp|ABprappaap|ABprappapa|ABprppppap,ABalppapp|ABaraappp|ABprappaap|ABprappapa|ABprppppap,1
PHA_01108,ABaraappp,135,136,2,5,5,5,ABalppapp|ABaraappp|ABprappaap|ABprappapa|ABprppppap,ABalppapp|ABaraappp|ABprappaap|ABprappapa|ABprppppap,1
PHA_01109,ABprapaap,135,136,21,20,5,5,ABplaappaa|ABplpaapap|ABplpapaaa|ABprapaap|Cpaaa,ABplaappaa|ABplpaapap|ABplpapaaa|ABprapaap|Cpaaa,1
PHA_01110,ABprpppaa,135,136,27,52,3,3,ABaraapaaa|ABprpppaa|Cpppp,ABaraapaaa|ABprpppaa|Cpppp,1
PHA_01111,Cpaaa,135,136,21,20,5,5,ABplaappaa|ABplpaapap|ABplpapaaa|ABprapaap|Cpaaa,ABplaappaa|ABplpaapap|ABplpapaaa|ABprapaap|Cpaaa,1
PHA_01112,Cpppp,135,136,27,52,3,3,ABaraapaaa|ABprpppaa|Cpppp,ABaraapaaa|ABprpppaa|Cpppp,1
PHA_01113,ABprappaap,135,136,2,5,5,5,ABalppapp|ABaraappp|ABprappaap|ABprappapa|ABprppppap,ABalppapp|ABaraappp|ABprappaap|ABprappapa|ABprppppap,1
PHA_01114,ABprappapa,135,136,2,5,5,5,ABalppapp|ABaraappp|ABprappaap|ABprappapa|ABprppppap,ABalppapp|ABaraappp|ABprappaap|ABprappapa|ABprppppap,1
PHA_01115,ABaraapaaa,135,136,27,52,3,3,ABaraapaaa|ABprpppaa|Cpppp,ABaraapaaa|ABprpppaa|Cpppp,1
PHA_01116,ABplaappaa,135,136,21,20,5,5,ABplaappaa|ABplpaapap|ABplpapaaa|ABprapaap|Cpaaa,ABplaappaa|ABplpaapap|ABplpapaaa|ABprapaap|Cpaaa,1
PHA_01117,ABplpaapap,135,136,21,20,5,5,ABplaappaa|ABplpaapap|ABplpapaaa|ABprapaap|Cpaaa,ABplaappaa|ABplpaapap|ABplpapaaa|ABprapaap|Cpaaa,1
PHA_01118,ABplpapaaa,135,136,21,20,5,5,ABplaappaa|ABplpaapap|ABplpapaaa|ABprapaap|Cpaaa,ABplaappaa|ABplpaapap|ABplpapaaa|ABprapaap|Cpaaa,1
PHA_01119,ABprppppap,135,136,2,5,5,5,ABalppapp|ABaraappp|ABprappaap|ABprappapa|ABprppppap,ABalppapp|ABaraappp|ABprappaap|ABprappapa|ABprppppap,1
PHA_01120,ABalppaaaa,135,136,61,59,3,3,ABalaapap|ABalpapaa|ABalppaaaa,ABalaapap|ABalpapaa|ABalppaaaa,1
PHA_01121,ABarapapp,136,137,6,8,3,3,ABarapapp|Cppaaa|MSpaapa,ABarapapp|Cppaaa|MSpaapa,1
PHA_01122,ABarpaaaa,136,137,7,9,3,3,ABarpaaaa|ABplappppp|ABpraaaaa,ABarpaaaa|ABplappppp|ABpraaaaa,1
PHA_01123,ABplpapap,136,137,17,18,4,4,ABplpapap|ABprapaaap|ABprapaapa|MSpapaa,ABplpapap|ABprapaaap|ABprapaapa|MSpapaa,1
PHA_01124,ABplpappa,136,137,18,53,3,3,ABplpappa|ABprapaaaa|Daaa,ABplpappa|ABprapaaaa|Daaa,1
PHA_01125,ABpraaaaa,136,137,7,9,3,3,ABarpaaaa|ABplappppp|ABpraaaaa,ABarpaaaa|ABplappppp|ABpraaaaa,1
PHA_01126,ABprapaap,136,137,20,25,5,5,ABplaappaa|ABplpaapap|ABplpapaaa|ABprapaap|Cpaaa,ABplaappaa|ABplpaapap|ABplpapaaa|ABprapaap|Cpaaa,1
PHA_01127,ABprppapp,136,137,51,55,3,3,ABalpaaapa|ABalpaappp|ABprppapp,ABalpaaapa|ABalpaappp|ABprppapp,1
PHA_01128,MSpaapa,136,137,6,8,3,3,ABarapapp|Cppaaa|MSpaapa,ABarapapp|Cppaaa|MSpaapa,1
PHA_01129,MSpaapp,136,137,30,42,3,3,ABprpapapp|MSpaapp|MSppppp,ABprpapapp|MSpaapp|MSppppp,1
PHA_01130,MSpapaa,136,137,17,18,4,4,ABplpapap|ABprapaaap|ABprapaapa|MSpapaa,ABplpapap|ABprapaaap|ABprapaapa|MSpapaa,1
PHA_01131,Cpaaa,136,137,20,25,5,5,ABplaappaa|ABplpaapap|ABplpapaaa|ABprapaap|Cpaaa,ABplaappaa|ABplpaapap|ABplpapaaa|ABprapaap|Cpaaa,1
PHA_01132,MSppppp,136,137,30,42,3,3,ABprpapapp|MSpaapp|MSppppp,ABprpapapp|MSpaapp|MSppppp,1
PHA_01133,ABplappppp,136,137,7,9,3,3,ABarpaaaa|ABplappppp|ABpraaaaa,ABarpaaaa|ABplappppp|ABpraaaaa,1
PHA_01134,ABprapaaaa,136,137,18,53,3,3,ABplpappa|ABprapaaaa|Daaa,ABplpappa|ABprapaaaa|Daaa,1
PHA_01135,ABprapaaap,136,137,17,18,4,4,ABplpapap|ABprapaaap|ABprapaapa|MSpapaa,ABplpapap|ABprapaaap|ABprapaapa|MSpapaa,1
PHA_01136,ABprapaapa,136,137,17,18,4,4,ABplpapap|ABprapaaap|ABprapaapa|MSpapaa,ABplpapap|ABprapaaap|ABprapaapa|MSpapaa,1
PHA_01137,Cppaaa,136,137,6,8,3,3,ABarapapp|Cppaaa|MSpaapa,ABarapapp|Cppaaa|MSpaapa,1
PHA_01138,ABalpaaapa,136,137,51,55,3,3,ABalpaaapa|ABalpaappp|ABprppapp,ABalpaaapa|ABalpaappp|ABprppapp,1
PHA_01139,ABalpaappp,136,137,51,55,3,3,ABalpaaapa|ABalpaappp|ABprppapp,ABalpaaapa|ABalpaappp|ABprppapp,1
PHA_01140,ABarappapa,136,137,55,57,3,3,ABarappapa|ABpraappaa|ABprpaapap,ABarappapa|ABpraappaa|ABprpaapap,1
PHA_01141,ABplaappaa,136,137,20,25,5,5,ABplaappaa|ABplpaapap|ABplpapaaa|ABprapaap|Cpaaa,ABplaappaa|ABplpaapap|ABplpapaaa|ABprapaap|Cpaaa,1
PHA_01142,ABplpaapap,136,137,20,25,5,5,ABplaappaa|ABplpaapap|ABplpapaaa|ABprapaap|Cpaaa,ABplaappaa|ABplpaapap|ABplpapaaa|ABprapaap|Cpaaa,1
PHA_01143,ABplpapaaa,136,137,20,25,5,5,ABplaappaa|ABplpaapap|ABplpapaaa|ABprapaap|Cpaaa,ABplaappaa|ABplpaapap|ABplpapaaa|ABprapaap|Cpaaa,1
PHA_01144,ABpraappaa,136,137,55,57,3,3,ABarappapa|ABpraappaa|ABprpaapap,ABarappapa|ABpraappaa|ABprpaapap,1
PHA_01145,ABprpaapap,136,137,55,57,3,3,ABarappapa|ABpraappaa|ABprpaapap,ABarappapa|ABpraappaa|ABprpaapap,1
PHA_01146,ABprpapapp,136,137,30,42,3,3,ABprpapapp|MSpaapp|MSppppp,ABprpapapp|MSpaapp|MSppppp,1
PHA_01147,Daaa,136,137,18,53,3,3,ABplpappa|ABprapaaaa|Daaa,ABplpappa|ABprapaaaa|Daaa,1
PHA_01148,ABplapppa,137,138,16,12,5,5,ABalapappp|ABplaaaapp|ABplapppa|Eplp|MSaapaaa,ABalapappp|ABplaaaapp|ABplapppa|Eplp|MSaapaaa,1
PHA_01149,ABplpappa,137,138,53,47,3,3,ABplpappa|ABprapaaaa|Daaa,ABplpappa|ABprapaaaa|Daaa,1
PHA_01150,Eplp,137,138,16,12,5,5,ABalapappp|ABplaaaapp|ABplapppa|Eplp|MSaapaaa,ABalapappp|ABplaaaapp|ABplapppa|Eplp|MSaapaaa,1
PHA_01151,Eprp,137,138,39,38,3,3,ABalppappa|ABalpppppa|Eprp,ABalppappa|ABalpppppa|Eprp,1
PHA_01152,Cpapp,137,138,54,36,3,3,ABalapapap|ABplaaaaaa|Cpapp,ABalapapap|ABplaaaaaa|Cpapp,1
PHA_01153,ABalpppppa,137,138,39,38,3,3,ABalppappa|ABalpppppa|Eprp,ABalppappa|ABalpppppa|Eprp,1
PHA_01154,ABalapappp,137,138,16,12,5,5,ABalapappp|ABplaaaapp|ABplapppa|Eplp|MSaapaaa,ABalapappp|ABplaaaapp|ABplapppa|Eplp|MSaapaaa,1
PHA_01155,ABalppappa,137,138,39,38,3,3,ABalppappa|ABalpppppa|Eprp,ABalppappa|ABalpppppa|Eprp,1
PHA_01156,ABprpaappp,137,138,49,46,3,3,ABpraapppp|ABprpaappp|ABprppaapp,ABpraapppp|ABprpaappp|ABprppaapp,1
PHA_01157,ABprapaaaa,137,138,53,47,3,3,ABplpappa|ABprapaaaa|Daaa,ABplpappa|ABprapaaaa|Daaa,1
PHA_01158,ABalapapap,137,138,54,36,3,3,ABalapapap|ABplaaaaaa|Cpapp,ABalapapap|ABplaaaaaa|Cpapp,1
PHA_01159,ABplaaaaaa,137,138,54,36,3,3,ABalapapap|ABplaaaaaa|Cpapp,ABalapapap|ABplaaaaaa|Cpapp,1
PHA_01160,ABplaaaapp,137,138,16,12,5,5,ABalapappp|ABplaaaapp|ABplapppa|Eplp|MSaapaaa,ABalapappp|ABplaaaapp|ABplapppa|Eplp|MSaapaaa,1
PHA_01161,ABpraapppp,137,138,49,46,3,3,ABpraapppp|ABprpaappp|ABprppaapp,ABpraapppp|ABprpaappp|ABprppaapp,1
PHA_01162,ABprppaapp,137,138,49,46,3,3,ABpraapppp|ABprpaappp|ABprppaapp,ABpraapppp|ABprpaappp|ABprppaapp,1
PHA_01163,MSaapaaa,137,138,16,12,5,5,ABalapappp|ABplaaaapp|ABplapppa|Eplp|MSaapaaa,ABalapappp|ABplaaaapp|ABplapppa|Eplp|MSaapaaa,1
PHA_01164,Daaa,137,138,53,47,3,3,ABplpappa|ABprapaaaa|Daaa,ABplpappa|ABprapaaaa|Daaa,1
PHA_01165,ABplpaapa,138,139,29,64,3,3,ABplpaapa|Eprap|MSapapa,ABplpaapa|Eprap|MSapapa,1
PHA_01166,ABplppppp,138,139,15,23,4,4,ABalappppa|ABarapaapa|ABarappaaa|ABplppppp,ABalappppa|ABarapaapa|ABarappaaa|ABplppppp,1
PHA_01167,ABpraapap,138,139,16,60,3,3,ABplppaapp|ABplppapap|ABpraapap,ABplppaapp|ABplppapap|ABpraapap,1
PHA_01168,ABprppaaa,138,139,22,26,4,4,ABprppaaa|Ealpa|Eplaa|MSaapapp,ABprppaaa|Ealpa|Eplaa|MSaapapp,1
PHA_01169,MSaaaap,138,139,25,65,3,3,ABprappapp|MSaaaap|MSapapaa,ABprappapp|MSaaaap|MSapapaa,1
PHA_01170,MSapapa,138,139,29,64,3,3,ABplpaapa|Eprap|MSapapa,ABplpaapa|Eprap|MSapapa,1
PHA_01171,Caapp,138,139,57,63,3,3,Caapp|Cpppp|MSaaaapa,Caapp|Cpppp|MSaaaapa,1
PHA_01172,Cappp,138,139,54,59,3,3,ABaraaaapp|Cappp|Cppap,ABaraaaapp|Cappp|Cppap,1
PHA_01173,Cppap,138,139,54,59,3,3,ABaraaaapp|Cappp|Cppap,ABaraaaapp|Cappp|Cppap,1
PHA_01174,Cpppp,138,139,57,63,3,3,Caapp|Cpppp|MSaaaapa,Caapp|Cpppp|MSaaaapa,1
PHA_01175,ABarapaapa,138,139,15,23,4,4,ABalappppa|ABarapaapa|ABarappaaa|ABplppppp,ABalappppa|ABarapaapa|ABarappaaa|ABplppppp,1
PHA_01176,ABalappppa,138,139,15,23,4,4,ABalappppa|ABarapaapa|ABarappaaa|ABplppppp,ABalappppa|ABarapaapa|ABarappaaa|ABplppppp,1
PHA_01177,Ealpa,138,139,22,26,4,4,ABprppaaa|Ealpa|Eplaa|MSaapapp,ABprppaaa|Ealpa|Eplaa|MSaapapp,1
PHA_01178,ABprappapp,138,139,25,65,3,3,ABprappapp|MSaaaap|MSapapaa,ABprappapp|MSaaaap|MSapapaa,1
PHA_01179,Caaapp,138,139,50,53,3,3,Caaapp|Caappd|Cpapaa,Caaapp|Caappd|Cpapaa,1
PHA_01180,Caappd,138,139,50,53,3,3,Caaapp|Caappd|Cpapaa,Caaapp|Caappd|Cpapaa,1
PHA_01181,Cpapaa,138,139,50,53,3,3,Caaapp|Caappd|Cpapaa,Caaapp|Caappd|Cpapaa,1
PHA_01182,ABalaaaala,138,139,51,54,3,3,ABalaaaala|ABalapaaap|ABalppaaaa,ABalaaaala|ABalapaaap|ABalppaaaa,1
PHA_01183,ABalaaappr,138,139,52,57,3,3,ABalaaappr|ABalaapaaa|ABalappapp,ABalaaappr|ABalaapaaa|ABalappapp,1
PHA_01184,ABalaapaaa,138,139,52,57,3,3,ABalaaappr|ABalaapaaa|ABalappapp,ABalaaappr|ABalaapaaa|ABalappapp,1
PHA_01185,ABalapaaap,138,139,51,54,3,3,ABalaaaala|ABalapaaap|ABalppaaaa,ABalaaaala|ABalapaaap|ABalppaaaa,1
PHA_01186,ABalappapp,138,139,52,57,3,3,ABalaaappr|ABalaapaaa|ABalappapp,ABalaaappr|ABalaapaaa|ABalappapp,1
PHA_01187,ABalppaaaa,138,139,51,54,3,3,ABalaaaala|ABalapaaap|ABalppaaaa,ABalaaaala|ABalapaaap|ABalppaaaa,1
PHA_01188,ABaraaaapp,138,139,54,59,3,3,ABaraaaapp|Cappp|Cppap,ABaraaaapp|Cappp|Cppap,1
PHA_01189,ABarappaaa,138,139,15,23,4,4,ABalappppa|ABarapaapa|ABarappaaa|ABplppppp,ABalappppa|ABarapaapa|ABarappaaa|ABplppppp,1
PHA_01190,ABplppaapp,138,139,16,60,3,3,ABplppaapp|ABplppapap|ABpraapap,ABplppaapp|ABplppapap|ABpraapap,1
PHA_01191,ABplppapap,138,139,16,60,3,3,ABplppaapp|ABplppapap|ABpraapap,ABplppaapp|ABplppapap|ABpraapap,1
PHA_01192,MSaaaapa,138,139,57,63,3,3,Caapp|Cpppp|MSaaaapa,Caapp|Cpppp|MSaaaapa,1
PHA_01193,MSaapapp,138,139,22,26,4,4,ABprppaaa|Ealpa|Eplaa|MSaapapp,ABprppaaa|Ealpa|Eplaa|MSaapapp,1
PHA_01194,Eplaa,138,139,22,26,4,4,ABprppaaa|Ealpa|Eplaa|MSaapapp,ABprppaaa|Ealpa|Eplaa|MSaapapp,1
PHA_01195,Eprap,138,139,29,64,3,3,ABplpaapa|Eprap|MSapapa,ABplpaapa|Eprap|MSapapa,1
PHA_01196,MSapapaa,138,139,25,65,3,3,ABprappapp|MSaaaap|MSapapaa,ABprappapp|MSaaaap|MSapapaa,1
PHA_01197,ABarpaaaa,139,140,12,9,5,5,ABarpaaaa|ABplaaapa|ABplappppp|ABpraaaaa|Caaapa,ABarpaaaa|ABplaaapa|ABplappppp|ABpraaaaa|Caaapa,1
PHA_01198,ABplaaapa,139,140,12,9,5,5,ABarpaaaa|ABplaaapa|ABplappppp|ABpraaaaa|Caaapa,ABarpaaaa|ABplaaapa|ABplappppp|ABpraaaaa|Caaapa,1
PHA_01199,ABpraaaaa,139,140,12,9,5,5,ABarpaaaa|ABplaaapa|ABplappppp|ABpraaaaa|Caaapa,ABarpaaaa|ABplaaapa|ABplappppp|ABpraaaaa|Caaapa,1
PHA_01200,ABpraapap,139,140,60,65,3,3,ABplppaapp|ABplppapap|ABpraapap,ABplppaapp|ABplppapap|ABpraapap,1
PHA_01201,ABprppapp,139,140,28,44,4,4,ABalapaapp|ABalpaaapa|ABplpaaaaa|ABprppapp,ABalapaapp|ABalpaaapa|ABplpaaaaa|ABprppapp,1
PHA_01202,MSaaaap,139,140,65,70,3,3,ABprappapp|MSaaaap|MSapapaa,ABprappapp|MSaaaap|MSapapaa,1
PHA_01203,ABplpaaaaa,139,140,28,44,4,4,ABalapaapp|ABalpaaapa|ABplpaaaaa|ABprppapp,ABalapaapp|ABalpaaapa|ABplpaaaaa|ABprppapp,1
PHA_01204,ABalapaapp,139,140,28,44,4,4,ABalapaapp|ABalpaaapa|ABplpaaaaa|ABprppapp,ABalapaapp|ABalpaaapa|ABplpaaaaa|ABprppapp,1
PHA_01205,ABpraapppa,139,140,48,50,3,3,ABpraapppa|ABprpaappp|ABprppaapp,ABpraapppa|ABprpaappp|ABprppaapp,1
PHA_01206,ABprpaappp,139,140,48,50,3,3,ABpraapppa|ABprpaappp|ABprppaapp,ABpraapppa|ABprpaappp|ABprppaapp,1
PHA_01207,ABplappppp,139,140,12,9,5,5,ABarpaaaa|ABplaaapa|ABplappppp|ABpraaaaa|Caaapa,ABarpaaaa|ABplaaapa|ABplappppp|ABpraaaaa|Caaapa,1
PHA_01208,ABprappapp,139,140,65,70,3,3,ABprappapp|MSaaaap|MSapapaa,ABprappapp|MSaaaap|MSapapaa,1
PHA_01209,Caaapa,139,140,12,9,5,5,ABarpaaaa|ABplaaapa|ABplappppp|ABpraaaaa|Caaapa,ABarpaaaa|ABplaaapa|ABplappppp|ABpraaaaa|Caaapa,1
PHA_01210,Caaapp,139,140,53,57,3,3,Caaapp|Caappd|Cpapaa,Caaapp|Caappd|Cpapaa,1
PHA_01211,Caappd,139,140,53,57,3,3,Caaapp|Caappd|Cpapaa,Caaapp|Caappd|Cpapaa,1
PHA_01212,Cpapaa,139,140,53,57,3,3,Caaapp|Caappd|Cpapaa,Caaapp|Caappd|Cpapaa,1
PHA_01213,ABalaaaala,139,140,54,59,3,3,ABalaaaala|ABalapaaap|ABalppaaaa,ABalaaaala|ABalapaaap|ABalppaaaa,1
PHA_01214,ABalaaaarl,139,140,55,60,3,3,ABalaaaarl|ABalapaaaa|ABalapapaa,ABalaaaarl|ABalapaaaa|ABalapapaa,1
PHA_01215,ABalaaaarr,139,140,56,61,4,4,ABalaaaarr|ABalappaaa|ABalappaap|ABarpaaaaa,ABalaaaarr|ABalappaaa|ABalappaap|ABarpaaaaa,1
PHA_01216,ABalaaappr,139,140,57,62,3,3,ABalaaappr|ABalaapaaa|ABalappapp,ABalaaappr|ABalaapaaa|ABalappapp,1
PHA_01217,ABalaapaaa,139,140,57,62,3,3,ABalaaappr|ABalaapaaa|ABalappapp,ABalaaappr|ABalaapaaa|ABalappapp,1
PHA_01218,ABalapaaaa,139,140,55,60,3,3,ABalaaaarl|ABalapaaaa|ABalapapaa,ABalaaaarl|ABalapaaaa|ABalapapaa,1
PHA_01219,ABalapaaap,139,140,54,59,3,3,ABalaaaala|ABalapaaap|ABalppaaaa,ABalaaaala|ABalapaaap|ABalppaaaa,1
PHA_01220,ABalapapaa,139,140,55,60,3,3,ABalaaaarl|ABalapaaaa|ABalapapaa,ABalaaaarl|ABalapaaaa|ABalapapaa,1
PHA_01221,ABalappaaa,139,140,56,61,4,4,ABalaaaarr|ABalappaaa|ABalappaap|ABarpaaaaa,ABalaaaarr|ABalappaaa|ABalappaap|ABarpaaaaa,1
PHA_01222,ABalappaap,139,140,56,61,4,4,ABalaaaarr|ABalappaaa|ABalappaap|ABarpaaaaa,ABalaaaarr|ABalappaaa|ABalappaap|ABarpaaaaa,1
PHA_01223,ABalappapp,139,140,57,62,3,3,ABalaaappr|ABalaapaaa|ABalappapp,ABalaaappr|ABalaapaaa|ABalappapp,1
PHA_01224,ABalpaaapa,139,140,28,44,4,4,ABalapaapp|ABalpaaapa|ABplpaaaaa|ABprppapp,ABalapaapp|ABalpaaapa|ABplpaaaaa|ABprppapp,1
PHA_01225,ABalppaaaa,139,140,54,59,3,3,ABalaaaala|ABalapaaap|ABalppaaaa,ABalaaaala|ABalapaaap|ABalppaaaa,1
PHA_01226,ABarpaaaaa,139,140,56,61,4,4,ABalaaaarr|ABalappaaa|ABalappaap|ABarpaaaaa,ABalaaaarr|ABalappaaa|ABalappaap|ABarpaaaaa,1
PHA_01227,ABplppaapp,139,140,60,65,3,3,ABplppaapp|ABplppapap|ABpraapap,ABplppaapp|ABplppapap|ABpraapap,1
PHA_01228,ABplppapap,139,140,60,65,3,3,ABplppaapp|ABplppapap|ABpraapap,ABplppaapp|ABplppapap|ABpraapap,1
PHA_01229,ABprppaapp,139,140,48,50,3,3,ABpraapppa|ABprpaappp|ABprppaapp,ABpraapppa|ABprpaappp|ABprppaapp,1
PHA_01230,MSapapaa,139,140,65,70,3,3,ABprappapp|MSaaaap|MSapapaa,ABprappapp|MSaaaap|MSapapaa,1
PHA_01231,ABarpppap,140,141,66,12,3,3,ABarpppap|ABplppapaa|ABprapaaa,ABarpppap|ABplppapaa|ABprapaaa,1
PHA_01232,ABarppppa,140,141,16,13,3,3,ABarppppa|ABplpaappp|ABplppaaaa,ABarppppa|ABplpaappp|ABplppaaaa,1
PHA_01233,ABplpaapa,140,141,31,33,4,4,ABarpppapa|ABplpaapa|Eprap|MSapapa,ABarpppapa|ABplpaapa|Eprap|MSapapa,1
PHA_01234,ABplppaa,140,141,32,34,3,3,ABarpppaap|ABplppaa|MSappa,ABarpppaap|ABplppaa|MSappa,1
PHA_01235,ABplpppaa,140,141,23,20,3,3,ABplpppaa|MSppappp|MSpppaa,ABplpppaa|MSppappp|MSpppaa,1
PHA_01236,ABprapaaa,140,141,66,12,3,3,ABarpppap|ABplppapaa|ABprapaaa,ABarpppap|ABplppapaa|ABprapaaa,1
PHA_01237,MSapapa,140,141,31,33,4,4,ABarpppapa|ABplpaapa|Eprap|MSapapa,ABarpppapa|ABplpaapa|Eprap|MSapapa,1
PHA_01238,MSappa,140,141,32,34,3,3,ABarpppaap|ABplppaa|MSappa,ABarpppaap|ABplppaa|MSappa,1
PHA_01239,MSappp,140,141,33,35,4,4,ABarapappp|ABarpaappa|Ealp|MSappp,ABarapappp|ABarpaappa|Ealp|MSappp,1
PHA_01240,MSpapaa,140,141,34,36,6,6,ABarpapppp|ABprapaaap|ABprpapaap|ABprpapapa|MSpapaa|MSppppp,ABarpapppp|ABprapaaap|ABprpapaap|ABprpapapa|MSpapaa|MSppppp,1
PHA_01241,Ealp,140,141,33,35,4,4,ABarapappp|ABarpaappa|Ealp|MSappp,ABarapappp|ABarpaappa|Ealp|MSappp,1
PHA_01242,ABarapappp,140,141,33,35,4,4,ABarapappp|ABarpaappa|Ealp|MSappp,ABarapappp|ABarpaappa|Ealp|MSappp,1
PHA_01243,ABplpaappp,140,141,16,13,3,3,ABarppppa|ABplpaappp|ABplppaaaa,ABarppppa|ABplpaappp|ABplppaaaa,1
PHA_01244,MSpppaa,140,141,23,20,3,3,ABplpppaa|MSppappp|MSpppaa,ABplpppaa|MSppappp|MSpppaa,1
PHA_01245,MSppppp,140,141,34,36,6,6,ABarpapppp|ABprapaaap|ABprpapaap|ABprpapapa|MSpapaa|MSppppp,ABarpapppp|ABprapaaap|ABprpapaap|ABprpapapa|MSpapaa|MSppppp,1
PHA_01246,ABarpaappa,140,141,33,35,4,4,ABarapappp|ABarpaappa|Ealp|MSappp,ABarapappp|ABarpaappa|Ealp|MSappp,1
PHA_01247,ABarpapppp,140,141,34,36,6,6,ABarpapppp|ABprapaaap|ABprpapaap|ABprpapapa|MSpapaa|MSppppp,ABarpapppp|ABprapaaap|ABprpapaap|ABprpapapa|MSpapaa|MSppppp,1
PHA_01248,ABarpppapa,140,141,31,33,4,4,ABarpppapa|ABplpaapa|Eprap|MSapapa,ABarpppapa|ABplpaapa|Eprap|MSapapa,1
PHA_01249,ABprpapaap,140,141,34,36,6,6,ABarpapppp|ABprapaaap|ABprpapaap|ABprpapapa|MSpapaa|MSppppp,ABarpapppp|ABprapaaap|ABprpapaap|ABprpapapa|MSpapaa|MSppppp,1
PHA_01250,ABprpapapa,140,141,34,36,6,6,ABarpapppp|ABprapaaap|ABprpapaap|ABprpapapa|MSpapaa|MSppppp,ABarpapppp|ABprapaaap|ABprpapaap|ABprpapapa|MSpapaa|MSppppp,1
PHA_01251,ABarpppaap,140,141,32,34,3,3,ABarpppaap|ABplppaa|MSappa,ABarpppaap|ABplppaa|MSappa,1
PHA_01252,ABprapaaap,140,141,34,36,6,6,ABarpapppp|ABprapaaap|ABprpapaap|ABprpapapa|MSpapaa|MSppppp,ABarpapppp|ABprapaaap|ABprpapaap|ABprpapapa|MSpapaa|MSppppp,1
PHA_01253,Caaapp,140,141,57,58,3,3,Caaapp|Caappd|Cpapaa,Caaapp|Caappd|Cpapaa,1
PHA_01254,Caappd,140,141,57,58,3,3,Caaapp|Caappd|Cpapaa,Caaapp|Caappd|Cpapaa,1
PHA_01255,Cpapaa,140,141,57,58,3,3,Caaapp|Caappd|Cpapaa,Caaapp|Caappd|Cpapaa,1
PHA_01256,ABalaaaarr,140,141,61,60,4,4,ABalaaaarr|ABalappaaa|ABalappaap|ABarpaaaaa,ABalaaaarr|ABalappaaa|ABalappaap|ABarpaaaaa,1
PHA_01257,ABalappaaa,140,141,61,60,4,4,ABalaaaarr|ABalappaaa|ABalappaap|ABarpaaaaa,ABalaaaarr|ABalappaaa|ABalappaap|ABarpaaaaa,1
PHA_01258,ABalappaap,140,141,61,60,4,4,ABalaaaarr|ABalappaaa|ABalappaap|ABarpaaaaa,ABalaaaarr|ABalappaaa|ABalappaap|ABarpaaaaa,1
PHA_01259,ABarpaaaaa,140,141,61,60,4,4,ABalaaaarr|ABalappaaa|ABalappaap|ABarpaaaaa,ABalaaaarr|ABalappaaa|ABalappaap|ABarpaaaaa,1
PHA_01260,ABplppaaaa,140,141,16,13,3,3,ABarppppa|ABplpaappp|ABplppaaaa,ABarppppa|ABplpaappp|ABplppaaaa,1
PHA_01261,ABplppapaa,140,141,66,12,3,3,ABarpppap|ABplppapaa|ABprapaaa,ABarpppap|ABplppapaa|ABprapaaa,1
PHA_01262,Eprap,140,141,31,33,4,4,ABarpppapa|ABplpaapa|Eprap|MSapapa,ABarpppapa|ABplpaapa|Eprap|MSapapa,1
PHA_01263,MSppappp,140,141,23,20,3,3,ABplpppaa|MSppappp|MSpppaa,ABplpppaa|MSppappp|MSpppaa,1
PHA_01264,ABalapapp,141,142,49,53,3,3,ABalapapp|ABarappaa|ABprpapppp,ABalapapp|ABarappaa|ABprpapppp,1
PHA_01265,ABarappaa,141,142,49,53,3,3,ABalapapp|ABarappaa|ABprpapppp,ABalapapp|ABarappaa|ABprpapppp,1
PHA_01266,ABarpppap,141,142,12,13,3,3,ABarpppap|ABplppapaa|ABprapaaa,ABarpppap|ABplppapaa|ABprapaaa,1
PHA_01267,ABarppppa,141,142,13,14,3,3,ABarppppa|ABplpaappp|ABplppaaaa,ABarppppa|ABplpaappp|ABplppaaaa,1
PHA_01268,ABplppaa,141,142,34,30,3,3,ABarpppaap|ABplppaa|MSappa,ABarpppaap|ABplppaa|MSappa,1
PHA_01269,ABpraappp,141,142,24,21,5,5,ABplaappaa|ABplpapaaa|ABplpapapa|ABplppaaa|ABpraappp,ABplaappaa|ABplpapaaa|ABplpapapa|ABplppaaa|ABpraappp,1
PHA_01270,ABprapaaa,141,142,12,13,3,3,ABarpppap|ABplppapaa|ABprapaaa,ABarpppap|ABplppapaa|ABprapaaa,1
PHA_01271,MSappa,141,142,34,30,3,3,ABarpppaap|ABplppaa|MSappa,ABarpppaap|ABplppaa|MSappa,1
PHA_01272,ABplpaappp,141,142,13,14,3,3,ABarppppa|ABplpaappp|ABplppaaaa,ABarppppa|ABplpaappp|ABplppaaaa,1
PHA_01273,ABplpapapa,141,142,24,21,5,5,ABplaappaa|ABplpapaaa|ABplpapapa|ABplppaaa|ABpraappp,ABplaappaa|ABplpapaaa|ABplpapapa|ABplppaaa|ABpraappp,1
PHA_01274,ABplpapapp,141,142,47,55,3,3,ABplpapaap|ABplpapapp|Daaa,ABplpapaap|ABplpapapp|Daaa,1
PHA_01275,ABplppaaa,141,142,24,21,5,5,ABplaappaa|ABplpapaaa|ABplpapapa|ABplppaaa|ABpraappp,ABplaappaa|ABplpapaaa|ABplpapapa|ABplppaaa|ABpraappp,1
PHA_01276,ABprapappa,141,142,48,52,4,4,ABarpppppp|ABprapappa|ABprappppa|ABprpppapp,ABarpppppp|ABprapappa|ABprappppa|ABprpppapp,1
PHA_01277,ABprpapppp,141,142,49,53,3,3,ABalapapp|ABarappaa|ABprpapppp,ABalapapp|ABarappaa|ABprpapppp,1
PHA_01278,Daaa,141,142,47,55,3,3,ABplpapaap|ABplpapapp|Daaa,ABplpapaap|ABplpapapp|Daaa,1
PHA_01279,ABplaappaa,141,142,24,21,5,5,ABplaappaa|ABplpapaaa|ABplpapapa|ABplppaaa|ABpraappp,ABplaappaa|ABplpapaaa|ABplpapapa|ABplppaaa|ABpraappp,1
PHA_01280,ABplpapaaa,141,142,24,21,5,5,ABplaappaa|ABplpapaaa|ABplpapapa|ABplppaaa|ABpraappp,ABplaappaa|ABplpapaaa|ABplpapapa|ABplppaaa|ABpraappp,1
PHA_01281,ABplpapaap,141,142,47,55,3,3,ABplpapaap|ABplpapapp|Daaa,ABplpapaap|ABplpapapp|Daaa,1
PHA_01282,ABprpppapp,141,142,48,52,4,4,ABarpppppp|ABprapappa|ABprappppa|ABprpppapp,ABarpppppp|ABprapappa|ABprappppa|ABprpppapp,1
PHA_01283,ABarpppaap,141,142,34,30,3,3,ABarpppaap|ABplppaa|MSappa,ABarpppaap|ABplppaa|MSappa,1
PHA_01284,ABarpppppp,141,142,48,52,4,4,ABarpppppp|ABprapappa|ABprappppa|ABprpppapp,ABarpppppp|ABprapappa|ABprappppa|ABprpppapp,1
PHA_01285,ABprappppa,141,142,48,52,4,4,ABarpppppp|ABprapappa|ABprappppa|ABprpppapp,ABarpppppp|ABprapappa|ABprappppa|ABprpppapp,1
PHA_01286,Caaapp,141,142,58,60,3,3,Caaapp|Caappd|Cpapaa,Caaapp|Caappd|Cpapaa,1
PHA_01287,Caappd,141,142,58,60,3,3,Caaapp|Caappd|Cpapaa,Caaapp|Caappd|Cpapaa,1
PHA_01288,Cpapaa,141,142,58,60,3,3,Caaapp|Caappd|Cpapaa,Caaapp|Caappd|Cpapaa,1
PHA_01289,ABalaaaarr,141,142,60,62,4,4,ABalaaaarr|ABalappaaa|ABalappaap|ABarpaaaaa,ABalaaaarr|ABalappaaa|ABalappaap|ABarpaaaaa,1
PHA_01290,ABalappaaa,141,142,60,62,4,4,ABalaaaarr|ABalappaaa|ABalappaap|ABarpaaaaa,ABalaaaarr|ABalappaaa|ABalappaap|ABarpaaaaa,1
PHA_01291,ABalappaap,141,142,60,62,4,4,ABalaaaarr|ABalappaaa|ABalappaap|ABarpaaaaa,ABalaaaarr|ABalappaaa|ABalappaap|ABarpaaaaa,1
PHA_01292,ABarpaaaaa,141,142,60,62,4,4,ABalaaaarr|ABalappaaa|ABalappaap|ABarpaaaaa,ABalaaaarr|ABalappaaa|ABalappaap|ABarpaaaaa,1
PHA_01293,ABplppaaaa,141,142,13,14,3,3,ABarppppa|ABplpaappp|ABplppaaaa,ABarppppa|ABplpaappp|ABplppaaaa,1
PHA_01294,ABplppapaa,141,142,12,13,3,3,ABarpppap|ABplppapaa|ABprapaaa,ABarpppap|ABplppapaa|ABprapaaa,1
PHA_01295,ABalapppp,142,143,2,3,10,10,ABalapppp|ABplaappa|ABplppppap|ABprpaaap|Capaap|Capapa|Cappaa|Dapp|MSppapa|MSppappp,ABalapppp|ABplaappa|ABplppppap|ABprpaaap|Capaap|Capapa|Cappaa|Dapp|MSppapa|MSppappp,1
PHA_01296,ABarppppa,142,143,14,15,3,3,ABarppppa|ABplpaappp|ABplppaaaa,ABarppppa|ABplpaappp|ABplppaaaa,1
PHA_01297,ABplaappa,142,143,2,3,10,10,ABalapppp|ABplaappa|ABplppppap|ABprpaaap|Capaap|Capapa|Cappaa|Dapp|MSppapa|MSppappp,ABalapppp|ABplaappa|ABplppppap|ABprpaaap|Capaap|Capapa|Cappaa|Dapp|MSppapa|MSppappp,1
PHA_01298,ABplpaapp,142,143,19,30,3,3,ABplpaapp|Eala|MSapapp,ABplpaapp|Eala|MSapapp,1
PHA_01299,ABplppppp,142,143,43,49,4,4,ABalapppap|ABplppppp|ABpraaapaa|MSppapaa,ABalapppap|ABplppppp|ABpraaapaa|MSppapaa,1
PHA_01300,ABprpaaap,142,143,2,3,10,10,ABalapppp|ABplaappa|ABplppppap|ABprpaaap|Capaap|Capapa|Cappaa|Dapp|MSppapa|MSppappp,ABalapppp|ABplaappa|ABplppppap|ABprpaaap|Capaap|Capapa|Cappaa|Dapp|MSppapa|MSppappp,1
PHA_01301,ABprpaapp,142,143,32,34,6,6,ABplpapppa|ABprpaapp|Daap|Dapa|Eara|MSppapp,ABplpapppa|ABprpaapp|Daap|Dapa|Eara|MSppapp,1
PHA_01302,MSapapp,142,143,19,30,3,3,ABplpaapp|Eala|MSapapp,ABplpaapp|Eala|MSapapp,1
PHA_01303,MSpapaa,142,143,31,33,5,5,ABarpapppp|ABprapaaap|ABprpapaap|ABprpapapa|MSpapaa,ABarpapppp|ABprapaaap|ABprpapaap|ABprpapapa|MSpapaa,1
PHA_01304,MSppapa,142,143,2,3,10,10,ABalapppp|ABplaappa|ABplppppap|ABprpaaap|Capaap|Capapa|Cappaa|Dapp|MSppapa|MSppappp,ABalapppp|ABplaappa|ABplppppap|ABprpaaap|Capaap|Capapa|Cappaa|Dapp|MSppapa|MSppappp,1
PHA_01305,MSppapp,142,143,32,34,6,6,ABplpapppa|ABprpaapp|Daap|Dapa|Eara|MSppapp,ABplpapppa|ABprpaapp|Daap|Dapa|Eara|MSppapp,1
PHA_01306,Eala,142,143,19,30,3,3,ABplpaapp|Eala|MSapapp,ABplpaapp|Eala|MSapapp,1
PHA_01307,Eara,142,143,32,34,6,6,ABplpapppa|ABprpaapp|Daap|Dapa|Eara|MSppapp,ABplpapppa|ABprpaapp|Daap|Dapa|Eara|MSppapp,1
PHA_01308,Epra,142,143,35,36,3,3,ABplapaaaa|Epra|MSapppa,ABplapaaaa|Epra|MSapppa,1
PHA_01309,ABalapppap,142,143,43,49,4,4,ABalapppap|ABplppppp|ABpraaapaa|MSppapaa,ABalapppap|ABplppppp|ABpraaapaa|MSppapaa,1
PHA_01310,ABplapaaaa,142,143,35,36,3,3,ABplapaaaa|Epra|MSapppa,ABplapaaaa|Epra|MSapppa,1
PHA_01311,ABplpaappp,142,143,14,15,3,3,ABarppppa|ABplpaappp|ABplppaaaa,ABarppppa|ABplpaappp|ABplppaaaa,1
PHA_01312,ABplpapppa,142,143,32,34,6,6,ABplpapppa|ABprpaapp|Daap|Dapa|Eara|MSppapp,ABplpapppa|ABprpaapp|Daap|Dapa|Eara|MSppapp,1
PHA_01313,ABplppppap,142,143,2,3,10,10,ABalapppp|ABplaappa|ABplppppap|ABprpaaap|Capaap|Capapa|Cappaa|Dapp|MSppapa|MSppappp,ABalapppp|ABplaappa|ABplppppap|ABprpaaap|Capaap|Capapa|Cappaa|Dapp|MSppapa|MSppappp,1
PHA_01314,ABprapappa,142,143,52,48,4,4,ABarpppppp|ABprapappa|ABprappppa|ABprpppapp,ABarpppppp|ABprapappa|ABprappppa|ABprpppapp,1
PHA_01315,ABprpppapp,142,143,52,48,4,4,ABarpppppp|ABprapappa|ABprappppa|ABprpppapp,ABarpppppp|ABprapappa|ABprappppa|ABprpppapp,1
PHA_01316,MSapppa,142,143,35,36,3,3,ABplapaaaa|Epra|MSapppa,ABplapaaaa|Epra|MSapppa,1
PHA_01317,Daap,142,143,32,34,6,6,ABplpapppa|ABprpaapp|Daap|Dapa|Eara|MSppapp,ABplpapppa|ABprpaapp|Daap|Dapa|Eara|MSppapp,1
PHA_01318,Dapa,142,143,32,34,6,6,ABplpapppa|ABprpaapp|Daap|Dapa|Eara|MSppapp,ABplpapppa|ABprpaapp|Daap|Dapa|Eara|MSppapp,1
PHA_01319,Dapp,142,143,2,3,10,10,ABalapppp|ABplaappa|ABplppppap|ABprpaaap|Capaap|Capapa|Cappaa|Dapp|MSppapa|MSppappp,ABalapppp|ABplaappa|ABplppppap|ABprpaaap|Capaap|Capapa|Cappaa|Dapp|MSppapa|MSppappp,1
PHA_01320,ABarpapppp,142,143,31,33,5,5,ABarpapppp|ABprapaaap|ABprpapaap|ABprpapapa|MSpapaa,ABarpapppp|ABprapaaap|ABprpapaap|ABprpapapa|MSpapaa,1
PHA_01321,ABpraaapaa,142,143,43,49,4,4,ABalapppap|ABplppppp|ABpraaapaa|MSppapaa,ABalapppap|ABplppppp|ABpraaapaa|MSppapaa,1
PHA_01322,ABprpapaap,142,143,31,33,5,5,ABarpapppp|ABprapaaap|ABprpapaap|ABprpapapa|MSpapaa,ABarpapppp|ABprapaaap|ABprpapaap|ABprpapapa|MSpapaa,1
PHA_01323,ABprpapapa,142,143,31,33,5,5,ABarpapppp|ABprapaaap|ABprpapaap|ABprpapapa|MSpapaa,ABarpapppp|ABprapaaap|ABprpapaap|ABprpapapa|MSpapaa,1
PHA_01324,ABarpppppp,142,143,52,48,4,4,ABarpppppp|ABprapappa|ABprappppa|ABprpppapp,ABarpppppp|ABprapappa|ABprappppa|ABprpppapp,1
PHA_01325,ABprapaaap,142,143,31,33,5,5,ABarpapppp|ABprapaaap|ABprpapaap|ABprpapapa|MSpapaa,ABarpapppp|ABprapaaap|ABprpapaap|ABprpapapa|MSpapaa,1
PHA_01326,ABprappppa,142,143,52,48,4,4,ABarpppppp|ABprapappa|ABprappppa|ABprpppapp,ABarpppppp|ABprapappa|ABprappppa|ABprpppapp,1
PHA_01327,Capaap,142,143,2,3,10,10,ABalapppp|ABplaappa|ABplppppap|ABprpaaap|Capaap|Capapa|Cappaa|Dapp|MSppapa|MSppappp,ABalapppp|ABplaappa|ABplppppap|ABprpaaap|Capaap|Capapa|Cappaa|Dapp|MSppapa|MSppappp,1
PHA_01328,Capapa,142,143,2,3,10,10,ABalapppp|ABplaappa|ABplppppap|ABprpaaap|Capaap|Capapa|Cappaa|Dapp|MSppapa|MSppappp,ABalapppp|ABplaappa|ABplppppap|ABprpaaap|Capaap|Capapa|Cappaa|Dapp|MSppapa|MSppappp,1
PHA_01329,Cappaa,142,143,2,3,10,10,ABalapppp|ABplaappa|ABplppppap|ABprpaaap|Capaap|Capapa|Cappaa|Dapp|MSppapa|MSppappp,ABalapppp|ABplaappa|ABplppppap|ABprpaaap|Capaap|Capapa|Cappaa|Dapp|MSppapa|MSppappp,1
PHA_01330,ABplppaaaa,142,143,14,15,3,3,ABarppppa|ABplpaappp|ABplppaaaa,ABarppppa|ABplpaappp|ABplppaaaa,1
PHA_01331,MSppapaa,142,143,43,49,4,4,ABalapppap|ABplppppp|ABpraaapaa|MSppapaa,ABalapppap|ABplppppp|ABpraaapaa|MSppapaa,1
PHA_01332,MSppappp,142,143,2,3,10,10,ABalapppp|ABplaappa|ABplppppap|ABprpaaap|Capaap|Capapa|Cappaa|Dapp|MSppapa|MSppappp,ABalapppp|ABplaappa|ABplppppap|ABprpaaap|Capaap|Capapa|Cappaa|Dapp|MSppapa|MSppappp,1
PHA_01333,ABalapapa,143,144,2,1,3,3,ABalapapa|ABalappap|Cppppp,ABalapapa|ABalappap|Cppppp,1
PHA_01334,ABalappap,143,144,2,1,3,3,ABalapapa|ABalappap|Cppppp,ABalapapa|ABalappap|Cppppp,1
PHA_01335,ABalpappp,143,144,5,3,3,3,ABalpappp|ABpraapppp|ABprppapap,ABalpappp|ABpraapppp|ABprppapap,1
PHA_01336,MSappp,143,144,32,31,3,3,Ealp|MSappp|MSpapaap,Ealp|MSappp|MSpapaap,1
PHA_01337,Ealp,143,144,32,31,3,3,Ealp|MSappp|MSpapaap,Ealp|MSappp|MSpapaap,1
PHA_01338,ABpraaappp,143,144,47,49,4,4,ABpraaappp|ABprpaaapa|ABprpaapap|ABprppaaap,ABpraaappp|ABprpaaapa|ABprpaapap|ABprppaaap,1
PHA_01339,ABprpaaapa,143,144,47,49,4,4,ABpraaappp|ABprpaaapa|ABprpaapap|ABprppaaap,ABpraaappp|ABprpaaapa|ABprpaapap|ABprppaaap,1
PHA_01340,ABprpaapap,143,144,47,49,4,4,ABpraaappp|ABprpaaapa|ABprpaapap|ABprppaaap,ABpraaappp|ABprpaaapa|ABprpaapap|ABprppaaap,1
PHA_01341,ABpraapppp,143,144,5,3,3,3,ABalpappp|ABpraapppp|ABprppapap,ABalpappp|ABpraapppp|ABprppapap,1
PHA_01342,ABprppapap,143,144,5,3,3,3,ABalpappp|ABpraapppp|ABprppapap,ABalpappp|ABpraapppp|ABprppapap,1
PHA_01343,MSpapaap,143,144,32,31,3,3,Ealp|MSappp|MSpapaap,Ealp|MSappp|MSpapaap,1
PHA_01344,Cppppp,143,144,2,1,3,3,ABalapapa|ABalappap|Cppppp,ABalapapa|ABalappap|Cppppp,1
PHA_01345,ABprppaaap,143,144,47,49,4,4,ABpraaappp|ABprpaaapa|ABprpaapap|ABprppaaap,ABpraaappp|ABprpaaapa|ABprpaapap|ABprppaaap,1
PHA_01346,ABalapaap,144,145,50,48,3,3,ABalapaap|ABprpppppp|Cpappv,ABalapaap|ABprpppppp|Cpappv,1
PHA_01347,ABalppppp,144,145,5,3,4,4,ABalppppp|ABarppaapa|Eplaa|Eplpa,ABalppppp|ABarppaapa|Eplaa|Eplpa,1
PHA_01348,ABaraaapp,144,145,57,4,3,3,ABaraaapp|Cpaapa|Cpapap,ABaraaapp|Cpaapa|Cpapap,1
PHA_01349,ABarppaap,144,145,13,9,3,3,ABarppaap|ABplaappap|ABplaapppa,ABarppaap|ABplaappap|ABplaapppa,1
PHA_01350,ABplppaaa,144,145,18,14,3,3,ABarpppaaa|ABplppaaa|MSappaa,ABarpppaaa|ABplppaaa|MSappaa,1
PHA_01351,ABplppppa,144,145,20,15,3,3,ABalappppp|ABarpappaa|ABplppppa,ABalappppp|ABarpappaa|ABplppppa,1
PHA_01352,ABprpaaaa,144,145,23,20,5,5,ABplapppap|ABplpppapp|ABprpaaaa|Cappap|MSppappa,ABplapppap|ABplpppapp|ABprpaaaa|Cappap|MSppappa,1
PHA_01353,MSappaa,144,145,18,14,3,3,ABarpppaaa|ABplppaaa|MSappaa,ABarpppaaa|ABplppaaa|MSappaa,1
PHA_01354,Daa,144,145,39,55,3,3,ABarpapapa|Daa|MSppapap,ABarpapapa|Daa|MSppapap,1
PHA_01355,ABalappppp,144,145,20,15,3,3,ABalappppp|ABarpappaa|ABplppppa,ABalappppp|ABarpappaa|ABplppppa,1
PHA_01356,ABarpapapa,144,145,39,55,3,3,ABarpapapa|Daa|MSppapap,ABarpapapa|Daa|MSppapap,1
PHA_01357,ABplaapppa,144,145,13,9,3,3,ABarppaap|ABplaappap|ABplaapppa,ABarppaap|ABplaappap|ABplaapppa,1
PHA_01358,ABplpppapp,144,145,23,20,5,5,ABplapppap|ABplpppapp|ABprpaaaa|Cappap|MSppappa,ABplapppap|ABplpppapp|ABprpaaaa|Cappap|MSppappa,1
PHA_01359,ABprpppppp,144,145,50,48,3,3,ABalapaap|ABprpppppp|Cpappv,ABalapaap|ABprpppppp|Cpappv,1
PHA_01360,ABarpappaa,144,145,20,15,3,3,ABalappppp|ABarpappaa|ABplppppa,ABalappppp|ABarpappaa|ABplppppa,1
PHA_01361,ABarppaapa,144,145,5,3,4,4,ABalppppp|ABarppaapa|Eplaa|Eplpa,ABalppppp|ABarppaapa|Eplaa|Eplpa,1
PHA_01362,ABarpppaaa,144,145,18,14,3,3,ABarpppaaa|ABplppaaa|MSappaa,ABarpppaaa|ABplppaaa|MSappaa,1
PHA_01363,ABplaappap,144,145,13,9,3,3,ABarppaap|ABplaappap|ABplaapppa,ABarppaap|ABplaappap|ABplaapppa,1
PHA_01364,Eplaa,144,145,5,3,4,4,ABalppppp|ABarppaapa|Eplaa|Eplpa,ABalppppp|ABarppaapa|Eplaa|Eplpa,1
PHA_01365,Cpaapa,144,145,57,4,3,3,ABaraaapp|Cpaapa|Cpapap,ABaraaapp|Cpaapa|Cpapap,1
PHA_01366,ABplapppap,144,145,23,20,5,5,ABplapppap|ABplpppapp|ABprpaaaa|Cappap|MSppappa,ABplapppap|ABplpppapp|ABprpaaaa|Cappap|MSppappa,1
PHA_01367,Cappap,144,145,23,20,5,5,ABplapppap|ABplpppapp|ABprpaaaa|Cappap|MSppappa,ABplapppap|ABplpppapp|ABprpaaaa|Cappap|MSppappa,1
PHA_01368,Cpapap,144,145,57,4,3,3,ABaraaapp|Cpaapa|Cpapap,ABaraaapp|Cpaapa|Cpapap,1
PHA_01369,Cpappv,144,145,50,48,3,3,ABalapaap|ABprpppppp|Cpappv,ABalapaap|ABprpppppp|Cpappv,1
PHA_01370,MSppapap,144,145,39,55,3,3,ABarpapapa|Daa|MSppapap,ABarpapapa|Daa|MSppapap,1
PHA_01371,Eplpa,144,145,5,3,4,4,ABalppppp|ABarppaapa|Eplaa|Eplpa,ABalppppp|ABarppaapa|Eplaa|Eplpa,1
PHA_01372,MSppappa,144,145,23,20,5,5,ABplapppap|ABplpppapp|ABprpaaaa|Cappap|MSppappa,ABplapppap|ABplpppapp|ABprpaaaa|Cappap|MSppappa,1
PHA_01373,ABalaaaarl,145,146,39,37,3,3,ABalaaaarl|ABalaaapal|ABalapaaaa,ABalaaaarl|ABalaaapal|ABalapaaaa,1
PHA_01374,ABalaaapal,145,146,39,37,3,3,ABalaaaarl|ABalaaapal|ABalapaaaa,ABalaaaarl|ABalaaapal|ABalapaaaa,1
PHA_01375,ABalapaaaa,145,146,39,37,3,3,ABalaaaarl|ABalaaapal|ABalapaaaa,ABalaaaarl|ABalaaapal|ABalapaaaa,1
PHA_01376,ABpraaappp,145,146,46,50,3,3,ABpraaappp|ABprpaaapa|ABprpaapap,ABpraaappp|ABprpaaapa|ABprpaapap,1
PHA_01377,ABprpaaaaa,145,146,47,56,3,3,ABpraaaaap|ABpraaaapa|ABprpaaaaa,ABpraaaaap|ABpraaaapa|ABprpaaaaa,1
PHA_01378,ABprpaaapa,145,146,46,50,3,3,ABpraaappp|ABprpaaapa|ABprpaapap,ABpraaappp|ABprpaaapa|ABprpaapap,1
PHA_01379,ABprpaapap,145,146,46,50,3,3,ABpraaappp|ABprpaaapa|ABprpaapap,ABpraaappp|ABprpaaapa|ABprpaapap,1
PHA_01380,ABpraaaaap,145,146,47,56,3,3,ABpraaaaap|ABpraaaapa|ABprpaaaaa,ABpraaaaap|ABpraaaapa|ABprpaaaaa,1
PHA_01381,ABpraaaapa,145,146,47,56,3,3,ABpraaaaap|ABpraaaapa|ABprpaaaaa,ABpraaaaap|ABpraaaapa|ABprpaaaaa,1
PHA_01382,ABalapapp,146,147,7,10,3,3,ABalapapp|ABarappaa|ABprpapppp,ABalapapp|ABarappaa|ABprpapppp,1
PHA_01383,ABalppppp,146,147,2,3,3,3,ABalppppp|ABarppaapa|Eplaa,ABalppppp|ABarppaapa|Eplaa,1
PHA_01384,ABarapaap,146,147,4,7,9,9,ABarapaap|ABprapppaa|ABprapppap|ABprppppap|Cpaaap|Cpppap|Cppppa|MSapaaa|MSpaaaa,ABarapaap|ABprapppaa|ABprapppap|ABprppppap|Cpaaap|Cpppap|Cppppa|MSapaaa|MSpaaaa,1
PHA_01385,ABarappaa,146,147,7,10,3,3,ABalapapp|ABarappaa|ABprpapppp,ABalapapp|ABarappaa|ABprpapppp,1
PHA_01386,ABprpaaap,146,147,31,33,5,5,ABplppppap|ABprpaaap|ABprpaapa|Capaap|MSppapa,ABplppppap|ABprpaaap|ABprpaapa|Capaap|MSppapa,1
PHA_01387,ABprpaapa,146,147,31,33,5,5,ABplppppap|ABprpaaap|ABprpaapa|Capaap|MSppapa,ABplppppap|ABprpaaap|ABprpaapa|Capaap|MSppapa,1
PHA_01388,MSapaaa,146,147,4,7,9,9,ABarapaap|ABprapppaa|ABprapppap|ABprppppap|Cpaaap|Cpppap|Cppppa|MSapaaa|MSpaaaa,ABarapaap|ABprapppaa|ABprapppap|ABprppppap|Cpaaap|Cpppap|Cppppa|MSapaaa|MSpaaaa,1
PHA_01389,MSpaaaa,146,147,4,7,9,9,ABarapaap|ABprapppaa|ABprapppap|ABprppppap|Cpaaap|Cpppap|Cppppa|MSapaaa|MSpaaaa,ABarapaap|ABprapppaa|ABprapppap|ABprppppap|Cpaaap|Cpppap|Cppppa|MSapaaa|MSpaaaa,1
PHA_01390,MSpappa,146,147,29,30,4,4,ABarappapa|ABarpappap|MSpappa|MSppappp,ABarappapa|ABarpappap|MSpappa|MSppappp,1
PHA_01391,MSppapa,146,147,31,33,5,5,ABplppppap|ABprpaaap|ABprpaapa|Capaap|MSppapa,ABplppppap|ABprpaaap|ABprpaapa|Capaap|MSppapa,1
PHA_01392,ABarappapa,146,147,29,30,4,4,ABarappapa|ABarpappap|MSpappa|MSppappp,ABarappapa|ABarpappap|MSpappa|MSppappp,1
PHA_01393,ABplapaapp,146,147,53,49,3,3,ABplapaapp|ABplppppaa|Dapa,ABplapaapp|ABplppppaa|Dapa,1
PHA_01394,ABplppppaa,146,147,53,49,3,3,ABplapaapp|ABplppppaa|Dapa,ABplapaapp|ABplppppaa|Dapa,1
PHA_01395,ABplppppap,146,147,31,33,5,5,ABplppppap|ABprpaaap|ABprpaapa|Capaap|MSppapa,ABplppppap|ABprpaaap|ABprpaapa|Capaap|MSppapa,1
PHA_01396,ABpraapppa,146,147,47,46,4,4,ABpraappap|ABpraapppa|ABprapaaaa|ABprpaappp,ABpraappap|ABpraapppa|ABprapaaaa|ABprpaappp,1
PHA_01397,ABprpaappp,146,147,47,46,4,4,ABpraappap|ABpraapppa|ABprapaaaa|ABprpaappp,ABpraappap|ABpraapppa|ABprapaaaa|ABprpaappp,1
PHA_01398,ABprpapppp,146,147,7,10,3,3,ABalapapp|ABarappaa|ABprpapppp,ABalapapp|ABarappaa|ABprpapppp,1
PHA_01399,ABprppppap,146,147,4,7,9,9,ABarapaap|ABprapppaa|ABprapppap|ABprppppap|Cpaaap|Cpppap|Cppppa|MSapaaa|MSpaaaa,ABarapaap|ABprapppaa|ABprapppap|ABprppppap|Cpaaap|Cpppap|Cppppa|MSapaaa|MSpaaaa,1
PHA_01400,Dapa,146,147,53,49,3,3,ABplapaapp|ABplppppaa|Dapa,ABplapaapp|ABplppppaa|Dapa,1
PHA_01401,ABarpappap,146,147,29,30,4,4,ABarappapa|ABarpappap|MSpappa|MSppappp,ABarappapa|ABarpappap|MSpappa|MSppappp,1
PHA_01402,ABarppaapa,146,147,2,3,3,3,ABalppppp|ABarppaapa|Eplaa,ABalppppp|ABarppaapa|Eplaa,1
PHA_01403,ABpraappap,146,147,47,46,4,4,ABpraappap|ABpraapppa|ABprapaaaa|ABprpaappp,ABpraappap|ABpraapppa|ABprapaaaa|ABprpaappp,1
PHA_01404,ABprapaaaa,146,147,47,46,4,4,ABpraappap|ABpraapppa|ABprapaaaa|ABprpaappp,ABpraappap|ABpraapppa|ABprapaaaa|ABprpaappp,1
PHA_01405,Eplaa,146,147,2,3,3,3,ABalppppp|ABarppaapa|Eplaa,ABalppppp|ABarppaapa|Eplaa,1
PHA_01406,Cpaaap,146,147,4,7,9,9,ABarapaap|ABprapppaa|ABprapppap|ABprppppap|Cpaaap|Cpppap|Cppppa|MSapaaa|MSpaaaa,ABarapaap|ABprapppaa|ABprapppap|ABprppppap|Cpaaap|Cpppap|Cppppa|MSapaaa|MSpaaaa,1
PHA_01407,ABprapppaa,146,147,4,7,9,9,ABarapaap|ABprapppaa|ABprapppap|ABprppppap|Cpaaap|Cpppap|Cppppa|MSapaaa|MSpaaaa,ABarapaap|ABprapppaa|ABprapppap|ABprppppap|Cpaaap|Cpppap|Cppppa|MSapaaa|MSpaaaa,1
PHA_01408,ABprapppap,146,147,4,7,9,9,ABarapaap|ABprapppaa|ABprapppap|ABprppppap|Cpaaap|Cpppap|Cppppa|MSapaaa|MSpaaaa,ABarapaap|ABprapppaa|ABprapppap|ABprppppap|Cpaaap|Cpppap|Cppppa|MSapaaa|MSpaaaa,1
PHA_01409,Capaap,146,147,31,33,5,5,ABplppppap|ABprpaaap|ABprpaapa|Capaap|MSppapa,ABplppppap|ABprpaaap|ABprpaapa|Capaap|MSppapa,1
PHA_01410,Cpppap,146,147,4,7,9,9,ABarapaap|ABprapppaa|ABprapppap|ABprppppap|Cpaaap|Cpppap|Cppppa|MSapaaa|MSpaaaa,ABarapaap|ABprapppaa|ABprapppap|ABprppppap|Cpaaap|Cpppap|Cppppa|MSapaaa|MSpaaaa,1
PHA_01411,Cppppa,146,147,4,7,9,9,ABarapaap|ABprapppaa|ABprapppap|ABprppppap|Cpaaap|Cpppap|Cppppa|MSapaaa|MSpaaaa,ABarapaap|ABprapppaa|ABprapppap|ABprppppap|Cpaaap|Cpppap|Cppppa|MSapaaa|MSpaaaa,1
PHA_01412,MSppappp,146,147,29,30,4,4,ABarappapa|ABarpappap|MSpappa|MSppappp,ABarappapa|ABarpappap|MSpappa|MSppappp,1
PHA_01413,ABalapapp,147,148,10,8,3,3,ABalapapp|ABarappaa|ABprpapppp,ABalapapp|ABarappaa|ABprpapppp,1
PHA_01414,ABarappaa,147,148,10,8,3,3,ABalapapp|ABarappaa|ABprpapppp,ABalapapp|ABarappaa|ABprpapppp,1
PHA_01415,ABarpaapp,147,148,11,10,3,3,ABarpaapp|ABplappaaa|ABplppapap,ABarpaapp|ABplappaaa|ABplppapap,1
PHA_01416,ABarpapap,147,148,13,12,4,4,ABarpapap|ABarppapap|ABplappapa|ABplpppaap,ABarpapap|ABarppapap|ABplappapa|ABplpppaap,1
PHA_01417,ABplaappa,147,148,51,54,3,3,ABarppaaap|ABplaappa|Eara,ABarppaaap|ABplaappa|Eara,1
PHA_01418,ABplpappa,147,148,27,15,3,3,ABarpapppa|ABplpappa|MSaappa,ABarpapppa|ABplpappa|MSaappa,1
PHA_01419,ABprpapap,147,148,23,24,4,4,ABprpapap|Ealap|MSpapapp|MSpppap,ABprpapap|Ealap|MSpapapp|MSpppap,1
PHA_01420,ABprppaaa,147,148,24,34,4,4,ABplpappap|ABprppaaa|Earp|MSppppa,ABplpappap|ABprppaaa|Earp|MSppppa,1
PHA_01421,ABprpppaa,147,148,25,27,7,7,ABalapaapp|ABalpaappp|ABalpapaaa|ABplaapaaa|ABprpppaa|Caapp|Cpppa,ABalapaapp|ABalpaappp|ABalpapaaa|ABplaapaaa|ABprpppaa|Caapp|Cpppa,1
PHA_01422,MSaappa,147,148,27,15,3,3,ABarpapppa|ABplpappa|MSaappa,ABarpapppa|ABplpappa|MSaappa,1
PHA_01423,MSpppap,147,148,23,24,4,4,ABprpapap|Ealap|MSpapapp|MSpppap,ABprpapap|Ealap|MSpapapp|MSpppap,1
PHA_01424,MSppppa,147,148,24,34,4,4,ABplpappap|ABprppaaa|Earp|MSppppa,ABplpappap|ABprppaaa|Earp|MSppppa,1
PHA_01425,Eara,147,148,51,54,3,3,ABarppaaap|ABplaappa|Eara,ABarppaaap|ABplaappa|Eara,1
PHA_01426,Earp,147,148,24,34,4,4,ABplpappap|ABprppaaa|Earp|MSppppa,ABplpappap|ABprppaaa|Earp|MSppppa,1
PHA_01427,Caapp,147,148,25,27,7,7,ABalapaapp|ABalpaappp|ABalpapaaa|ABplaapaaa|ABprpppaa|Caapp|Cpppa,ABalapaapp|ABalpaappp|ABalpapaaa|ABplaapaaa|ABprpppaa|Caapp|Cpppa,1
PHA_01428,Cpppa,147,148,25,27,7,7,ABalapaapp|ABalpaappp|ABalpapaaa|ABplaapaaa|ABprpppaa|Caapp|Cpppa,ABalapaapp|ABalpaappp|ABalpapaaa|ABplaapaaa|ABprpppaa|Caapp|Cpppa,1
PHA_01429,ABalaapapa,147,148,38,40,3,3,ABalaapapa|ABalaappap|ABalaapppa,ABalaapapa|ABalaappap|ABalaapppa,1
PHA_01430,ABalaappap,147,148,38,40,3,3,ABalaapapa|ABalaappap|ABalaapppa,ABalaapapa|ABalaappap|ABalaapppa,1
PHA_01431,ABalaapppa,147,148,38,40,3,3,ABalaapapa|ABalaappap|ABalaapppa,ABalaapapa|ABalaappap|ABalaapppa,1
PHA_01432,ABalapaapp,147,148,25,27,7,7,ABalapaapp|ABalpaappp|ABalpapaaa|ABplaapaaa|ABprpppaa|Caapp|Cpppa,ABalapaapp|ABalpaappp|ABalpapaaa|ABplaapaaa|ABprpppaa|Caapp|Cpppa,1
PHA_01433,ABalpaappp,147,148,25,27,7,7,ABalapaapp|ABalpaappp|ABalpapaaa|ABplaapaaa|ABprpppaa|Caapp|Cpppa,ABalapaapp|ABalpaappp|ABalpapaaa|ABplaapaaa|ABprpppaa|Caapp|Cpppa,1
PHA_01434,ABalpapaaa,147,148,25,27,7,7,ABalapaapp|ABalpaappp|ABalpapaaa|ABplaapaaa|ABprpppaa|Caapp|Cpppa,ABalapaapp|ABalpaappp|ABalpapaaa|ABplaapaaa|ABprpppaa|Caapp|Cpppa,1
PHA_01435,ABarpapppa,147,148,27,15,3,3,ABarpapppa|ABplpappa|MSaappa,ABarpapppa|ABplpappa|MSaappa,1
PHA_01436,ABplaapaaa,147,148,25,27,7,7,ABalapaapp|ABalpaappp|ABalpapaaa|ABplaapaaa|ABprpppaa|Caapp|Cpppa,ABalapaapp|ABalpaappp|ABalpapaaa|ABplaapaaa|ABprpppaa|Caapp|Cpppa,1
PHA_01437,ABplappaaa,147,148,11,10,3,3,ABarpaapp|ABplappaaa|ABplppapap,ABarpaapp|ABplappaaa|ABplppapap,1
PHA_01438,ABplappapa,147,148,13,12,4,4,ABarpapap|ABarppapap|ABplappapa|ABplpppaap,ABarpapap|ABarppapap|ABplappapa|ABplpppaap,1
PHA_01439,ABplpappap,147,148,24,34,4,4,ABplpappap|ABprppaaa|Earp|MSppppa,ABplpappap|ABprppaaa|Earp|MSppppa,1
PHA_01440,ABplpppaap,147,148,13,12,4,4,ABarpapap|ABarppapap|ABplappapa|ABplpppaap,ABarpapap|ABarppapap|ABplappapa|ABplpppaap,1
PHA_01441,ABprpapppp,147,148,10,8,3,3,ABalapapp|ABarappaa|ABprpapppp,ABalapapp|ABarappaa|ABprpapppp,1
PHA_01442,Ealap,147,148,23,24,4,4,ABprpapap|Ealap|MSpapapp|MSpppap,ABprpapap|Ealap|MSpapapp|MSpppap,1
PHA_01443,ABarppaaap,147,148,51,54,3,3,ABarppaaap|ABplaappa|Eara,ABarppaaap|ABplaappa|Eara,1
PHA_01444,ABplppapap,147,148,11,10,3,3,ABarpaapp|ABplappaaa|ABplppapap,ABarpaapp|ABplappaaa|ABplppapap,1
PHA_01445,ABarppapap,147,148,13,12,4,4,ABarpapap|ABarppapap|ABplappapa|ABplpppaap,ABarpapap|ABarppapap|ABplappapa|ABplpppaap,1
PHA_01446,MSpapapp,147,148,23,24,4,4,ABprpapap|Ealap|MSpapapp|MSpppap,ABprpapap|Ealap|MSpapapp|MSpppap,1
PHA_01447,ABalapppp,148,149,3,4,4,4,ABalapppp|ABarppaapp|Capapp|MSppaap,ABalapppp|ABarppaapp|Capapp|MSppaap,1
PHA_01448,ABarpapap,148,149,12,8,4,4,ABarpapap|ABarppapap|ABplappapa|ABplpppaap,ABarpapap|ABarppapap|ABplappapa|ABplpppaap,1
PHA_01449,ABplpappa,148,149,15,48,3,3,ABarpapppa|ABplpappa|MSaappa,ABarpapppa|ABplpappa|MSaappa,1
PHA_01450,ABplppapa,148,149,43,47,4,4,ABaraapppp|ABarappaap|ABarpapapp|ABplppapa,ABaraapppp|ABarappaap|ABarpapapp|ABplppapa,1
PHA_01451,ABprapppp,148,149,20,25,5,5,ABalaaaala|ABalpaappa|ABalppaaaa|ABalppaaap|ABprapppp,ABalaaaala|ABalpaappa|ABalppaaaa|ABalppaaap|ABprapppp,1
PHA_01452,ABprpaapa,148,149,22,26,5,5,ABplppppap|ABprpaapa|Capaap|Dapp|MSppapa,ABplppppap|ABprpaapa|Capaap|Dapp|MSppapa,1
PHA_01453,ABprpapap,148,149,24,27,4,4,ABprpapap|Ealap|MSpapapp|MSpppap,ABprpapap|Ealap|MSpapapp|MSpppap,1
PHA_01454,MSaappa,148,149,15,48,3,3,ABarpapppa|ABplpappa|MSaappa,ABarpapppa|ABplpappa|MSaappa,1
PHA_01455,MSppaap,148,149,3,4,4,4,ABalapppp|ABarppaapp|Capapp|MSppaap,ABalapppp|ABarppaapp|Capapp|MSppaap,1
PHA_01456,MSppapa,148,149,22,26,5,5,ABplppppap|ABprpaapa|Capaap|Dapp|MSppapa,ABplppppap|ABprpaapa|Capaap|Dapp|MSppapa,1
PHA_01457,MSpppap,148,149,24,27,4,4,ABprpapap|Ealap|MSpapapp|MSpppap,ABprpapap|Ealap|MSpapapp|MSpppap,1
PHA_01458,ABalaaaarl,148,149,39,42,3,3,ABalaaaarl|ABalaaapal|ABalapaaaa,ABalaaaarl|ABalaaapal|ABalapaaaa,1
PHA_01459,ABalaaapal,148,149,39,42,3,3,ABalaaaarl|ABalaaapal|ABalapaaaa,ABalaaaarl|ABalaaapal|ABalapaaaa,1
PHA_01460,ABalapaaaa,148,149,39,42,3,3,ABalaaaarl|ABalaaapal|ABalapaaaa,ABalaaaarl|ABalaaapal|ABalapaaaa,1
PHA_01461,ABalpaappa,148,149,20,25,5,5,ABalaaaala|ABalpaappa|ABalppaaaa|ABalppaaap|ABprapppp,ABalaaaala|ABalpaappa|ABalppaaaa|ABalppaaap|ABprapppp,1
PHA_01462,ABalppaaaa,148,149,20,25,5,5,ABalaaaala|ABalpaappa|ABalppaaaa|ABalppaaap|ABprapppp,ABalaaaala|ABalpaappa|ABalppaaaa|ABalppaaap|ABprapppp,1
PHA_01463,ABalppaaap,148,149,20,25,5,5,ABalaaaala|ABalpaappa|ABalppaaaa|ABalppaaap|ABprapppp,ABalaaaala|ABalpaappa|ABalppaaaa|ABalppaaap|ABprapppp,1
PHA_01464,ABaraapppp,148,149,43,47,4,4,ABaraapppp|ABarappaap|ABarpapapp|ABplppapa,ABaraapppp|ABarappaap|ABarpapapp|ABplppapa,1
PHA_01465,ABarappaap,148,149,43,47,4,4,ABaraapppp|ABarappaap|ABarpapapp|ABplppapa,ABaraapppp|ABarappaap|ABarpapapp|ABplppapa,1
PHA_01466,ABarpapapp,148,149,43,47,4,4,ABaraapppp|ABarappaap|ABarpapapp|ABplppapa,ABaraapppp|ABarappaap|ABarpapapp|ABplppapa,1
PHA_01467,ABarpapppa,148,149,15,48,3,3,ABarpapppa|ABplpappa|MSaappa,ABarpapppa|ABplpappa|MSaappa,1
PHA_01468,ABplappapa,148,149,12,8,4,4,ABarpapap|ABarppapap|ABplappapa|ABplpppaap,ABarpapap|ABarppapap|ABplappapa|ABplpppaap,1
PHA_01469,ABplpppaap,148,149,12,8,4,4,ABarpapap|ABarppapap|ABplappapa|ABplpppaap,ABarpapap|ABarppapap|ABplappapa|ABplpppaap,1
PHA_01470,ABplppppap,148,149,22,26,5,5,ABplppppap|ABprpaapa|Capaap|Dapp|MSppapa,ABplppppap|ABprpaapa|Capaap|Dapp|MSppapa,1
PHA_01471,ABprpaaapp,148,149,55,61,3,3,ABpraappaa|ABprpaaapp|ABprpaappa,ABpraappaa|ABprpaaapp|ABprpaappa,1
PHA_01472,ABprpaappa,148,149,55,61,3,3,ABpraappaa|ABprpaaapp|ABprpaappa,ABpraappaa|ABprpaaapp|ABprpaappa,1
PHA_01473,Ealap,148,149,24,27,4,4,ABprpapap|Ealap|MSpapapp|MSpppap,ABprpapap|Ealap|MSpapapp|MSpppap,1
PHA_01474,Dapp,148,149,22,26,5,5,ABplppppap|ABprpaapa|Capaap|Dapp|MSppapa,ABplppppap|ABprpaapa|Capaap|Dapp|MSppapa,1
PHA_01475,ABalaaaala,148,149,20,25,5,5,ABalaaaala|ABalpaappa|ABalppaaaa|ABalppaaap|ABprapppp,ABalaaaala|ABalpaappa|ABalppaaaa|ABalppaaap|ABprapppp,1
PHA_01476,ABarppaapp,148,149,3,4,4,4,ABalapppp|ABarppaapp|Capapp|MSppaap,ABalapppp|ABarppaapp|Capapp|MSppaap,1
PHA_01477,ABpraappaa,148,149,55,61,3,3,ABpraappaa|ABprpaaapp|ABprpaappa,ABpraappaa|ABprpaaapp|ABprpaappa,1
PHA_01478,MSpapapp,148,149,24,27,4,4,ABprpapap|Ealap|MSpapapp|MSpppap,ABprpapap|Ealap|MSpapapp|MSpppap,1
PHA_01479,ABarppapap,148,149,12,8,4,4,ABarpapap|ABarppapap|ABplappapa|ABplpppaap,ABarpapap|ABarppapap|ABplappapa|ABplpppaap,1
PHA_01480,Capaap,148,149,22,26,5,5,ABplppppap|ABprpaapa|Capaap|Dapp|MSppapa,ABplppppap|ABprpaapa|Capaap|Dapp|MSppapa,1
PHA_01481,Capapp,148,149,3,4,4,4,ABalapppp|ABarppaapp|Capapp|MSppaap,ABalapppp|ABarppaapp|Capapp|MSppaap,1
PHA_01482,ABplpaapp,149,150,34,35,3,3,ABplpaapp|ABprpappap|MSpaapp,ABplpaapp|ABprpappap|MSpaapp,1
PHA_01483,ABplpappa,149,150,48,13,3,3,ABarpapppa|ABplpappa|MSaappa,ABarpapppa|ABplpappa|MSaappa,1
PHA_01484,ABplpappp,149,150,16,14,7,7,ABarappppp|ABplpappp|ABpraaappp|ABpraapapp|ABprpaaapa|ABprpaapap|MSaappp,ABarappppp|ABplpappp|ABpraaappp|ABpraapapp|ABprpaaapa|ABprpaapap|MSaappp,1
PHA_01485,ABprpapap,149,150,27,25,4,4,ABprpapap|Ealap|MSpapapp|MSpppap,ABprpapap|Ealap|MSpapapp|MSpppap,1
PHA_01486,ABprpappa,149,150,28,26,8,8,ABarapappp|ABarpaappa|ABprpappa|Ealp|Ealpa|MSapppp|MSpapaap|MSpapapa,ABarapappp|ABarpaappa|ABprpappa|Ealp|Ealpa|MSapppp|MSpapaap|MSpapapa,1
PHA_01487,MSaappa,149,150,48,13,3,3,ABarpapppa|ABplpappa|MSaappa,ABarpapppa|ABplpappa|MSaappa,1
PHA_01488,MSaappp,149,150,16,14,7,7,ABarappppp|ABplpappp|ABpraaappp|ABpraapapp|ABprpaaapa|ABprpaapap|MSaappp,ABarappppp|ABplpappp|ABpraaappp|ABpraapapp|ABprpaaapa|ABprpaapap|MSaappp,1
PHA_01489,MSapppp,149,150,28,26,8,8,ABarapappp|ABarpaappa|ABprpappa|Ealp|Ealpa|MSapppp|MSpapaap|MSpapapa,ABarapappp|ABarpaappa|ABprpappa|Ealp|Ealpa|MSapppp|MSpapaap|MSpapapa,1
PHA_01490,MSpaapp,149,150,34,35,3,3,ABplpaapp|ABprpappap|MSpaapp,ABplpaapp|ABprpappap|MSpaapp,1
PHA_01491,MSpppap,149,150,27,25,4,4,ABprpapap|Ealap|MSpapapp|MSpppap,ABprpapap|Ealap|MSpapapp|MSpppap,1
PHA_01492,Ealp,149,150,28,26,8,8,ABarapappp|ABarpaappa|ABprpappa|Ealp|Ealpa|MSapppp|MSpapaap|MSpapapa,ABarapappp|ABarpaappa|ABprpappa|Ealp|Ealpa|MSapppp|MSpapaap|MSpapapa,1
PHA_01493,ABalaaaarl,149,150,42,46,3,3,ABalaaaarl|ABalaaapal|ABalapaaaa,ABalaaaarl|ABalaaapal|ABalapaaaa,1
PHA_01494,ABalaaapal,149,150,42,46,3,3,ABalaaaarl|ABalaaapal|ABalapaaaa,ABalaaaarl|ABalaaapal|ABalapaaaa,1
PHA_01495,ABalapaaaa,149,150,42,46,3,3,ABalaaaarl|ABalaaapal|ABalapaaaa,ABalaaaarl|ABalaaapal|ABalapaaaa,1
PHA_01496,ABarapappp,149,150,28,26,8,8,ABarapappp|ABarpaappa|ABprpappa|Ealp|Ealpa|MSapppp|MSpapaap|MSpapapa,ABarapappp|ABarpaappa|ABprpappa|Ealp|Ealpa|MSapppp|MSpapaap|MSpapapa,1
PHA_01497,ABarappppp,149,150,16,14,7,7,ABarappppp|ABplpappp|ABpraaappp|ABpraapapp|ABprpaaapa|ABprpaapap|MSaappp,ABarappppp|ABplpappp|ABpraaappp|ABpraapapp|ABprpaaapa|ABprpaapap|MSaappp,1
PHA_01498,ABarpaappa,149,150,28,26,8,8,ABarapappp|ABarpaappa|ABprpappa|Ealp|Ealpa|MSapppp|MSpapaap|MSpapapa,ABarapappp|ABarpaappa|ABprpappa|Ealp|Ealpa|MSapppp|MSpapaap|MSpapapa,1
PHA_01499,ABarpapppa,149,150,48,13,3,3,ABarpapppa|ABplpappa|MSaappa,ABarpapppa|ABplpappa|MSaappa,1
PHA_01500,ABplapaaap,149,150,60,62,3,3,ABplapaaap|ABplpapapp|Daaa,ABplapaaap|ABplpapapp|Daaa,1
PHA_01501,ABplpapapp,149,150,60,62,3,3,ABplapaaap|ABplpapapp|Daaa,ABplapaaap|ABplpapapp|Daaa,1
PHA_01502,ABpraaappp,149,150,16,14,7,7,ABarappppp|ABplpappp|ABpraaappp|ABpraapapp|ABprpaaapa|ABprpaapap|MSaappp,ABarappppp|ABplpappp|ABpraaappp|ABpraapapp|ABprpaaapa|ABprpaapap|MSaappp,1
PHA_01503,ABpraapapp,149,150,16,14,7,7,ABarappppp|ABplpappp|ABpraaappp|ABpraapapp|ABprpaaapa|ABprpaapap|MSaappp,ABarappppp|ABplpappp|ABpraaappp|ABpraapapp|ABprpaaapa|ABprpaapap|MSaappp,1
PHA_01504,ABprpaaapa,149,150,16,14,7,7,ABarappppp|ABplpappp|ABpraaappp|ABpraapapp|ABprpaaapa|ABprpaapap|MSaappp,ABarappppp|ABplpappp|ABpraaappp|ABpraapapp|ABprpaaapa|ABprpaapap|MSaappp,1
PHA_01505,ABprpaapap,149,150,16,14,7,7,ABarappppp|ABplpappp|ABpraaappp|ABpraapapp|ABprpaaapa|ABprpaapap|MSaappp,ABarappppp|ABplpappp|ABpraaappp|ABpraapapp|ABprpaaapa|ABprpaapap|MSaappp,1
PHA_01506,ABprpaappp,149,150,57,61,3,3,ABpraappap|ABprpaappp|ABprppaaap,ABpraappap|ABprpaappp|ABprppaaap,1
PHA_01507,ABprpappap,149,150,34,35,3,3,ABplpaapp|ABprpappap|MSpaapp,ABplpaapp|ABprpappap|MSpaapp,1
PHA_01508,ABprppaaap,149,150,57,61,3,3,ABpraappap|ABprpaappp|ABprppaaap,ABpraappap|ABprpaappp|ABprppaaap,1
PHA_01509,MSpapaap,149,150,28,26,8,8,ABarapappp|ABarpaappa|ABprpappa|Ealp|Ealpa|MSapppp|MSpapaap|MSpapapa,ABarapappp|ABarpaappa|ABprpappa|Ealp|Ealpa|MSapppp|MSpapaap|MSpapapa,1
PHA_01510,Ealap,149,150,27,25,4,4,ABprpapap|Ealap|MSpapapp|MSpppap,ABprpapap|Ealap|MSpapapp|MSpppap,1
PHA_01511,Ealpa,149,150,28,26,8,8,ABarapappp|ABarpaappa|ABprpappa|Ealp|Ealpa|MSapppp|MSpapaap|MSpapapa,ABarapappp|ABarpaappa|ABprpappa|Ealp|Ealpa|MSapppp|MSpapaap|MSpapapa,1
PHA_01512,Daaa,149,150,60,62,3,3,ABplapaaap|ABplpapapp|Daaa,ABplapaaap|ABplpapapp|Daaa,1
PHA_01513,ABpraappap,149,150,57,61,3,3,ABpraappap|ABprpaappp|ABprppaaap,ABpraappap|ABprpaappp|ABprppaaap,1
PHA_01514,MSpapapa,149,150,28,26,8,8,ABarapappp|ABarpaappa|ABprpappa|Ealp|Ealpa|MSapppp|MSpapaap|MSpapapa,ABarapappp|ABarpaappa|ABprpappa|Ealp|Ealpa|MSapppp|MSpapaap|MSpapapa,1
PHA_01515,MSpapapp,149,150,27,25,4,4,ABprpapap|Ealap|MSpapapp|MSpppap,ABprpapap|Ealap|MSpapapp|MSpppap,1
PHA_01516,ABarpaaaa,150,151,7,4,4,4,ABarpaaaa|ABplapappa|ABplappppa|ABpraaaap,ABarpaaaa|ABplapappa|ABplappppa|ABpraaaap,1
PHA_01517,ABarppapp,150,151,10,8,3,3,ABarppapp|ABplaapapp|Eplp,ABarppapp|ABplaapapp|Eplp,1
PHA_01518,ABplapppa,150,151,55,11,4,4,ABarpaaapa|ABplaaaapa|ABplapppa|MSaaaapp,ABarpaaapa|ABplaaaapa|ABplapppa|MSaaaapp,1
PHA_01519,ABplpapaa,150,151,63,13,3,3,ABarpppaap|ABplpapaa|ABprapaapa,ABarpppaap|ABplpapaa|ABprapaapa,1
PHA_01520,ABplpappa,150,151,13,14,3,3,ABarpapppa|ABplpappa|MSaappa,ABarpapppa|ABplpappa|MSaappa,1
PHA_01521,ABpraaaap,150,151,7,4,4,4,ABarpaaaa|ABplapappa|ABplappppa|ABpraaaap,ABarpaaaa|ABplapappa|ABplappppa|ABpraaaap,1
PHA_01522,ABprpaapp,150,151,39,27,5,5,ABplapaapp|ABplppppaa|ABprpaapp|Dapa|MSppapp,ABplapaapp|ABplppppaa|ABprpaapp|Dapa|MSppapp,1
PHA_01523,ABprpapap,150,151,25,28,4,4,ABprpapap|Ealap|MSpapapp|MSpppap,ABprpapap|Ealap|MSpapapp|MSpppap,1
PHA_01524,ABprpappa,150,151,26,29,8,8,ABarapappp|ABarpaappa|ABprpappa|Ealp|Ealpa|MSapppp|MSpapaap|MSpapapa,ABarapappp|ABarpaappa|ABprpappa|Ealp|Ealpa|MSapppp|MSpapaap|MSpapapa,1
PHA_01525,ABprpappp,150,151,27,30,4,4,ABarapaapp|ABarapapaa|ABprpappp|MSpaapaa,ABarapaapp|ABarapapaa|ABprpappp|MSpaapaa,1
PHA_01526,ABprppaaa,150,151,40,36,3,3,ABplpapppa|ABprppaaa|MSppppa,ABplpapppa|ABprppaaa|MSppppa,1
PHA_01527,ABprpppaa,150,151,28,32,8,8,ABalapaapp|ABalpaappp|ABalpapaaa|ABalppppaa|ABplaapaaa|ABprpppaa|Caapp|Cpppa,ABalapaapp|ABalpaappp|ABalpapaaa|ABalppppaa|ABplaapaaa|ABprpppaa|Caapp|Cpppa,1
PHA_01528,ABprpppap,150,151,49,50,3,3,ABalpaaaap|ABalpaapap|ABprpppap,ABalpaaaap|ABalpaapap|ABprpppap,1
PHA_01529,MSaappa,150,151,13,14,3,3,ABarpapppa|ABplpappa|MSaappa,ABarpapppa|ABplpappa|MSaappa,1
PHA_01530,MSapppp,150,151,26,29,8,8,ABarapappp|ABarpaappa|ABprpappa|Ealp|Ealpa|MSapppp|MSpapaap|MSpapapa,ABarapappp|ABarpaappa|ABprpappa|Ealp|Ealpa|MSapppp|MSpapaap|MSpapapa,1
PHA_01531,MSppapp,150,151,39,27,5,5,ABplapaapp|ABplppppaa|ABprpaapp|Dapa|MSppapp,ABplapaapp|ABplppppaa|ABprpaapp|Dapa|MSppapp,1
PHA_01532,MSpppap,150,151,25,28,4,4,ABprpapap|Ealap|MSpapapp|MSpppap,ABprpapap|Ealap|MSpapapp|MSpppap,1
PHA_01533,MSppppa,150,151,40,36,3,3,ABplpapppa|ABprppaaa|MSppppa,ABplpapppa|ABprppaaa|MSppppa,1
PHA_01534,Ealp,150,151,26,29,8,8,ABarapappp|ABarpaappa|ABprpappa|Ealp|Ealpa|MSapppp|MSpapaap|MSpapapa,ABarapappp|ABarpaappa|ABprpappa|Ealp|Ealpa|MSapppp|MSpapaap|MSpapapa,1
PHA_01535,Eplp,150,151,10,8,3,3,ABarppapp|ABplaapapp|Eplp,ABarppapp|ABplaapapp|Eplp,1
PHA_01536,Caapp,150,151,28,32,8,8,ABalapaapp|ABalpaappp|ABalpapaaa|ABalppppaa|ABplaapaaa|ABprpppaa|Caapp|Cpppa,ABalapaapp|ABalpaappp|ABalpapaaa|ABalppppaa|ABplaapaaa|ABprpppaa|Caapp|Cpppa,1
PHA_01537,Cappp,150,151,41,40,3,3,ABalapappa|ABalpaaapa|Cappp,ABalapappa|ABalpaaapa|Cappp,1
PHA_01538,Cpppa,150,151,28,32,8,8,ABalapaapp|ABalpaappp|ABalpapaaa|ABalppppaa|ABplaapaaa|ABprpppaa|Caapp|Cpppa,ABalapaapp|ABalpaappp|ABalpapaaa|ABalppppaa|ABplaapaaa|ABprpppaa|Caapp|Cpppa,1
PHA_01539,Dpp,150,151,44,43,3,3,ABalpapppp|ABplaaapap|Dpp,ABalpapppp|ABplaaapap|Dpp,1
PHA_01540,ABalapaapp,150,151,28,32,8,8,ABalapaapp|ABalpaappp|ABalpapaaa|ABalppppaa|ABplaapaaa|ABprpppaa|Caapp|Cpppa,ABalapaapp|ABalpaappp|ABalpapaaa|ABalppppaa|ABplaapaaa|ABprpppaa|Caapp|Cpppa,1
PHA_01541,ABalapappa,150,151,41,40,3,3,ABalapappa|ABalpaaapa|Cappp,ABalapappa|ABalpaaapa|Cappp,1
PHA_01542,ABalapappp,150,151,48,49,3,3,ABalapappp|ABalpaaapp|ABalpappaa,ABalapappp|ABalpaaapp|ABalpappaa,1
PHA_01543,ABalpaaaap,150,151,49,50,3,3,ABalpaaaap|ABalpaapap|ABprpppap,ABalpaaaap|ABalpaapap|ABprpppap,1
PHA_01544,ABalpaaapa,150,151,41,40,3,3,ABalapappa|ABalpaaapa|Cappp,ABalapappa|ABalpaaapa|Cappp,1
PHA_01545,ABalpaaapp,150,151,48,49,3,3,ABalapappp|ABalpaaapp|ABalpappaa,ABalapappp|ABalpaaapp|ABalpappaa,1
PHA_01546,ABalpaapap,150,151,49,50,3,3,ABalpaaaap|ABalpaapap|ABprpppap,ABalpaaaap|ABalpaapap|ABprpppap,1
PHA_01547,ABalpaappp,150,151,28,32,8,8,ABalapaapp|ABalpaappp|ABalpapaaa|ABalppppaa|ABplaapaaa|ABprpppaa|Caapp|Cpppa,ABalapaapp|ABalpaappp|ABalpapaaa|ABalppppaa|ABplaapaaa|ABprpppaa|Caapp|Cpppa,1
PHA_01548,ABalpapaaa,150,151,28,32,8,8,ABalapaapp|ABalpaappp|ABalpapaaa|ABalppppaa|ABplaapaaa|ABprpppaa|Caapp|Cpppa,ABalapaapp|ABalpaappp|ABalpapaaa|ABalppppaa|ABplaapaaa|ABprpppaa|Caapp|Cpppa,1
PHA_01549,ABalpappaa,150,151,48,49,3,3,ABalapappp|ABalpaaapp|ABalpappaa,ABalapappp|ABalpaaapp|ABalpappaa,1
PHA_01550,ABalpapppp,150,151,44,43,3,3,ABalpapppp|ABplaaapap|Dpp,ABalpapppp|ABplaaapap|Dpp,1
PHA_01551,ABalppppaa,150,151,28,32,8,8,ABalapaapp|ABalpaappp|ABalpapaaa|ABalppppaa|ABplaapaaa|ABprpppaa|Caapp|Cpppa,ABalapaapp|ABalpaappp|ABalpapaaa|ABalppppaa|ABplaapaaa|ABprpppaa|Caapp|Cpppa,1
PHA_01552,ABarapaapp,150,151,27,30,4,4,ABarapaapp|ABarapapaa|ABprpappp|MSpaapaa,ABarapaapp|ABarapapaa|ABprpappp|MSpaapaa,1
PHA_01553,ABarapapaa,150,151,27,30,4,4,ABarapaapp|ABarapapaa|ABprpappp|MSpaapaa,ABarapaapp|ABarapapaa|ABprpappp|MSpaapaa,1
PHA_01554,ABarapappp,150,151,26,29,8,8,ABarapappp|ABarpaappa|ABprpappa|Ealp|Ealpa|MSapppp|MSpapaap|MSpapapa,ABarapappp|ABarpaappa|ABprpappa|Ealp|Ealpa|MSapppp|MSpapaap|MSpapapa,1
PHA_01555,ABarpaappa,150,151,26,29,8,8,ABarapappp|ABarpaappa|ABprpappa|Ealp|Ealpa|MSapppp|MSpapaap|MSpapapa,ABarapappp|ABarpaappa|ABprpappa|Ealp|Ealpa|MSapppp|MSpapaap|MSpapapa,1
PHA_01556,ABarpapppa,150,151,13,14,3,3,ABarpapppa|ABplpappa|MSaappa,ABarpapppa|ABplpappa|MSaappa,1
PHA_01557,ABplaaaapa,150,151,55,11,4,4,ABarpaaapa|ABplaaaapa|ABplapppa|MSaaaapp,ABarpaaapa|ABplaaaapa|ABplapppa|MSaaaapp,1
PHA_01558,ABplaaapap,150,151,44,43,3,3,ABalpapppp|ABplaaapap|Dpp,ABalpapppp|ABplaaapap|Dpp,1
PHA_01559,ABplaapaaa,150,151,28,32,8,8,ABalapaapp|ABalpaappp|ABalpapaaa|ABalppppaa|ABplaapaaa|ABprpppaa|Caapp|Cpppa,ABalapaapp|ABalpaappp|ABalpapaaa|ABalppppaa|ABplaapaaa|ABprpppaa|Caapp|Cpppa,1
PHA_01560,ABplaapapp,150,151,10,8,3,3,ABarppapp|ABplaapapp|Eplp,ABarppapp|ABplaapapp|Eplp,1
PHA_01561,ABplaappap,150,151,57,53,3,3,ABplaappap|ABplpaappp|ABplppaaap,ABplaappap|ABplpaappp|ABplppaaap,1
PHA_01562,ABplapaapp,150,151,39,27,5,5,ABplapaapp|ABplppppaa|ABprpaapp|Dapa|MSppapp,ABplapaapp|ABplppppaa|ABprpaapp|Dapa|MSppapp,1
PHA_01563,ABplapappa,150,151,7,4,4,4,ABarpaaaa|ABplapappa|ABplappppa|ABpraaaap,ABarpaaaa|ABplapappa|ABplappppa|ABpraaaap,1
PHA_01564,ABplappppa,150,151,7,4,4,4,ABarpaaaa|ABplapappa|ABplappppa|ABpraaaap,ABarpaaaa|ABplapappa|ABplappppa|ABpraaaap,1
PHA_01565,ABplpaappp,150,151,57,53,3,3,ABplaappap|ABplpaappp|ABplppaaap,ABplaappap|ABplpaappp|ABplppaaap,1
PHA_01566,ABplpapppa,150,151,40,36,3,3,ABplpapppa|ABprppaaa|MSppppa,ABplpapppa|ABprppaaa|MSppppa,1
PHA_01567,ABplppaaap,150,151,57,53,3,3,ABplaappap|ABplpaappp|ABplppaaap,ABplaappap|ABplpaappp|ABplppaaap,1
PHA_01568,ABplppppaa,150,151,39,27,5,5,ABplapaapp|ABplppppaa|ABprpaapp|Dapa|MSppapp,ABplapaapp|ABplppppaa|ABprpaapp|Dapa|MSppapp,1
PHA_01569,ABpraaappa,150,151,59,54,4,4,ABpraaappa|ABpraapaap|ABprpaaaap|ABprpaapaa,ABpraaappa|ABpraapaap|ABprpaaaap|ABprpaapaa,1
PHA_01570,ABpraapaap,150,151,59,54,4,4,ABpraaappa|ABpraapaap|ABprpaaaap|ABprpaapaa,ABpraaappa|ABpraapaap|ABprpaaaap|ABprpaapaa,1
PHA_01571,ABprapaapa,150,151,63,13,3,3,ABarpppaap|ABplpapaa|ABprapaapa,ABarpppaap|ABplpapaa|ABprapaapa,1
PHA_01572,ABprpaaaap,150,151,59,54,4,4,ABpraaappa|ABpraapaap|ABprpaaaap|ABprpaapaa,ABpraaappa|ABpraapaap|ABprpaaaap|ABprpaapaa,1
PHA_01573,ABprpaapaa,150,151,59,54,4,4,ABpraaappa|ABpraapaap|ABprpaaaap|ABprpaapaa,ABpraaappa|ABpraapaap|ABprpaaaap|ABprpaapaa,1
PHA_01574,ABprpaappp,150,151,61,56,3,3,ABpraappap|ABprpaappp|ABprppaaap,ABpraappap|ABprpaappp|ABprppaaap,1
PHA_01575,ABprppaaap,150,151,61,56,3,3,ABpraappap|ABprpaappp|ABprppaaap,ABpraappap|ABprpaappp|ABprppaaap,1
PHA_01576,MSaaaapp,150,151,55,11,4,4,ABarpaaapa|ABplaaaapa|ABplapppa|MSaaaapp,ABarpaaapa|ABplaaaapa|ABplapppa|MSaaaapp,1
PHA_01577,MSpapaap,150,151,26,29,8,8,ABarapappp|ABarpaappa|ABprpappa|Ealp|Ealpa|MSapppp|MSpapaap|MSpapapa,ABarapappp|ABarpaappa|ABprpappa|Ealp|Ealpa|MSapppp|MSpapaap|MSpapapa,1
PHA_01578,Ealap,150,151,25,28,4,4,ABprpapap|Ealap|MSpapapp|MSpppap,ABprpapap|Ealap|MSpapapp|MSpppap,1
PHA_01579,Ealpa,150,151,26,29,8,8,ABarapappp|ABarpaappa|ABprpappa|Ealp|Ealpa|MSapppp|MSpapaap|MSpapapa,ABarapappp|ABarpaappa|ABprpappa|Ealp|Ealpa|MSapppp|MSpapaap|MSpapapa,1
PHA_01580,Dapa,150,151,39,27,5,5,ABplapaapp|ABplppppaa|ABprpaapp|Dapa|MSppapp,ABplapaapp|ABplppppaa|ABprpaapp|Dapa|MSppapp,1
PHA_01581,ABarpaaapa,150,151,55,11,4,4,ABarpaaapa|ABplaaaapa|ABplapppa|MSaaaapp,ABarpaaapa|ABplaaaapa|ABplapppa|MSaaaapp,1
PHA_01582,ABarpppaap,150,151,63,13,3,3,ABarpppaap|ABplpapaa|ABprapaapa,ABarpppaap|ABplpapaa|ABprapaapa,1
PHA_01583,ABpraappap,150,151,61,56,3,3,ABpraappap|ABprpaappp|ABprppaaap,ABpraappap|ABprpaappp|ABprppaaap,1
PHA_01584,MSpaapaa,150,151,27,30,4,4,ABarapaapp|ABarapapaa|ABprpappp|MSpaapaa,ABarapaapp|ABarapapaa|ABprpappp|MSpaapaa,1
PHA_01585,MSpapapa,150,151,26,29,8,8,ABarapappp|ABarpaappa|ABprpappa|Ealp|Ealpa|MSapppp|MSpapaap|MSpapapa,ABarapappp|ABarpaappa|ABprpappa|Ealp|Ealpa|MSapppp|MSpapaap|MSpapapa,1
PHA_01586,MSpapapp,150,151,25,28,4,4,ABprpapap|Ealap|MSpapapp|MSpppap,ABprpapap|Ealap|MSpapapp|MSpppap,1
PHA_01587,ABalaaapp,151,152,0,1,4,4,ABalaaapp|ABalapaaa|ABalppaaa|Cpappv,ABalaaapp|ABalapaaa|ABalppaaa|Cpappv,1
PHA_01588,ABalapaaa,151,152,0,1,4,4,ABalaaapp|ABalapaaa|ABalppaaa|Cpappv,ABalaaapp|ABalapaaa|ABalppaaa|Cpappv,1
PHA_01589,ABalppaaa,151,152,0,1,4,4,ABalaaapp|ABalapaaa|ABalppaaa|Cpappv,ABalaaapp|ABalapaaa|ABalppaaa|Cpappv,1
PHA_01590,ABarapppa,151,152,61,64,3,3,ABarapppa|Caaaap|Capppp,ABarapppa|Caaaap|Capppp,1
PHA_01591,ABarpaaaa,151,152,4,7,4,4,ABarpaaaa|ABplapappa|ABplappppa|ABpraaaap,ABarpaaaa|ABplapappa|ABplappppa|ABpraaaap,1
PHA_01592,ABarppaap,151,152,52,49,4,4,ABarppaap|ABplapaaap|ABplpapapp|Daaa,ABarppaap|ABplapaaap|ABplpapapp|Daaa,1
PHA_01593,ABarppapp,151,152,8,10,3,3,ABarppapp|ABplaapapp|Eplp,ABarppapp|ABplaapapp|Eplp,1
PHA_01594,ABplaaapa,151,152,9,11,5,5,ABarppappp|ABplaaapa|ABplappppp|Capppa|MSppaaa,ABarppappp|ABplaaapa|ABplappppp|Capppa|MSppaaa,1
PHA_01595,ABplaapap,151,152,10,12,4,4,ABplaapap|ABplapapaa|Capapa|Cappaa,ABplaapap|ABplapapaa|Capapa|Cappaa,1
PHA_01596,ABplppaap,151,152,35,28,4,4,ABarappapp|ABplppaap|ABprpapaaa|MSappap,ABarappapp|ABplppaap|ABprpapaaa|MSappap,1
PHA_01597,ABplppapa,151,152,51,46,3,3,ABarpapapp|ABplppapa|Daa,ABarpapapp|ABplppapa|Daa,1
PHA_01598,ABplppapp,151,152,17,60,4,4,ABaraapppa|ABarpaapaa|ABplppapp|MSpaaapp,ABaraapppa|ABarpaapaa|ABplppapp|MSpaaapp,1
PHA_01599,ABpraaaap,151,152,4,7,4,4,ABarpaaaa|ABplapappa|ABplappppa|ABpraaaap,ABarpaaaa|ABplapappa|ABplappppa|ABpraaaap,1
PHA_01600,ABpraaapa,151,152,20,19,3,3,ABplapapap|ABplapppap|ABpraaapa,ABplapapap|ABplapppap|ABpraaapa,1
PHA_01601,ABpraappp,151,152,21,20,4,4,ABplaapppa|ABplppaapa|ABplppapaa|ABpraappp,ABplaapppa|ABplppaapa|ABplppapaa|ABpraappp,1
PHA_01602,ABprapppp,151,152,24,22,4,4,ABalpaappa|ABalppaaap|ABprapppp|Cpapp,ABalpaappa|ABalppaaap|ABprapppp|Cpapp,1
PHA_01603,ABprppapp,151,152,31,25,6,6,ABalppaapp|ABalppapaa|ABalpppapa|ABprppapp|Caapa|MSapaaaa,ABalppaapp|ABalppapaa|ABalpppapa|ABprppapp|Caapa|MSapaaaa,1
PHA_01604,ABprppppp,151,152,33,27,3,3,ABaraaapap|ABprppppp|MSaaaapa,ABaraaapap|ABprppppp|MSaaaapa,1
PHA_01605,MSappap,151,152,35,28,4,4,ABarappapp|ABplppaap|ABprpapaaa|MSappap,ABarappapp|ABplppaap|ABprpapaaa|MSappap,1
PHA_01606,MSppaaa,151,152,9,11,5,5,ABarppappp|ABplaaapa|ABplappppp|Capppa|MSppaaa,ABarppappp|ABplaaapa|ABplappppp|Capppa|MSppaaa,1
PHA_01607,Earp,151,152,38,32,3,3,ABplaaappp|ABplpappap|Earp,ABplaaappp|ABplpappap|Earp,1
PHA_01608,Eplp,151,152,8,10,3,3,ABarppapp|ABplaapapp|Eplp,ABarppapp|ABplaapapp|Eplp,1
PHA_01609,Caapa,151,152,31,25,6,6,ABalppaapp|ABalppapaa|ABalpppapa|ABprppapp|Caapa|MSapaaaa,ABalppaapp|ABalppapaa|ABalpppapa|ABprppapp|Caapa|MSapaaaa,1
PHA_01610,Cpapp,151,152,24,22,4,4,ABalpaappa|ABalppaaap|ABprapppp|Cpapp,ABalpaappa|ABalppaaap|ABprapppp|Cpapp,1
PHA_01611,Daa,151,152,51,46,3,3,ABarpapapp|ABplppapa|Daa,ABarpapapp|ABplppapa|Daa,1
PHA_01612,ABalaaaarl,151,152,46,40,3,3,ABalaaaarl|ABalaaapal|ABalapaaaa,ABalaaaarl|ABalaaapal|ABalapaaaa,1
PHA_01613,ABalaaaarr,151,152,44,37,3,3,ABalaaaarr|ABalaaappl|ABalappapa,ABalaaaarr|ABalaaappl|ABalappapa,1
PHA_01614,ABalaaapal,151,152,46,40,3,3,ABalaaaarl|ABalaaapal|ABalapaaaa,ABalaaaarl|ABalaaapal|ABalapaaaa,1
PHA_01615,ABalaaappl,151,152,44,37,3,3,ABalaaaarr|ABalaaappl|ABalappapa,ABalaaaarr|ABalaaappl|ABalappapa,1
PHA_01616,ABalaapapp,151,152,45,39,4,4,ABalaapapp|ABpraaaaap|ABpraaapaa|ABpraapaaa,ABalaapapp|ABpraaaaap|ABpraaapaa|ABpraapaaa,1
PHA_01617,ABalapaaaa,151,152,46,40,3,3,ABalaaaarl|ABalaaapal|ABalapaaaa,ABalaaaarl|ABalaaapal|ABalapaaaa,1
PHA_01618,ABalapapap,151,152,48,41,3,3,ABalapapap|ABaraaaapa|ABplaaaaaa,ABalapapap|ABaraaaapa|ABplaaaaaa,1
PHA_01619,ABalappapa,151,152,44,37,3,3,ABalaaaarr|ABalaaappl|ABalappapa,ABalaaaarr|ABalaaappl|ABalappapa,1
PHA_01620,ABalpaappa,151,152,24,22,4,4,ABalpaappa|ABalppaaap|ABprapppp|Cpapp,ABalpaappa|ABalppaaap|ABprapppp|Cpapp,1
PHA_01621,ABalppaaap,151,152,24,22,4,4,ABalpaappa|ABalppaaap|ABprapppp|Cpapp,ABalpaappa|ABalppaaap|ABprapppp|Cpapp,1
PHA_01622,ABalppaapp,151,152,31,25,6,6,ABalppaapp|ABalppapaa|ABalpppapa|ABprppapp|Caapa|MSapaaaa,ABalppaapp|ABalppapaa|ABalpppapa|ABprppapp|Caapa|MSapaaaa,1
PHA_01623,ABalppapaa,151,152,31,25,6,6,ABalppaapp|ABalppapaa|ABalpppapa|ABprppapp|Caapa|MSapaaaa,ABalppaapp|ABalppapaa|ABalpppapa|ABprppapp|Caapa|MSapaaaa,1
PHA_01624,ABalpppapa,151,152,31,25,6,6,ABalppaapp|ABalppapaa|ABalpppapa|ABprppapp|Caapa|MSapaaaa,ABalppaapp|ABalppapaa|ABalpppapa|ABprppapp|Caapa|MSapaaaa,1
PHA_01625,ABaraaapap,151,152,33,27,3,3,ABaraaapap|ABprppppp|MSaaaapa,ABaraaapap|ABprppppp|MSaaaapa,1
PHA_01626,ABaraapppa,151,152,17,60,4,4,ABaraapppa|ABarpaapaa|ABplppapp|MSpaaapp,ABaraapppa|ABarpaapaa|ABplppapp|MSpaaapp,1
PHA_01627,ABarappapp,151,152,35,28,4,4,ABarappapp|ABplppaap|ABprpapaaa|MSappap,ABarappapp|ABplppaap|ABprpapaaa|MSappap,1
PHA_01628,ABarpaapaa,151,152,17,60,4,4,ABaraapppa|ABarpaapaa|ABplppapp|MSpaaapp,ABaraapppa|ABarpaapaa|ABplppapp|MSpaaapp,1
PHA_01629,ABarpapapp,151,152,51,46,3,3,ABarpapapp|ABplppapa|Daa,ABarpapapp|ABplppapa|Daa,1
PHA_01630,ABplaaaaaa,151,152,48,41,3,3,ABalapapap|ABaraaaapa|ABplaaaaaa,ABalapapap|ABaraaaapa|ABplaaaaaa,1
PHA_01631,ABplaaappp,151,152,38,32,3,3,ABplaaappp|ABplpappap|Earp,ABplaaappp|ABplpappap|Earp,1
PHA_01632,ABplaapapp,151,152,8,10,3,3,ABarppapp|ABplaapapp|Eplp,ABarppapp|ABplaapapp|Eplp,1
PHA_01633,ABplaappap,151,152,53,51,3,3,ABplaappap|ABplpaappp|ABplppaaap,ABplaappap|ABplpaappp|ABplppaaap,1
PHA_01634,ABplaapppa,151,152,21,20,4,4,ABplaapppa|ABplppaapa|ABplppapaa|ABpraappp,ABplaapppa|ABplppaapa|ABplppapaa|ABpraappp,1
PHA_01635,ABplapaaap,151,152,52,49,4,4,ABarppaap|ABplapaaap|ABplpapapp|Daaa,ABarppaap|ABplapaaap|ABplpapapp|Daaa,1
PHA_01636,ABplapapaa,151,152,10,12,4,4,ABplaapap|ABplapapaa|Capapa|Cappaa,ABplaapap|ABplapapaa|Capapa|Cappaa,1
PHA_01637,ABplapapap,151,152,20,19,3,3,ABplapapap|ABplapppap|ABpraaapa,ABplapapap|ABplapppap|ABpraaapa,1
PHA_01638,ABplapappa,151,152,4,7,4,4,ABarpaaaa|ABplapappa|ABplappppa|ABpraaaap,ABarpaaaa|ABplapappa|ABplappppa|ABpraaaap,1
PHA_01639,ABplapppap,151,152,20,19,3,3,ABplapapap|ABplapppap|ABpraaapa,ABplapapap|ABplapppap|ABpraaapa,1
PHA_01640,ABplappppa,151,152,4,7,4,4,ABarpaaaa|ABplapappa|ABplappppa|ABpraaaap,ABarpaaaa|ABplapappa|ABplappppa|ABpraaaap,1
PHA_01641,ABplappppp,151,152,9,11,5,5,ABarppappp|ABplaaapa|ABplappppp|Capppa|MSppaaa,ABarppappp|ABplaaapa|ABplappppp|Capppa|MSppaaa,1
PHA_01642,ABplpaappp,151,152,53,51,3,3,ABplaappap|ABplpaappp|ABplppaaap,ABplaappap|ABplpaappp|ABplppaaap,1
PHA_01643,ABplpapapp,151,152,52,49,4,4,ABarppaap|ABplapaaap|ABplpapapp|Daaa,ABarppaap|ABplapaaap|ABplpapapp|Daaa,1
PHA_01644,ABplpappap,151,152,38,32,3,3,ABplaaappp|ABplpappap|Earp,ABplaaappp|ABplpappap|Earp,1
PHA_01645,ABplppaaap,151,152,53,51,3,3,ABplaappap|ABplpaappp|ABplppaaap,ABplaappap|ABplpaappp|ABplppaaap,1
PHA_01646,ABplppaapa,151,152,21,20,4,4,ABplaapppa|ABplppaapa|ABplppapaa|ABpraappp,ABplaapppa|ABplppaapa|ABplppapaa|ABpraappp,1
PHA_01647,ABplppapaa,151,152,21,20,4,4,ABplaapppa|ABplppaapa|ABplppapaa|ABpraappp,ABplaapppa|ABplppaapa|ABplppapaa|ABpraappp,1
PHA_01648,ABpraaapaa,151,152,45,39,4,4,ABalaapapp|ABpraaaaap|ABpraaapaa|ABpraapaaa,ABalaapapp|ABpraaaaap|ABpraaapaa|ABpraapaaa,1
PHA_01649,ABpraaappa,151,152,54,58,4,4,ABpraaappa|ABpraapaap|ABprpaaaap|ABprpaapaa,ABpraaappa|ABpraapaap|ABprpaaaap|ABprpaapaa,1
PHA_01650,ABpraapaaa,151,152,45,39,4,4,ABalaapapp|ABpraaaaap|ABpraaapaa|ABpraapaaa,ABalaapapp|ABpraaaaap|ABpraaapaa|ABpraapaaa,1
PHA_01651,ABpraapaap,151,152,54,58,4,4,ABpraaappa|ABpraapaap|ABprpaaaap|ABprpaapaa,ABpraaappa|ABpraapaap|ABprpaaaap|ABprpaapaa,1
PHA_01652,ABprpaaaap,151,152,54,58,4,4,ABpraaappa|ABpraapaap|ABprpaaaap|ABprpaapaa,ABpraaappa|ABpraapaap|ABprpaaaap|ABprpaapaa,1
PHA_01653,ABprpaapaa,151,152,54,58,4,4,ABpraaappa|ABpraapaap|ABprpaaaap|ABprpaapaa,ABpraaappa|ABpraapaap|ABprpaaaap|ABprpaapaa,1
PHA_01654,ABprpapaaa,151,152,35,28,4,4,ABarappapp|ABplppaap|ABprpapaaa|MSappap,ABarappapp|ABplppaap|ABprpapaaa|MSappap,1
PHA_01655,MSaaaapa,151,152,33,27,3,3,ABaraaapap|ABprppppp|MSaaaapa,ABaraaapap|ABprppppp|MSaaaapa,1
PHA_01656,MSpaaapp,151,152,17,60,4,4,ABaraapppa|ABarpaapaa|ABplppapp|MSpaaapp,ABaraapppa|ABarpaapaa|ABplppapp|MSpaaapp,1
PHA_01657,Caaaap,151,152,61,64,3,3,ABarapppa|Caaaap|Capppp,ABarapppa|Caaaap|Capppp,1
PHA_01658,Daaa,151,152,52,49,4,4,ABarppaap|ABplapaaap|ABplpapapp|Daaa,ABarppaap|ABplapaaap|ABplpapapp|Daaa,1
PHA_01659,ABaraaaapa,151,152,48,41,3,3,ABalapapap|ABaraaaapa|ABplaaaaaa,ABalapapap|ABaraaaapa|ABplaaaaaa,1
PHA_01660,ABarppappp,151,152,9,11,5,5,ABarppappp|ABplaaapa|ABplappppp|Capppa|MSppaaa,ABarppappp|ABplaaapa|ABplappppp|Capppa|MSppaaa,1
PHA_01661,ABpraaaaap,151,152,45,39,4,4,ABalaapapp|ABpraaaaap|ABpraaapaa|ABpraapaaa,ABalaapapp|ABpraaaaap|ABpraaapaa|ABpraapaaa,1
PHA_01662,Cpappv,151,152,0,1,4,4,ABalaaapp|ABalapaaa|ABalppaaa|Cpappv,ABalaaapp|ABalapaaa|ABalppaaa|Cpappv,1
PHA_01663,Capapa,151,152,10,12,4,4,ABplaapap|ABplapapaa|Capapa|Cappaa,ABplaapap|ABplapapaa|Capapa|Cappaa,1
PHA_01664,Cappaa,151,152,10,12,4,4,ABplaapap|ABplapapaa|Capapa|Cappaa,ABplaapap|ABplapapaa|Capapa|Cappaa,1
PHA_01665,Capppa,151,152,9,11,5,5,ABarppappp|ABplaaapa|ABplappppp|Capppa|MSppaaa,ABarppappp|ABplaaapa|ABplappppp|Capppa|MSppaaa,1
PHA_01666,Capppp,151,152,61,64,3,3,ABarapppa|Caaaap|Capppp,ABarapppa|Caaaap|Capppp,1
PHA_01667,MSapaaaa,151,152,31,25,6,6,ABalppaapp|ABalppapaa|ABalpppapa|ABprppapp|Caapa|MSapaaaa,ABalppaapp|ABalppapaa|ABalpppapa|ABprppapp|Caapa|MSapaaaa,1
PHA_01668,ABalpappp,152,153,3,5,3,3,ABalpappp|ABarppppaa|ABprappaaa,ABalpappp|ABarppppaa|ABprappaaa,1
PHA_01669,ABaraappp,152,153,5,8,5,5,ABaraappp|ABprppppaa|Cppaap|Cpppaa|MSaaaap,ABaraappp|ABprppppaa|Cppaap|Cpppaa|MSaaaap,1
PHA_01670,ABarpaaaa,152,153,7,10,4,4,ABarpaaaa|ABplapappa|ABplappppa|ABpraaaap,ABarpaaaa|ABplapappa|ABplappppa|ABpraaaap,1
PHA_01671,ABarppaap,152,153,49,55,4,4,ABarppaap|ABplapaaap|ABplpapapp|Daaa,ABarppaap|ABplapaaap|ABplpapapp|Daaa,1
PHA_01672,ABarppapa,152,153,9,13,3,3,ABarppapa|ABplaaappa|Epla,ABarppapa|ABplaaappa|Epla,1
PHA_01673,ABplppaap,152,153,28,32,4,4,ABarappapp|ABplppaap|ABprpapaaa|MSappap,ABarappapp|ABplppaap|ABprpapaaa|MSappap,1
PHA_01674,ABplppapa,152,153,46,21,3,3,ABarpapapp|ABplppapa|Daa,ABarpapapp|ABplppapa|Daa,1
PHA_01675,ABpraaaap,152,153,7,10,4,4,ABarpaaaa|ABplapappa|ABplappppa|ABpraaaap,ABarpaaaa|ABplapappa|ABplappppa|ABpraaaap,1
PHA_01676,ABpraappp,152,153,20,24,4,4,ABplaapppa|ABplppaapa|ABplppapaa|ABpraappp,ABplaapppa|ABplppaapa|ABplppapaa|ABpraappp,1
PHA_01677,MSaaaap,152,153,5,8,5,5,ABaraappp|ABprppppaa|Cppaap|Cpppaa|MSaaaap,ABaraappp|ABprppppaa|Cppaap|Cpppaa|MSaaaap,1
PHA_01678,MSappap,152,153,28,32,4,4,ABarappapp|ABplppaap|ABprpapaaa|MSappap,ABarappapp|ABplppaap|ABprpapaaa|MSappap,1
PHA_01679,Earp,152,153,32,39,3,3,ABplaaappp|ABplpappap|Earp,ABplaaappp|ABplpappap|Earp,1
PHA_01680,Epla,152,153,9,13,3,3,ABarppapa|ABplaaappa|Epla,ABarppapa|ABplaaappa|Epla,1
PHA_01681,Daa,152,153,46,21,3,3,ABarpapapp|ABplppapa|Daa,ABarpapapp|ABplppapa|Daa,1
PHA_01682,ABalaaaarl,152,153,40,46,3,3,ABalaaaarl|ABalaaapal|ABalapaaaa,ABalaaaarl|ABalaaapal|ABalapaaaa,1
PHA_01683,ABalaaaarr,152,153,37,47,3,3,ABalaaaarr|ABalaaappl|ABalappapa,ABalaaaarr|ABalaaappl|ABalappapa,1
PHA_01684,ABalaaapal,152,153,40,46,3,3,ABalaaaarl|ABalaaapal|ABalapaaaa,ABalaaaarl|ABalaaapal|ABalapaaaa,1
PHA_01685,ABalaaappl,152,153,37,47,3,3,ABalaaaarr|ABalaaappl|ABalappapa,ABalaaaarr|ABalaaappl|ABalappapa,1
PHA_01686,ABalapaaaa,152,153,40,46,3,3,ABalaaaarl|ABalaaapal|ABalapaaaa,ABalaaaarl|ABalaaapal|ABalapaaaa,1
PHA_01687,ABalappapa,152,153,37,47,3,3,ABalaaaarr|ABalaaappl|ABalappapa,ABalaaaarr|ABalaaappl|ABalappapa,1
PHA_01688,ABarappapp,152,153,28,32,4,4,ABarappapp|ABplppaap|ABprpapaaa|MSappap,ABarappapp|ABplppaap|ABprpapaaa|MSappap,1
PHA_01689,ABarpapapp,152,153,46,21,3,3,ABarpapapp|ABplppapa|Daa,ABarpapapp|ABplppapa|Daa,1
PHA_01690,ABplaaappa,152,153,9,13,3,3,ABarppapa|ABplaaappa|Epla,ABarppapa|ABplaaappa|Epla,1
PHA_01691,ABplaaappp,152,153,32,39,3,3,ABplaaappp|ABplpappap|Earp,ABplaaappp|ABplpappap|Earp,1
PHA_01692,ABplaapppa,152,153,20,24,4,4,ABplaapppa|ABplppaapa|ABplppapaa|ABpraappp,ABplaapppa|ABplppaapa|ABplppapaa|ABpraappp,1
PHA_01693,ABplapaaap,152,153,49,55,4,4,ABarppaap|ABplapaaap|ABplpapapp|Daaa,ABarppaap|ABplapaaap|ABplpapapp|Daaa,1
PHA_01694,ABplapappa,152,153,7,10,4,4,ABarpaaaa|ABplapappa|ABplappppa|ABpraaaap,ABarpaaaa|ABplapappa|ABplappppa|ABpraaaap,1
PHA_01695,ABplappppa,152,153,7,10,4,4,ABarpaaaa|ABplapappa|ABplappppa|ABpraaaap,ABarpaaaa|ABplapappa|ABplappppa|ABpraaaap,1
PHA_01696,ABplpapapp,152,153,49,55,4,4,ABarppaap|ABplapaaap|ABplpapapp|Daaa,ABarppaap|ABplapaaap|ABplpapapp|Daaa,1
PHA_01697,ABplpappap,152,153,32,39,3,3,ABplaaappp|ABplpappap|Earp,ABplaaappp|ABplpappap|Earp,1
PHA_01698,ABplppaapa,152,153,20,24,4,4,ABplaapppa|ABplppaapa|ABplppapaa|ABpraappp,ABplaapppa|ABplppaapa|ABplppapaa|ABpraappp,1
PHA_01699,ABplppapaa,152,153,20,24,4,4,ABplaapppa|ABplppaapa|ABplppapaa|ABpraappp,ABplaapppa|ABplppaapa|ABplppapaa|ABpraappp,1
PHA_01700,ABplpppppa,152,153,62,59,4,4,ABplpppppa|Caaaaa|Eplap|Eprap,ABplpppppa|Caaaaa|Eplap|Eprap,1
PHA_01701,ABpraaappa,152,153,58,57,4,4,ABpraaappa|ABpraapaap|ABprpaaaap|ABprpaapaa,ABpraaappa|ABpraapaap|ABprpaaaap|ABprpaapaa,1
PHA_01702,ABpraapaap,152,153,58,57,4,4,ABpraaappa|ABpraapaap|ABprpaaaap|ABprpaapaa,ABpraaappa|ABpraapaap|ABprpaaaap|ABprpaapaa,1
PHA_01703,ABprappaaa,152,153,3,5,3,3,ABalpappp|ABarppppaa|ABprappaaa,ABalpappp|ABarppppaa|ABprappaaa,1
PHA_01704,ABprpaaaap,152,153,58,57,4,4,ABpraaappa|ABpraapaap|ABprpaaaap|ABprpaapaa,ABpraaappa|ABpraapaap|ABprpaaaap|ABprpaapaa,1
PHA_01705,ABprpaapaa,152,153,58,57,4,4,ABpraaappa|ABpraapaap|ABprpaaaap|ABprpaapaa,ABpraaappa|ABpraapaap|ABprpaaaap|ABprpaapaa,1
PHA_01706,ABprpapaaa,152,153,28,32,4,4,ABarappapp|ABplppaap|ABprpapaaa|MSappap,ABarappapp|ABplppaap|ABprpapaaa|MSappap,1
PHA_01707,ABprppppaa,152,153,5,8,5,5,ABaraappp|ABprppppaa|Cppaap|Cpppaa|MSaaaap,ABaraappp|ABprppppaa|Cppaap|Cpppaa|MSaaaap,1
PHA_01708,Eprap,152,153,62,59,4,4,ABplpppppa|Caaaaa|Eplap|Eprap,ABplpppppa|Caaaaa|Eplap|Eprap,1
PHA_01709,Caaaaa,152,153,62,59,4,4,ABplpppppa|Caaaaa|Eplap|Eprap,ABplpppppa|Caaaaa|Eplap|Eprap,1
PHA_01710,Daaa,152,153,49,55,4,4,ABarppaap|ABplapaaap|ABplpapapp|Daaa,ABarppaap|ABplapaaap|ABplpapapp|Daaa,1
PHA_01711,ABarppppaa,152,153,3,5,3,3,ABalpappp|ABarppppaa|ABprappaaa,ABalpappp|ABarppppaa|ABprappaaa,1
PHA_01712,Eplap,152,153,62,59,4,4,ABplpppppa|Caaaaa|Eplap|Eprap,ABplpppppa|Caaaaa|Eplap|Eprap,1
PHA_01713,Cppaap,152,153,5,8,5,5,ABaraappp|ABprppppaa|Cppaap|Cpppaa|MSaaaap,ABaraappp|ABprppppaa|Cppaap|Cpppaa|MSaaaap,1
PHA_01714,Cpppaa,152,153,5,8,5,5,ABaraappp|ABprppppaa|Cppaap|Cpppaa|MSaaaap,ABaraappp|ABprppppaa|Cppaap|Cpppaa|MSaaaap,1
PHA_01715,ABarapppa,153,154,62,55,4,4,ABarapppa|ABplpppapp|Caaaap|Capppp,ABarapppa|ABplpppapp|Caaaap|Capppp,1
PHA_01716,ABarpaaaa,153,154,10,12,4,4,ABarpaaaa|ABplapappa|ABplappppa|ABpraaaap,ABarpaaaa|ABplapappa|ABplappppa|ABpraaaap,1
PHA_01717,ABplpppap,153,154,22,20,4,4,ABarpaaapa|ABplpppap|ABplppppp|MSpaaapa,ABarpaaapa|ABplpppap|ABplppppp|MSpaaapa,1
PHA_01718,ABplppppp,153,154,22,20,4,4,ABarpaaapa|ABplpppap|ABplppppp|MSpaaapa,ABarpaaapa|ABplpppap|ABplppppp|MSpaaapa,1
PHA_01719,ABpraaaap,153,154,10,12,4,4,ABarpaaaa|ABplapappa|ABplappppa|ABpraaaap,ABarpaaaa|ABplapappa|ABplappppa|ABpraaaap,1
PHA_01720,MSapppa,153,154,33,36,4,4,ABarpaappp|MSapppa|MSpaapp|MSpapapp,ABarpaappp|MSapppa|MSpaapp|MSpapapp,1
PHA_01721,MSpaapp,153,154,33,36,4,4,ABarpaappp|MSapppa|MSpaapp|MSpapapp,ABarpaappp|MSapppa|MSpaapp|MSpapapp,1
PHA_01722,Caaapa,153,154,42,49,4,4,ABplaappaa|ABplpaaapp|ABplpaapap|Caaapa,ABplaappaa|ABplpaaapp|ABplpaapap|Caaapa,1
PHA_01723,Cappa,153,154,52,47,4,4,ABalpaaapa|ABaraapapa|ABplaaaaap|Cappa,ABalpaaapa|ABaraapapa|ABplaaaaap|Cappa,1
PHA_01724,ABalaaaarl,153,154,46,40,3,3,ABalaaaarl|ABalaaapal|ABalapaaaa,ABalaaaarl|ABalaaapal|ABalapaaaa,1
PHA_01725,ABalaaapal,153,154,46,40,3,3,ABalaaaarl|ABalaaapal|ABalapaaaa,ABalaaaarl|ABalaaapal|ABalapaaaa,1
PHA_01726,ABalapaaaa,153,154,46,40,3,3,ABalaaaarl|ABalaaapal|ABalapaaaa,ABalaaaarl|ABalaaapal|ABalapaaaa,1
PHA_01727,ABalpaaapa,153,154,52,47,4,4,ABalpaaapa|ABaraapapa|ABplaaaaap|Cappa,ABalpaaapa|ABaraapapa|ABplaaaaap|Cappa,1
PHA_01728,ABaraapapa,153,154,52,47,4,4,ABalpaaapa|ABaraapapa|ABplaaaaap|Cappa,ABalpaaapa|ABaraapapa|ABplaaaaap|Cappa,1
PHA_01729,ABarpaaapa,153,154,22,20,4,4,ABarpaaapa|ABplpppap|ABplppppp|MSpaaapa,ABarpaaapa|ABplpppap|ABplppppp|MSpaaapa,1
PHA_01730,ABarpaappp,153,154,33,36,4,4,ABarpaappp|MSapppa|MSpaapp|MSpapapp,ABarpaappp|MSapppa|MSpaapp|MSpapapp,1
PHA_01731,ABplaaaaap,153,154,52,47,4,4,ABalpaaapa|ABaraapapa|ABplaaaaap|Cappa,ABalpaaapa|ABaraapapa|ABplaaaaap|Cappa,1
PHA_01732,ABplaappaa,153,154,42,49,4,4,ABplaappaa|ABplpaaapp|ABplpaapap|Caaapa,ABplaappaa|ABplpaaapp|ABplpaapap|Caaapa,1
PHA_01733,ABplapappa,153,154,10,12,4,4,ABarpaaaa|ABplapappa|ABplappppa|ABpraaaap,ABarpaaaa|ABplapappa|ABplappppa|ABpraaaap,1
PHA_01734,ABplappppa,153,154,10,12,4,4,ABarpaaaa|ABplapappa|ABplappppa|ABpraaaap,ABarpaaaa|ABplapappa|ABplappppa|ABpraaaap,1
PHA_01735,ABplpaaapp,153,154,42,49,4,4,ABplaappaa|ABplpaaapp|ABplpaapap|Caaapa,ABplaappaa|ABplpaaapp|ABplpaapap|Caaapa,1
PHA_01736,ABplpaapap,153,154,42,49,4,4,ABplaappaa|ABplpaaapp|ABplpaapap|Caaapa,ABplaappaa|ABplpaaapp|ABplpaapap|Caaapa,1
PHA_01737,ABplpppapp,153,154,62,55,4,4,ABarapppa|ABplpppapp|Caaaap|Capppp,ABarapppa|ABplpppapp|Caaaap|Capppp,1
PHA_01738,ABpraappaa,153,154,58,53,3,3,ABpraappaa|ABprpaaapp|ABprpaappa,ABpraappaa|ABprpaaapp|ABprpaappa,1
PHA_01739,ABpraappap,153,154,56,51,3,3,ABpraappap|ABprpaappp|ABprppaaap,ABpraappap|ABprpaappp|ABprppaaap,1
PHA_01740,ABprpaaapp,153,154,58,53,3,3,ABpraappaa|ABprpaaapp|ABprpaappa,ABpraappaa|ABprpaaapp|ABprpaappa,1
PHA_01741,ABprpaappa,153,154,58,53,3,3,ABpraappaa|ABprpaaapp|ABprpaappa,ABpraappaa|ABprpaaapp|ABprpaappa,1
PHA_01742,ABprpaappp,153,154,56,51,3,3,ABpraappap|ABprpaappp|ABprppaaap,ABpraappap|ABprpaappp|ABprppaaap,1
PHA_01743,ABprppaaap,153,154,56,51,3,3,ABpraappap|ABprpaappp|ABprppaaap,ABpraappap|ABprpaappp|ABprppaaap,1
PHA_01744,MSpaaapa,153,154,22,20,4,4,ABarpaaapa|ABplpppap|ABplppppp|MSpaaapa,ABarpaaapa|ABplpppap|ABplppppp|MSpaaapa,1
PHA_01745,Caaaap,153,154,62,55,4,4,ABarapppa|ABplpppapp|Caaaap|Capppp,ABarapppa|ABplpppapp|Caaaap|Capppp,1
PHA_01746,MSpapapp,153,154,33,36,4,4,ABarpaappp|MSapppa|MSpaapp|MSpapapp,ABarpaappp|MSapppa|MSpaapp|MSpapapp,1
PHA_01747,Capppp,153,154,62,55,4,4,ABarapppa|ABplpppapp|Caaaap|Capppp,ABarapppa|ABplpppapp|Caaaap|Capppp,1
PHA_01748,ABplpappa,154,155,19,18,5,5,ABarpapppa|ABplpappa|ABprppaaaa|Dpaa|MSaappa,ABarpapppa|ABplpappa|ABprppaaaa|Dpaa|MSaappa,1
PHA_01749,ABprppppa,154,155,30,29,5,5,ABaraapaap|ABarapaaaa|ABprppppa|Cppap|MSaaapaa,ABaraapaap|ABarapaaaa|ABprppppa|Cppap|MSaaapaa,1
PHA_01750,MSaappa,154,155,19,18,5,5,ABarpapppa|ABplpappa|ABprppaaaa|Dpaa|MSaappa,ABarpapppa|ABplpappa|ABprppaaaa|Dpaa|MSaappa,1
PHA_01751,MSppppp,154,155,37,33,6,6,ABplapaaaa|ABplpapaap|ABplpapapa|Epra|MSapappp|MSppppp,ABplapaaaa|ABplpapaap|ABplpapapa|Epra|MSapappp|MSppppp,1
PHA_01752,Epra,154,155,37,33,6,6,ABplapaaaa|ABplpapaap|ABplpapapa|Epra|MSapappp|MSppppp,ABplapaaaa|ABplpapaap|ABplpapapa|Epra|MSapappp|MSppppp,1
PHA_01753,Cppap,154,155,30,29,5,5,ABaraapaap|ABarapaaaa|ABprppppa|Cppap|MSaaapaa,ABaraapaap|ABarapaaaa|ABprppppa|Cppap|MSaaapaa,1
PHA_01754,ABaraapaap,154,155,30,29,5,5,ABaraapaap|ABarapaaaa|ABprppppa|Cppap|MSaaapaa,ABaraapaap|ABarapaaaa|ABprppppa|Cppap|MSaaapaa,1
PHA_01755,ABarapaaaa,154,155,30,29,5,5,ABaraapaap|ABarapaaaa|ABprppppa|Cppap|MSaaapaa,ABaraapaap|ABarapaaaa|ABprppppa|Cppap|MSaaapaa,1
PHA_01756,ABarpapapa,154,155,48,39,3,3,ABarpapapa|MSpaapap|MSppappp,ABarpapapa|MSpaapap|MSppappp,1
PHA_01757,ABarpapppa,154,155,19,18,5,5,ABarpapppa|ABplpappa|ABprppaaaa|Dpaa|MSaappa,ABarpapppa|ABplpappa|ABprppaaaa|Dpaa|MSaappa,1
PHA_01758,ABplapaaaa,154,155,37,33,6,6,ABplapaaaa|ABplpapaap|ABplpapapa|Epra|MSapappp|MSppppp,ABplapaaaa|ABplpapaap|ABplpapapa|Epra|MSapappp|MSppppp,1
PHA_01759,ABplpapaap,154,155,37,33,6,6,ABplapaaaa|ABplpapaap|ABplpapapa|Epra|MSapappp|MSppppp,ABplapaaaa|ABplpapaap|ABplpapapa|Epra|MSapappp|MSppppp,1
PHA_01760,ABplpapapa,154,155,37,33,6,6,ABplapaaaa|ABplpapaap|ABplpapapa|Epra|MSapappp|MSppppp,ABplapaaaa|ABplpapaap|ABplpapapa|Epra|MSapappp|MSppppp,1
PHA_01761,ABprppaaaa,154,155,19,18,5,5,ABarpapppa|ABplpappa|ABprppaaaa|Dpaa|MSaappa,ABarpapppa|ABplpappa|ABprppaaaa|Dpaa|MSaappa,1
PHA_01762,MSaaapaa,154,155,30,29,5,5,ABaraapaap|ABarapaaaa|ABprppppa|Cppap|MSaaapaa,ABaraapaap|ABarapaaaa|ABprppppa|Cppap|MSaaapaa,1
PHA_01763,MSpaapap,154,155,48,39,3,3,ABarpapapa|MSpaapap|MSppappp,ABarpapapa|MSpaapap|MSppappp,1
PHA_01764,Dpaa,154,155,19,18,5,5,ABarpapppa|ABplpappa|ABprppaaaa|Dpaa|MSaappa,ABarpapppa|ABplpappa|ABprppaaaa|Dpaa|MSaappa,1
PHA_01765,MSapappp,154,155,37,33,6,6,ABplapaaaa|ABplpapaap|ABplpapapa|Epra|MSapappp|MSppppp,ABplapaaaa|ABplpapaap|ABplpapapa|Epra|MSapappp|MSppppp,1
PHA_01766,MSppappp,154,155,48,39,3,3,ABarpapapa|MSpaapap|MSppappp,ABarpapapa|MSpaapap|MSppappp,1
PHA_01767,ABpraappp,155,156,21,20,3,3,ABplaapppa|ABplppapaa|ABpraappp,ABplaapppa|ABplppapaa|ABpraappp,1
PHA_01768,ABprpaapp,155,156,24,25,4,4,ABplapaapp|ABplpppaaa|ABprpaapp|MSppapp,ABplapaapp|ABplpppaaa|ABprpaapp|MSppapp,1
PHA_01769,MSppapp,155,156,24,25,4,4,ABplapaapp|ABplpppaaa|ABprpaapp|MSppapp,ABplapaapp|ABplpppaaa|ABprpaapp|MSppapp,1
PHA_01770,ABplaapppa,155,156,21,20,3,3,ABplaapppa|ABplppapaa|ABpraappp,ABplaapppa|ABplppapaa|ABpraappp,1
PHA_01771,ABplapaapp,155,156,24,25,4,4,ABplapaapp|ABplpppaaa|ABprpaapp|MSppapp,ABplapaapp|ABplpppaaa|ABprpaapp|MSppapp,1
PHA_01772,ABplppapaa,155,156,21,20,3,3,ABplaapppa|ABplppapaa|ABpraappp,ABplaapppa|ABplppapaa|ABpraappp,1
PHA_01773,ABplpppaaa,155,156,24,25,4,4,ABplapaapp|ABplpppaaa|ABprpaapp|MSppapp,ABplapaapp|ABplpppaaa|ABprpaapp|MSppapp,1
PHA_01774,ABpraaapap,155,156,44,47,4,4,ABpraaapap|ABpraapaap|ABprpaaaaa|ABprpaapaa,ABpraaapap|ABpraapaap|ABprpaaaaa|ABprpaapaa,1
PHA_01775,ABpraapaap,155,156,44,47,4,4,ABpraaapap|ABpraapaap|ABprpaaaaa|ABprpaapaa,ABpraaapap|ABpraapaap|ABprpaaaaa|ABprpaapaa,1
PHA_01776,ABprpaaaaa,155,156,44,47,4,4,ABpraaapap|ABpraapaap|ABprpaaaaa|ABprpaapaa,ABpraaapap|ABpraapaap|ABprpaaaaa|ABprpaapaa,1
PHA_01777,ABprpaapaa,155,156,44,47,4,4,ABpraaapap|ABpraapaap|ABprpaaaaa|ABprpaapaa,ABpraaapap|ABpraapaap|ABprpaaaaa|ABprpaapaa,1
PHA_01778,ABarappap,156,157,7,10,4,4,ABarappap|ABplpapppp|Ealaa|MSpppaa,ABarappap|ABplpapppp|Ealaa|MSpppaa,1
PHA_01779,ABarppaap,156,157,36,34,6,6,ABarppaap|ABplapaaaa|ABplpapaap|ABplpapapa|Epra|MSppppp,ABarppaap|ABplapaaaa|ABplpapaap|ABplpapapa|Epra|MSppppp,1
PHA_01780,ABplaaapa,156,157,11,16,3,3,ABarppappp|ABplaaapa|MSppaaa,ABarppappp|ABplaaapa|MSppaaa,1
PHA_01781,ABplappap,156,157,12,17,5,5,ABplaaaapa|ABplappap|Dapp|MSaaaapp|MSaaapap,ABplaaaapa|ABplappap|Dapp|MSaaaapp|MSaaapap,1
PHA_01782,ABplpappp,156,157,16,50,4,4,ABplpappp|ABpraapapp|ABprpaaaap|ABprpaapap,ABplpappp|ABpraapapp|ABprpaaaap|ABprpaapap,1
PHA_01783,ABpraappp,156,157,20,22,3,3,ABplaapppa|ABplppapaa|ABpraappp,ABplaapppa|ABplppapaa|ABpraappp,1
PHA_01784,ABprapppp,156,157,24,25,3,3,ABalppaaaa|ABalppaaap|ABprapppp,ABalppaaaa|ABalppaaap|ABprapppp,1
PHA_01785,ABprppaap,156,157,27,45,3,3,ABplpappaa|ABprppaap|Earpp,ABplpappaa|ABprppaap|Earpp,1
PHA_01786,MSppaaa,156,157,11,16,3,3,ABarppappp|ABplaaapa|MSppaaa,ABarppappp|ABplaaapa|MSppaaa,1
PHA_01787,MSpppaa,156,157,7,10,4,4,ABarappap|ABplpapppp|Ealaa|MSpppaa,ABarappap|ABplpapppp|Ealaa|MSpppaa,1
PHA_01788,MSppppp,156,157,36,34,6,6,ABarppaap|ABplapaaaa|ABplpapaap|ABplpapapa|Epra|MSppppp,ABarppaap|ABplapaaaa|ABplpapaap|ABplpapapa|Epra|MSppppp,1
PHA_01789,Ealaa,156,157,7,10,4,4,ABarappap|ABplpapppp|Ealaa|MSpppaa,ABarappap|ABplpapppp|Ealaa|MSpppaa,1
PHA_01790,Earpp,156,157,27,45,3,3,ABplpappaa|ABprppaap|Earpp,ABplpappaa|ABprppaap|Earpp,1
PHA_01791,Epra,156,157,36,34,6,6,ABarppaap|ABplapaaaa|ABplpapaap|ABplpapapa|Epra|MSppppp,ABarppaap|ABplapaaaa|ABplpapaap|ABplpapapa|Epra|MSppppp,1
PHA_01792,Dapp,156,157,12,17,5,5,ABplaaaapa|ABplappap|Dapp|MSaaaapp|MSaaapap,ABplaaaapa|ABplappap|Dapp|MSaaaapp|MSaaapap,1
PHA_01793,ABalaappaa,156,157,41,40,3,3,ABalaappaa|ABalaappap|ABalaapppa,ABalaappaa|ABalaappap|ABalaapppa,1
PHA_01794,ABalaappap,156,157,41,40,3,3,ABalaappaa|ABalaappap|ABalaapppa,ABalaappaa|ABalaappap|ABalaapppa,1
PHA_01795,ABalaapppa,156,157,41,40,3,3,ABalaappaa|ABalaappap|ABalaapppa,ABalaappaa|ABalaappap|ABalaapppa,1
PHA_01796,ABalppaaaa,156,157,24,25,3,3,ABalppaaaa|ABalppaaap|ABprapppp,ABalppaaaa|ABalppaaap|ABprapppp,1
PHA_01797,ABalppaaap,156,157,24,25,3,3,ABalppaaaa|ABalppaaap|ABprapppp,ABalppaaaa|ABalppaaap|ABprapppp,1
PHA_01798,ABarppappp,156,157,11,16,3,3,ABarppappp|ABplaaapa|MSppaaa,ABarppappp|ABplaaapa|MSppaaa,1
PHA_01799,ABarpppppp,156,157,49,48,3,3,ABarpppppp|ABprapappa|ABprappppa,ABarpppppp|ABprapappa|ABprappppa,1
PHA_01800,ABplaaaapa,156,157,12,17,5,5,ABplaaaapa|ABplappap|Dapp|MSaaaapp|MSaaapap,ABplaaaapa|ABplappap|Dapp|MSaaaapp|MSaaapap,1
PHA_01801,ABplaapppa,156,157,20,22,3,3,ABplaapppa|ABplppapaa|ABpraappp,ABplaapppa|ABplppapaa|ABpraappp,1
PHA_01802,ABplapaaaa,156,157,36,34,6,6,ABarppaap|ABplapaaaa|ABplpapaap|ABplpapapa|Epra|MSppppp,ABarppaap|ABplapaaaa|ABplpapaap|ABplpapapa|Epra|MSppppp,1
PHA_01803,ABplpapaap,156,157,36,34,6,6,ABarppaap|ABplapaaaa|ABplpapaap|ABplpapapa|Epra|MSppppp,ABarppaap|ABplapaaaa|ABplpapaap|ABplpapapa|Epra|MSppppp,1
PHA_01804,ABplpapapa,156,157,36,34,6,6,ABarppaap|ABplapaaaa|ABplpapaap|ABplpapapa|Epra|MSppppp,ABarppaap|ABplapaaaa|ABplpapaap|ABplpapapa|Epra|MSppppp,1
PHA_01805,ABplpappaa,156,157,27,45,3,3,ABplpappaa|ABprppaap|Earpp,ABplpappaa|ABprppaap|Earpp,1
PHA_01806,ABplpapppp,156,157,7,10,4,4,ABarappap|ABplpapppp|Ealaa|MSpppaa,ABarappap|ABplpapppp|Ealaa|MSpppaa,1
PHA_01807,ABplppapaa,156,157,20,22,3,3,ABplaapppa|ABplppapaa|ABpraappp,ABplaapppa|ABplppapaa|ABpraappp,1
PHA_01808,ABpraapapp,156,157,16,50,4,4,ABplpappp|ABpraapapp|ABprpaaaap|ABprpaapap,ABplpappp|ABpraapapp|ABprpaaaap|ABprpaapap,1
PHA_01809,ABprapappa,156,157,49,48,3,3,ABarpppppp|ABprapappa|ABprappppa,ABarpppppp|ABprapappa|ABprappppa,1
PHA_01810,ABprappppa,156,157,49,48,3,3,ABarpppppp|ABprapappa|ABprappppa,ABarpppppp|ABprapappa|ABprappppa,1
PHA_01811,ABprpaaaap,156,157,16,50,4,4,ABplpappp|ABpraapapp|ABprpaaaap|ABprpaapap,ABplpappp|ABpraapapp|ABprpaaaap|ABprpaapap,1
PHA_01812,ABprpaapap,156,157,16,50,4,4,ABplpappp|ABpraapapp|ABprpaaaap|ABprpaapap,ABplpappp|ABpraapapp|ABprpaaaap|ABprpaapap,1
PHA_01813,MSaaaapp,156,157,12,17,5,5,ABplaaaapa|ABplappap|Dapp|MSaaaapp|MSaaapap,ABplaaaapa|ABplappap|Dapp|MSaaaapp|MSaaapap,1
PHA_01814,MSaaapap,156,157,12,17,5,5,ABplaaaapa|ABplappap|Dapp|MSaaaapp|MSaaapap,ABplaaaapa|ABplappap|Dapp|MSaaaapp|MSaaapap,1
PHA_01815,ABalapappa,157,158,3,5,5,5,ABalapappa|ABarapapaa|ABprpppppa|Eplpp|MSpaaaap,ABalapappa|ABarapapaa|ABprpppppa|Eplpp|MSpaaaap,1
PHA_01816,ABaraappp,157,158,8,11,11,11,ABaraappp|ABarapappa|ABarpppapp|ABprppppaa|Cppaap|Cppapa|Cppapp|Cpppaa|Cpppaap|MSaaaap|MSapaap,ABaraappp|ABarapappa|ABarpppapp|ABprppppaa|Cppaap|Cppapa|Cppapp|Cpppaa|Cpppaap|MSaaaap|MSapaap,1
PHA_01817,ABarapaaa,157,158,9,31,5,5,ABarapaaa|ABprpppapp|Cppppa|MSapaaa|MSpaaaaa,ABarapaaa|ABprpppapp|Cppppa|MSapaaa|MSpaaaaa,1
PHA_01818,ABarapapaa,157,158,3,5,5,5,ABalapappa|ABarapapaa|ABprpppppa|Eplpp|MSpaaaap,ABalapappa|ABarapapaa|ABprpppppa|Eplpp|MSpaaaap,1
PHA_01819,ABarapappa,157,158,8,11,11,11,ABaraappp|ABarapappa|ABarpppapp|ABprppppaa|Cppaap|Cppapa|Cppapp|Cpppaa|Cpppaap|MSaaaap|MSapaap,ABaraappp|ABarapappa|ABarpppapp|ABprppppaa|Cppaap|Cppapa|Cppapp|Cpppaa|Cpppaap|MSaaaap|MSapaap,1
PHA_01820,ABarpapaa,157,158,14,16,4,4,ABarpapaa|ABplaapaa|ABplapppap|Capapa,ABarpapaa|ABplaapaa|ABplapppap|Capapa,1
PHA_01821,ABplaaapa,157,158,16,19,3,3,ABarppappp|ABplaaapa|MSppaaa,ABarppappp|ABplaaapa|MSppaaa,1
PHA_01822,ABplaapaa,157,158,14,16,4,4,ABarpapaa|ABplaapaa|ABplapppap|Capapa,ABarpapaa|ABplaapaa|ABplapppap|Capapa,1
PHA_01823,ABplpappp,157,158,50,23,4,4,ABplpappp|ABpraapapp|ABprpaaaap|ABprpaapap,ABplpappp|ABpraapapp|ABprpaaaap|ABprpaapap,1
PHA_01824,ABprapppa,157,158,24,26,7,7,ABalppaapa|ABalppaapp|ABalpppaaa|ABalpppaap|ABprapppa|Caaapp|Cpapa,ABalppaapa|ABalppaapp|ABalpppaaa|ABalpppaap|ABprapppa|Caaapp|Cpapa,1
PHA_01825,ABprapppp,157,158,25,27,3,3,ABalppaaaa|ABalppaaap|ABprapppp,ABalppaaaa|ABalppaaap|ABprapppp,1
PHA_01826,MSaaaap,157,158,8,11,11,11,ABaraappp|ABarapappa|ABarpppapp|ABprppppaa|Cppaap|Cppapa|Cppapp|Cpppaa|Cpppaap|MSaaaap|MSapaap,ABaraappp|ABarapappa|ABarpppapp|ABprppppaa|Cppaap|Cppapa|Cppapp|Cpppaa|Cpppaap|MSaaaap|MSapaap,1
PHA_01827,MSapaaa,157,158,9,31,5,5,ABarapaaa|ABprpppapp|Cppppa|MSapaaa|MSpaaaaa,ABarapaaa|ABprpppapp|Cppppa|MSapaaa|MSpaaaaa,1
PHA_01828,MSapaap,157,158,8,11,11,11,ABaraappp|ABarapappa|ABarpppapp|ABprppppaa|Cppaap|Cppapa|Cppapp|Cpppaa|Cpppaap|MSaaaap|MSapaap,ABaraappp|ABarapappa|ABarpppapp|ABprppppaa|Cppaap|Cppapa|Cppapp|Cpppaa|Cpppaap|MSaaaap|MSapaap,1
PHA_01829,MSpaaaaa,157,158,9,31,5,5,ABarapaaa|ABprpppapp|Cppppa|MSapaaa|MSpaaaaa,ABarapaaa|ABprpppapp|Cppppa|MSapaaa|MSpaaaaa,1
PHA_01830,MSpaaaap,157,158,3,5,5,5,ABalapappa|ABarapapaa|ABprpppppa|Eplpp|MSpaaaap,ABalapappa|ABarapapaa|ABprpppppa|Eplpp|MSpaaaap,1
PHA_01831,MSppaaa,157,158,16,19,3,3,ABarppappp|ABplaaapa|MSppaaa,ABarppappp|ABplaaapa|MSppaaa,1
PHA_01832,Epla,157,158,35,40,3,3,ABalpapppp|Dppa|Epla,ABalpapppp|Dppa|Epla,1
PHA_01833,Caaapp,157,158,24,26,7,7,ABalppaapa|ABalppaapp|ABalpppaaa|ABalpppaap|ABprapppa|Caaapp|Cpapa,ABalppaapa|ABalppaapp|ABalpppaaa|ABalpppaap|ABprapppa|Caaapp|Cpapa,1
PHA_01834,Cpapa,157,158,24,26,7,7,ABalppaapa|ABalppaapp|ABalpppaaa|ABalpppaap|ABprapppa|Caaapp|Cpapa,ABalppaapa|ABalppaapp|ABalpppaaa|ABalpppaap|ABprapppa|Caaapp|Cpapa,1
PHA_01835,Dppa,157,158,35,40,3,3,ABalpapppp|Dppa|Epla,ABalpapppp|Dppa|Epla,1
PHA_01836,ABalaappaa,157,158,40,39,3,3,ABalaappaa|ABalaappap|ABalaapppa,ABalaappaa|ABalaappap|ABalaapppa,1
PHA_01837,ABalaappap,157,158,40,39,3,3,ABalaappaa|ABalaappap|ABalaapppa,ABalaappaa|ABalaappap|ABalaapppa,1
PHA_01838,ABalaapppa,157,158,40,39,3,3,ABalaappaa|ABalaappap|ABalaapppa,ABalaappaa|ABalaappap|ABalaapppa,1
PHA_01839,ABalpapppp,157,158,35,40,3,3,ABalpapppp|Dppa|Epla,ABalpapppp|Dppa|Epla,1
PHA_01840,ABalppaaaa,157,158,25,27,3,3,ABalppaaaa|ABalppaaap|ABprapppp,ABalppaaaa|ABalppaaap|ABprapppp,1
PHA_01841,ABalppaaap,157,158,25,27,3,3,ABalppaaaa|ABalppaaap|ABprapppp,ABalppaaaa|ABalppaaap|ABprapppp,1
PHA_01842,ABalppaapa,157,158,24,26,7,7,ABalppaapa|ABalppaapp|ABalpppaaa|ABalpppaap|ABprapppa|Caaapp|Cpapa,ABalppaapa|ABalppaapp|ABalpppaaa|ABalpppaap|ABprapppa|Caaapp|Cpapa,1
PHA_01843,ABalppaapp,157,158,24,26,7,7,ABalppaapa|ABalppaapp|ABalpppaaa|ABalpppaap|ABprapppa|Caaapp|Cpapa,ABalppaapa|ABalppaapp|ABalpppaaa|ABalpppaap|ABprapppa|Caaapp|Cpapa,1
PHA_01844,ABalpppaaa,157,158,24,26,7,7,ABalppaapa|ABalppaapp|ABalpppaaa|ABalpppaap|ABprapppa|Caaapp|Cpapa,ABalppaapa|ABalppaapp|ABalpppaaa|ABalpppaap|ABprapppa|Caaapp|Cpapa,1
PHA_01845,ABalpppaap,157,158,24,26,7,7,ABalppaapa|ABalppaapp|ABalpppaaa|ABalpppaap|ABprapppa|Caaapp|Cpapa,ABalppaapa|ABalppaapp|ABalpppaaa|ABalpppaap|ABprapppa|Caaapp|Cpapa,1
PHA_01846,ABarppappp,157,158,16,19,3,3,ABarppappp|ABplaaapa|MSppaaa,ABarppappp|ABplaaapa|MSppaaa,1
PHA_01847,ABarpppapp,157,158,8,11,11,11,ABaraappp|ABarapappa|ABarpppapp|ABprppppaa|Cppaap|Cppapa|Cppapp|Cpppaa|Cpppaap|MSaaaap|MSapaap,ABaraappp|ABarapappa|ABarpppapp|ABprppppaa|Cppaap|Cppapa|Cppapp|Cpppaa|Cpppaap|MSaaaap|MSapaap,1
PHA_01848,ABarpppppp,157,158,48,47,3,3,ABarpppppp|ABprapappa|ABprappppa,ABarpppppp|ABprapappa|ABprappppa,1
PHA_01849,ABplapppap,157,158,14,16,4,4,ABarpapaa|ABplaapaa|ABplapppap|Capapa,ABarpapaa|ABplaapaa|ABplapppap|Capapa,1
PHA_01850,ABpraapapp,157,158,50,23,4,4,ABplpappp|ABpraapapp|ABprpaaaap|ABprpaapap,ABplpappp|ABpraapapp|ABprpaaaap|ABprpaapap,1
PHA_01851,ABprapappa,157,158,48,47,3,3,ABarpppppp|ABprapappa|ABprappppa,ABarpppppp|ABprapappa|ABprappppa,1
PHA_01852,ABprappppa,157,158,48,47,3,3,ABarpppppp|ABprapappa|ABprappppa,ABarpppppp|ABprapappa|ABprappppa,1
PHA_01853,ABprpaaaap,157,158,50,23,4,4,ABplpappp|ABpraapapp|ABprpaaaap|ABprpaapap,ABplpappp|ABpraapapp|ABprpaaaap|ABprpaapap,1
PHA_01854,ABprpaapap,157,158,50,23,4,4,ABplpappp|ABpraapapp|ABprpaaaap|ABprpaapap,ABplpappp|ABpraapapp|ABprpaaaap|ABprpaapap,1
PHA_01855,ABprpppapp,157,158,9,31,5,5,ABarapaaa|ABprpppapp|Cppppa|MSapaaa|MSpaaaaa,ABarapaaa|ABprpppapp|Cppppa|MSapaaa|MSpaaaaa,1
PHA_01856,ABprppppaa,157,158,8,11,11,11,ABaraappp|ABarapappa|ABarpppapp|ABprppppaa|Cppaap|Cppapa|Cppapp|Cpppaa|Cpppaap|MSaaaap|MSapaap,ABaraappp|ABarapappa|ABarpppapp|ABprppppaa|Cppaap|Cppapa|Cppapp|Cpppaa|Cpppaap|MSaaaap|MSapaap,1
PHA_01857,ABprpppppa,157,158,3,5,5,5,ABalapappa|ABarapapaa|ABprpppppa|Eplpp|MSpaaaap,ABalapappa|ABarapapaa|ABprpppppa|Eplpp|MSpaaaap,1
PHA_01858,Eplpp,157,158,3,5,5,5,ABalapappa|ABarapapaa|ABprpppppa|Eplpp|MSpaaaap,ABalapappa|ABarapapaa|ABprpppppa|Eplpp|MSpaaaap,1
PHA_01859,Cpppaa,157,158,8,11,11,11,ABaraappp|ABarapappa|ABarpppapp|ABprppppaa|Cppaap|Cppapa|Cppapp|Cpppaa|Cpppaap|MSaaaap|MSapaap,ABaraappp|ABarapappa|ABarpppapp|ABprppppaa|Cppaap|Cppapa|Cppapp|Cpppaa|Cpppaap|MSaaaap|MSapaap,1
PHA_01860,Cppppa,157,158,9,31,5,5,ABarapaaa|ABprpppapp|Cppppa|MSapaaa|MSpaaaaa,ABarapaaa|ABprpppapp|Cppppa|MSapaaa|MSpaaaaa,1
PHA_01861,Capapa,157,158,14,16,4,4,ABarpapaa|ABplaapaa|ABplapppap|Capapa,ABarpapaa|ABplaapaa|ABplapppap|Capapa,1
PHA_01862,Cppaap,157,158,8,11,11,11,ABaraappp|ABarapappa|ABarpppapp|ABprppppaa|Cppaap|Cppapa|Cppapp|Cpppaa|Cpppaap|MSaaaap|MSapaap,ABaraappp|ABarapappa|ABarpppapp|ABprppppaa|Cppaap|Cppapa|Cppapp|Cpppaa|Cpppaap|MSaaaap|MSapaap,1
PHA_01863,Cppapa,157,158,8,11,11,11,ABaraappp|ABarapappa|ABarpppapp|ABprppppaa|Cppaap|Cppapa|Cppapp|Cpppaa|Cpppaap|MSaaaap|MSapaap,ABaraappp|ABarapappa|ABarpppapp|ABprppppaa|Cppaap|Cppapa|Cppapp|Cpppaa|Cpppaap|MSaaaap|MSapaap,1
PHA_01864,Cppapp,157,158,8,11,11,11,ABaraappp|ABarapappa|ABarpppapp|ABprppppaa|Cppaap|Cppapa|Cppapp|Cpppaa|Cpppaap|MSaaaap|MSapaap,ABaraappp|ABarapappa|ABarpppapp|ABprppppaa|Cppaap|Cppapa|Cppapp|Cpppaa|Cpppaap|MSaaaap|MSapaap,1
PHA_01865,Cpppaap,157,158,8,11,11,11,ABaraappp|ABarapappa|ABarpppapp|ABprppppaa|Cppaap|Cppapa|Cppapp|Cpppaa|Cpppaap|MSaaaap|MSapaap,ABaraappp|ABarapappa|ABarpppapp|ABprppppaa|Cppaap|Cppapa|Cppapp|Cpppaa|Cpppaap|MSaaaap|MSapaap,1
PHA_01866,ABalaappp,158,159,3,2,5,5,ABalaappp|ABprappaap|ABprappapa|ABprppappp|ABprpppaaa,ABalaappp|ABprappaap|ABprappapa|ABprppappp|ABprpppaaa,1
PHA_01867,ABalapaapp,158,159,49,3,3,3,ABalapaapp|ABalpppaa|Cppppp,ABalapaapp|ABalpppaa|Cppppp,1
PHA_01868,ABalpppaa,158,159,49,3,3,3,ABalapaapp|ABalpppaa|Cppppp,ABalapaapp|ABalpppaa|Cppppp,1
PHA_01869,ABplaaapa,158,159,19,15,3,3,ABarppappp|ABplaaapa|MSppaaa,ABarppappp|ABplaaapa|MSppaaa,1
PHA_01870,ABplpappp,158,159,23,19,4,4,ABplpappp|ABpraapapp|ABprpaaaap|ABprpaapap,ABplpappp|ABpraapapp|ABprpaaaap|ABprpaapap,1
PHA_01871,ABplppapp,158,159,24,20,4,4,ABaraaappp|ABplppapp|Capaa|MSpaapaa,ABaraaappp|ABplppapp|Capaa|MSpaapaa,1
PHA_01872,MSppaaa,158,159,19,15,3,3,ABarppappp|ABplaaapa|MSppaaa,ABarppappp|ABplaaapa|MSppaaa,1
PHA_01873,Epla,158,159,40,36,3,3,ABalpapppp|Dppa|Epla,ABalpapppp|Dppa|Epla,1
PHA_01874,Capaa,158,159,24,20,4,4,ABaraaappp|ABplppapp|Capaa|MSpaapaa,ABaraaappp|ABplppapp|Capaa|MSpaapaa,1
PHA_01875,Dppa,158,159,40,36,3,3,ABalpapppp|Dppa|Epla,ABalpapppp|Dppa|Epla,1
PHA_01876,ABalaappaa,158,159,39,34,3,3,ABalaappaa|ABalaappap|ABalaapppa,ABalaappaa|ABalaappap|ABalaapppa,1
PHA_01877,ABalaappap,158,159,39,34,3,3,ABalaappaa|ABalaappap|ABalaapppa,ABalaappaa|ABalaappap|ABalaapppa,1
PHA_01878,ABalaapppa,158,159,39,34,3,3,ABalaappaa|ABalaappap|ABalaapppa,ABalaappaa|ABalaappap|ABalaapppa,1
PHA_01879,ABalpapppp,158,159,40,36,3,3,ABalpapppp|Dppa|Epla,ABalpapppp|Dppa|Epla,1
PHA_01880,ABaraaappp,158,159,24,20,4,4,ABaraaappp|ABplppapp|Capaa|MSpaapaa,ABaraaappp|ABplppapp|Capaa|MSpaapaa,1
PHA_01881,ABarppappp,158,159,19,15,3,3,ABarppappp|ABplaaapa|MSppaaa,ABarppappp|ABplaaapa|MSppaaa,1
PHA_01882,ABpraapapp,158,159,23,19,4,4,ABplpappp|ABpraapapp|ABprpaaaap|ABprpaapap,ABplpappp|ABpraapapp|ABprpaaaap|ABprpaapap,1
PHA_01883,ABprappaap,158,159,3,2,5,5,ABalaappp|ABprappaap|ABprappapa|ABprppappp|ABprpppaaa,ABalaappp|ABprappaap|ABprappapa|ABprppappp|ABprpppaaa,1
PHA_01884,ABprappapa,158,159,3,2,5,5,ABalaappp|ABprappaap|ABprappapa|ABprppappp|ABprpppaaa,ABalaappp|ABprappaap|ABprappapa|ABprppappp|ABprpppaaa,1
PHA_01885,ABprpaaaap,158,159,23,19,4,4,ABplpappp|ABpraapapp|ABprpaaaap|ABprpaapap,ABplpappp|ABpraapapp|ABprpaaaap|ABprpaapap,1
PHA_01886,ABprpaapap,158,159,23,19,4,4,ABplpappp|ABpraapapp|ABprpaaaap|ABprpaapap,ABplpappp|ABpraapapp|ABprpaaaap|ABprpaapap,1
PHA_01887,ABprppappp,158,159,3,2,5,5,ABalaappp|ABprappaap|ABprappapa|ABprppappp|ABprpppaaa,ABalaappp|ABprappaap|ABprappapa|ABprppappp|ABprpppaaa,1
PHA_01888,ABprpppaaa,158,159,3,2,5,5,ABalaappp|ABprappaap|ABprappapa|ABprppappp|ABprpppaaa,ABalaappp|ABprappaap|ABprappapa|ABprppappp|ABprpppaaa,1
PHA_01889,MSpaapaa,158,159,24,20,4,4,ABaraaappp|ABplppapp|Capaa|MSpaapaa,ABaraaappp|ABplppapp|Capaa|MSpaapaa,1
PHA_01890,Cppppp,158,159,49,3,3,3,ABalapaapp|ABalpppaa|Cppppp,ABalapaapp|ABalpppaa|Cppppp,1
PHA_01891,ABalaappa,159,160,45,0,3,3,ABalaappa|ABprappapp|ABprapppaa,ABalaappa|ABprappapp|ABprapppaa,1
PHA_01892,ABarpaaaa,159,160,12,15,5,5,ABarpaaaa|ABplapapaa|ABplapapap|ABpraaaap|ABpraaapa,ABarpaaaa|ABplapapaa|ABplapapap|ABpraaaap|ABpraaapa,1
PHA_01893,ABarpaapaa,159,160,13,16,4,4,ABarpaapaa|ABplappapp|ABplapppaa|ABpraaappa,ABarpaapaa|ABplappapp|ABplapppaa|ABpraaappa,1
PHA_01894,ABarpaappp,159,160,41,18,4,4,ABarpaappp|ABplaapppa|ABplppapaa|ABpraappp,ABarpaappp|ABplaapppa|ABplppapaa|ABpraappp,1
PHA_01895,ABpraaaap,159,160,12,15,5,5,ABarpaaaa|ABplapapaa|ABplapapap|ABpraaaap|ABpraaapa,ABarpaaaa|ABplapapaa|ABplapapap|ABpraaaap|ABpraaapa,1
PHA_01896,ABpraaapa,159,160,12,15,5,5,ABarpaaaa|ABplapapaa|ABplapapap|ABpraaaap|ABpraaapa,ABarpaaaa|ABplapapaa|ABplapapap|ABpraaaap|ABpraaapa,1
PHA_01897,ABpraaappa,159,160,13,16,4,4,ABarpaapaa|ABplappapp|ABplapppaa|ABpraaappa,ABarpaapaa|ABplappapp|ABplapppaa|ABpraaappa,1
PHA_01898,ABpraappp,159,160,41,18,4,4,ABarpaappp|ABplaapppa|ABplppapaa|ABpraappp,ABarpaappp|ABplaapppa|ABplppapaa|ABpraappp,1
PHA_01899,MSapaaa,159,160,27,30,3,3,Cppppa|MSapaaa|MSpaaaaa,Cppppa|MSapaaa|MSpaaaaa,1
PHA_01900,MSpaaaaa,159,160,27,30,3,3,Cppppa|MSapaaa|MSpaaaaa,Cppppa|MSapaaa|MSpaaaaa,1
PHA_01901,ABplaapppa,159,160,41,18,4,4,ABarpaappp|ABplaapppa|ABplppapaa|ABpraappp,ABarpaappp|ABplaapppa|ABplppapaa|ABpraappp,1
PHA_01902,ABplapapaa,159,160,12,15,5,5,ABarpaaaa|ABplapapaa|ABplapapap|ABpraaaap|ABpraaapa,ABarpaaaa|ABplapapaa|ABplapapap|ABpraaaap|ABpraaapa,1
PHA_01903,ABplapapap,159,160,12,15,5,5,ABarpaaaa|ABplapapaa|ABplapapap|ABpraaaap|ABpraaapa,ABarpaaaa|ABplapapaa|ABplapapap|ABpraaaap|ABpraaapa,1
PHA_01904,ABplappapp,159,160,13,16,4,4,ABarpaapaa|ABplappapp|ABplapppaa|ABpraaappa,ABarpaapaa|ABplappapp|ABplapppaa|ABpraaappa,1
PHA_01905,ABplapppaa,159,160,13,16,4,4,ABarpaapaa|ABplappapp|ABplapppaa|ABpraaappa,ABarpaapaa|ABplappapp|ABplapppaa|ABpraaappa,1
PHA_01906,ABplppapaa,159,160,41,18,4,4,ABarpaappp|ABplaapppa|ABplppapaa|ABpraappp,ABarpaappp|ABplaapppa|ABplppapaa|ABpraappp,1
PHA_01907,ABprappapp,159,160,45,0,3,3,ABalaappa|ABprappapp|ABprapppaa,ABalaappa|ABprappapp|ABprapppaa,1
PHA_01908,ABprapppaa,159,160,45,0,3,3,ABalaappa|ABprappapp|ABprapppaa,ABalaappa|ABprappapp|ABprapppaa,1
PHA_01909,Cppppa,159,160,27,30,3,3,Cppppa|MSapaaa|MSpaaaaa,Cppppa|MSapaaa|MSpaaaaa,1
PHA_01910,ABalpppapa,161,162,6,9,4,4,ABalpppapa|ABalppppaa|Eplpa|Eprpp,ABalpppapa|ABalppppaa|Eplpa|Eprpp,1
PHA_01911,ABalppppaa,161,162,6,9,4,4,ABalpppapa|ABalppppaa|Eplpa|Eprpp,ABalpppapa|ABalppppaa|Eplpa|Eprpp,1
PHA_01912,ABaraappaa,161,162,9,12,4,4,ABaraappaa|ABarapaapa|ABprappppa|Cppppa,ABaraappaa|ABarapaapa|ABprappppa|Cppppa,1
PHA_01913,ABarapaapa,161,162,9,12,4,4,ABaraappaa|ABarapaapa|ABprappppa|Cppppa,ABaraappaa|ABarapaapa|ABprappppa|Cppppa,1
PHA_01914,ABarapapap,161,162,42,17,3,3,ABarapapap|ABprpppppa|Eprpa,ABarapapap|ABprpppppa|Eprpa,1
PHA_01915,ABarpaaaa,161,162,11,20,3,3,ABarpaaaa|ABplappapa|ABpraaapa,ABarpaaaa|ABplappapa|ABpraaapa,1
PHA_01916,ABarpapaa,161,162,14,33,3,3,ABarpapaa|ABplpppaap|ABprpaaaap,ABarpapaa|ABplpppaap|ABprpaaaap,1
PHA_01917,ABplapppa,161,162,16,24,5,5,ABalapppap|ABarpapaaa|ABplapppa|ABprpapppp|Capap,ABalapppap|ABarpapaaa|ABplapppa|ABprpapppp|Capap,1
PHA_01918,ABplpaaaa,161,162,17,25,3,3,ABplpaaaa|MSaaaaap|MSpaaaap,ABplpaaaa|MSaaaaap|MSpaaaap,1
PHA_01919,ABplpapap,161,162,18,27,6,6,ABarpapppp|ABplpapap|ABplpappaa|ABprapaaaa|ABprppaaaa|MSaapap,ABarpapppp|ABplpapap|ABplpappaa|ABprapaaaa|ABprppaaaa|MSaapap,1
PHA_01920,ABplpappaa,161,162,18,27,6,6,ABarpapppp|ABplpapap|ABplpappaa|ABprapaaaa|ABprppaaaa|MSaapap,ABarpapppp|ABplpapap|ABplpappaa|ABprapaaaa|ABprppaaaa|MSaapap,1
PHA_01921,ABpraaaaa,161,162,38,44,3,3,ABplapapap|ABplappppa|ABpraaaaa,ABplapapap|ABplappppa|ABpraaaaa,1
PHA_01922,ABpraaapa,161,162,11,20,3,3,ABarpaaaa|ABplappapa|ABpraaapa,ABarpaaaa|ABplappapa|ABpraaapa,1
PHA_01923,ABprpaaaap,161,162,14,33,3,3,ABarpapaa|ABplpppaap|ABprpaaaap,ABarpapaa|ABplpppaap|ABprpaaaap,1
PHA_01924,ABprpaappp,161,162,40,45,3,3,ABplaapppa|ABplppapaa|ABprpaappp,ABplaapppa|ABplppapaa|ABprpaappp,1
PHA_01925,ABprpapppp,161,162,16,24,5,5,ABalapppap|ABarpapaaa|ABplapppa|ABprpapppp|Capap,ABalapppap|ABarpapaaa|ABplapppa|ABprpapppp|Capap,1
PHA_01926,ABprppppa,161,162,25,34,5,5,ABaraaaapp|ABarpaaaap|ABprppppa|Cappp|Cppap,ABaraaaapp|ABarpaaaap|ABprppppa|Cappp|Cppap,1
PHA_01927,ABprppppp,161,162,26,35,3,3,ABalapppaa|ABaraaaaap|ABprppppp,ABalapppaa|ABaraaaaap|ABprppppp,1
PHA_01928,MSaaaaap,161,162,17,25,3,3,ABplpaaaa|MSaaaaap|MSpaaaap,ABplpaaaa|MSaaaaap|MSpaaaap,1
PHA_01929,MSaapap,161,162,18,27,6,6,ABarpapppp|ABplpapap|ABplpappaa|ABprapaaaa|ABprppaaaa|MSaapap,ABarpapppp|ABplpapap|ABplpappaa|ABprapaaaa|ABprppaaaa|MSaapap,1
PHA_01930,MSpaaaap,161,162,17,25,3,3,ABplpaaaa|MSaaaaap|MSpaaaap,ABplpaaaa|MSaaaaap|MSpaaaap,1
PHA_01931,Capap,161,162,16,24,5,5,ABalapppap|ABarpapaaa|ABplapppa|ABprpapppp|Capap,ABalapppap|ABarpapaaa|ABplapppa|ABprpapppp|Capap,1
PHA_01932,Cappp,161,162,25,34,5,5,ABaraaaapp|ABarpaaaap|ABprppppa|Cappp|Cppap,ABaraaaapp|ABarpaaaap|ABprppppa|Cappp|Cppap,1
PHA_01933,Cppap,161,162,25,34,5,5,ABaraaaapp|ABarpaaaap|ABprppppa|Cappp|Cppap,ABaraaaapp|ABarpaaaap|ABprppppa|Cappp|Cppap,1
PHA_01934,ABalapppaa,161,162,26,35,3,3,ABalapppaa|ABaraaaaap|ABprppppp,ABalapppaa|ABaraaaaap|ABprppppp,1
PHA_01935,ABalapppap,161,162,16,24,5,5,ABalapppap|ABarpapaaa|ABplapppa|ABprpapppp|Capap,ABalapppap|ABarpapaaa|ABplapppa|ABprpapppp|Capap,1
PHA_01936,ABaraaaaap,161,162,26,35,3,3,ABalapppaa|ABaraaaaap|ABprppppp,ABalapppaa|ABaraaaaap|ABprppppp,1
PHA_01937,ABaraaaapp,161,162,25,34,5,5,ABaraaaapp|ABarpaaaap|ABprppppa|Cappp|Cppap,ABaraaaapp|ABarpaaaap|ABprppppa|Cappp|Cppap,1
PHA_01938,ABarpaaaap,161,162,25,34,5,5,ABaraaaapp|ABarpaaaap|ABprppppa|Cappp|Cppap,ABaraaaapp|ABarpaaaap|ABprppppa|Cappp|Cppap,1
PHA_01939,ABarpapaaa,161,162,16,24,5,5,ABalapppap|ABarpapaaa|ABplapppa|ABprpapppp|Capap,ABalapppap|ABarpapaaa|ABplapppa|ABprpapppp|Capap,1
PHA_01940,ABarpapppp,161,162,18,27,6,6,ABarpapppp|ABplpapap|ABplpappaa|ABprapaaaa|ABprppaaaa|MSaapap,ABarpapppp|ABplpapap|ABplpappaa|ABprapaaaa|ABprppaaaa|MSaapap,1
PHA_01941,ABarpppppa,161,162,41,47,3,3,ABarpppppa|ABprapppaa|ABprpppaap,ABarpppppa|ABprapppaa|ABprpppaap,1
PHA_01942,ABplaapppa,161,162,40,45,3,3,ABplaapppa|ABplppapaa|ABprpaappp,ABplaapppa|ABplppapaa|ABprpaappp,1
PHA_01943,ABplapapap,161,162,38,44,3,3,ABplapapap|ABplappppa|ABpraaaaa,ABplapapap|ABplappppa|ABpraaaaa,1
PHA_01944,ABplappapa,161,162,11,20,3,3,ABarpaaaa|ABplappapa|ABpraaapa,ABarpaaaa|ABplappapa|ABpraaapa,1
PHA_01945,ABplappppa,161,162,38,44,3,3,ABplapapap|ABplappppa|ABpraaaaa,ABplapapap|ABplappppa|ABpraaaaa,1
PHA_01946,ABplppapaa,161,162,40,45,3,3,ABplaapppa|ABplppapaa|ABprpaappp,ABplaapppa|ABplppapaa|ABprpaappp,1
PHA_01947,ABplpppaap,161,162,14,33,3,3,ABarpapaa|ABplpppaap|ABprpaaaap,ABarpapaa|ABplpppaap|ABprpaaaap,1
PHA_01948,ABprapaaaa,161,162,18,27,6,6,ABarpapppp|ABplpapap|ABplpappaa|ABprapaaaa|ABprppaaaa|MSaapap,ABarpapppp|ABplpapap|ABplpappaa|ABprapaaaa|ABprppaaaa|MSaapap,1
PHA_01949,ABprapppaa,161,162,41,47,3,3,ABarpppppa|ABprapppaa|ABprpppaap,ABarpppppa|ABprapppaa|ABprpppaap,1
PHA_01950,ABprappppa,161,162,9,12,4,4,ABaraappaa|ABarapaapa|ABprappppa|Cppppa,ABaraappaa|ABarapaapa|ABprappppa|Cppppa,1
PHA_01951,ABprppaaaa,161,162,18,27,6,6,ABarpapppp|ABplpapap|ABplpappaa|ABprapaaaa|ABprppaaaa|MSaapap,ABarpapppp|ABplpapap|ABplpappaa|ABprapaaaa|ABprppaaaa|MSaapap,1
PHA_01952,ABprpppaap,161,162,41,47,3,3,ABarpppppa|ABprapppaa|ABprpppaap,ABarpppppa|ABprapppaa|ABprpppaap,1
PHA_01953,ABprpppppa,161,162,42,17,3,3,ABarapapap|ABprpppppa|Eprpa,ABarapapap|ABprpppppa|Eprpa,1
PHA_01954,Eplpa,161,162,6,9,4,4,ABalpppapa|ABalppppaa|Eplpa|Eprpp,ABalpppapa|ABalppppaa|Eplpa|Eprpp,1
PHA_01955,Eprpa,161,162,42,17,3,3,ABarapapap|ABprpppppa|Eprpa,ABarapapap|ABprpppppa|Eprpa,1
PHA_01956,Eprpp,161,162,6,9,4,4,ABalpppapa|ABalppppaa|Eplpa|Eprpp,ABalpppapa|ABalppppaa|Eplpa|Eprpp,1
PHA_01957,Cppppa,161,162,9,12,4,4,ABaraappaa|ABarapaapa|ABprappppa|Cppppa,ABaraappaa|ABarapaapa|ABprappppa|Cppppa,1
PHA_01958,ABalpappap,162,163,7,48,3,3,ABalpappap|ABprapaapp|ABprappaaa,ABalpappap|ABprapaapp|ABprappaaa,1
PHA_01959,ABalpppppp,162,163,11,13,5,5,ABalpppppp|ABarappapp|Ealaa|Eplaa|MSpppaa,ABalpppppp|ABarappapp|Ealaa|Eplaa|MSpppaa,1
PHA_01960,ABarapapap,162,163,17,12,3,3,ABarapapap|ABprpppppa|Eprpa,ABarapapap|ABprpppppa|Eprpa,1
PHA_01961,ABarappapp,162,163,11,13,5,5,ABalpppppp|ABarappapp|Ealaa|Eplaa|MSpppaa,ABalpppppp|ABarappapp|Ealaa|Eplaa|MSpppaa,1
PHA_01962,ABarpaappp,162,163,22,45,5,5,ABarpaappp|ABplaappap|ABplppaaaa|ABplppaaap|ABpraappp,ABarpaappp|ABplaappap|ABplppaaaa|ABplppaaap|ABpraappp,1
PHA_01963,ABplpaaaa,162,163,25,20,3,3,ABplpaaaa|MSaaaaap|MSpaaaap,ABplpaaaa|MSaaaaap|MSpaaaap,1
PHA_01964,ABplppapa,162,163,28,23,5,5,ABarpappap|ABplppapa|MSaappp|MSppapap|MSppappp,ABarpappap|ABplppapa|MSaappp|MSppapap|MSppappp,1
PHA_01965,ABpraappp,162,163,22,45,5,5,ABarpaappp|ABplaappap|ABplppaaaa|ABplppaaap|ABpraappp,ABarpaappp|ABplaappap|ABplppaaaa|ABplppaaap|ABpraappp,1
PHA_01966,ABprppppp,162,163,35,32,3,3,ABalapppaa|ABaraaaaap|ABprppppp,ABalapppaa|ABaraaaaap|ABprppppp,1
PHA_01967,MSaaaaap,162,163,25,20,3,3,ABplpaaaa|MSaaaaap|MSpaaaap,ABplpaaaa|MSaaaaap|MSpaaaap,1
PHA_01968,MSaappp,162,163,28,23,5,5,ABarpappap|ABplppapa|MSaappp|MSppapap|MSppappp,ABarpappap|ABplppapa|MSaappp|MSppapap|MSppappp,1
PHA_01969,MSpaaaap,162,163,25,20,3,3,ABplpaaaa|MSaaaaap|MSpaaaap,ABplpaaaa|MSaaaaap|MSpaaaap,1
PHA_01970,MSpppaa,162,163,11,13,5,5,ABalpppppp|ABarappapp|Ealaa|Eplaa|MSpppaa,ABalpppppp|ABarappapp|Ealaa|Eplaa|MSpppaa,1
PHA_01971,Ealaa,162,163,11,13,5,5,ABalpppppp|ABarappapp|Ealaa|Eplaa|MSpppaa,ABalpppppp|ABarappapp|Ealaa|Eplaa|MSpppaa,1
PHA_01972,ABalapppaa,162,163,35,32,3,3,ABalapppaa|ABaraaaaap|ABprppppp,ABalapppaa|ABaraaaaap|ABprppppp,1
PHA_01973,ABaraaaaap,162,163,35,32,3,3,ABalapppaa|ABaraaaaap|ABprppppp,ABalapppaa|ABaraaaaap|ABprppppp,1
PHA_01974,ABarpappap,162,163,28,23,5,5,ABarpappap|ABplppapa|MSaappp|MSppapap|MSppappp,ABarpappap|ABplppapa|MSaappp|MSppapap|MSppappp,1
PHA_01975,ABarpppppa,162,163,47,49,3,3,ABarpppppa|ABprapppaa|ABprpppaap,ABarpppppa|ABprapppaa|ABprpppaap,1
PHA_01976,ABplaappap,162,163,22,45,5,5,ABarpaappp|ABplaappap|ABplppaaaa|ABplppaaap|ABpraappp,ABarpaappp|ABplaappap|ABplppaaaa|ABplppaaap|ABpraappp,1
PHA_01977,ABplppaaaa,162,163,22,45,5,5,ABarpaappp|ABplaappap|ABplppaaaa|ABplppaaap|ABpraappp,ABarpaappp|ABplaappap|ABplppaaaa|ABplppaaap|ABpraappp,1
PHA_01978,ABplppaaap,162,163,22,45,5,5,ABarpaappp|ABplaappap|ABplppaaaa|ABplppaaap|ABpraappp,ABarpaappp|ABplaappap|ABplppaaaa|ABplppaaap|ABpraappp,1
PHA_01979,ABprapaapp,162,163,7,48,3,3,ABalpappap|ABprapaapp|ABprappaaa,ABalpappap|ABprapaapp|ABprappaaa,1
PHA_01980,ABprappaaa,162,163,7,48,3,3,ABalpappap|ABprapaapp|ABprappaaa,ABalpappap|ABprapaapp|ABprappaaa,1
PHA_01981,ABprapppaa,162,163,47,49,3,3,ABarpppppa|ABprapppaa|ABprpppaap,ABarpppppa|ABprapppaa|ABprpppaap,1
PHA_01982,ABprpppaap,162,163,47,49,3,3,ABarpppppa|ABprapppaa|ABprpppaap,ABarpppppa|ABprapppaa|ABprpppaap,1
PHA_01983,ABprpppppa,162,163,17,12,3,3,ABarapapap|ABprpppppa|Eprpa,ABarapapap|ABprpppppa|Eprpa,1
PHA_01984,MSppapap,162,163,28,23,5,5,ABarpappap|ABplppapa|MSaappp|MSppapap|MSppappp,ABarpappap|ABplppapa|MSaappp|MSppapap|MSppappp,1
PHA_01985,MSppappp,162,163,28,23,5,5,ABarpappap|ABplppapa|MSaappp|MSppapap|MSppappp,ABarpappap|ABplppapa|MSaappp|MSppapap|MSppappp,1
PHA_01986,Eplaa,162,163,11,13,5,5,ABalpppppp|ABarappapp|Ealaa|Eplaa|MSpppaa,ABalpppppp|ABarappapp|Ealaa|Eplaa|MSpppaa,1
PHA_01987,Eprpa,162,163,17,12,3,3,ABarapapap|ABprpppppa|Eprpa,ABarapapap|ABprpppppa|Eprpa,1
PHA_01988,ABalaapppp,163,164,3,1,4,4,ABalaapppp|ABalpapppa|ABalppappa|ABprppappa,ABalaapppp|ABalpapppa|ABalppappa|ABprppappa,1
PHA_01989,ABalpapppa,163,164,3,1,4,4,ABalaapppp|ABalpapppa|ABalppappa|ABprppappa,ABalaapppp|ABalpapppa|ABalppappa|ABprppappa,1
PHA_01990,ABalppappa,163,164,3,1,4,4,ABalaapppp|ABalpapppa|ABalppappa|ABprppappa,ABalaapppp|ABalpapppa|ABalppappa|ABprppappa,1
PHA_01991,ABaraappaa,163,164,10,11,6,6,ABaraappaa|ABarapaapa|ABprappppa|Cppppa|MSaaaaaa|MSapaaa,ABaraappaa|ABarapaapa|ABprappppa|Cppppa|MSaaaaaa|MSapaaa,1
PHA_01992,ABarapaapa,163,164,10,11,6,6,ABaraappaa|ABarapaapa|ABprappppa|Cppppa|MSaaaaaa|MSapaaa,ABaraappaa|ABarapaapa|ABprappppa|Cppppa|MSaaaaaa|MSapaaa,1
PHA_01993,ABarppaaa,163,164,18,20,3,3,ABarppaaa|ABplapaaaa|Earap,ABarppaaa|ABplapaaaa|Earap,1
PHA_01994,ABplaapaap,163,164,44,21,3,3,ABarppaapp|ABplaapaap|MSppapa,ABarppaapp|ABplaapaap|MSppapa,1
PHA_01995,ABplapppp,163,164,42,40,3,3,ABalaaappr|ABalappapa|ABplapppp,ABalaaappr|ABalappapa|ABplapppp,1
PHA_01996,ABplpapap,163,164,22,23,3,3,ABplpapap|ABplpappaa|ABprppaaaa,ABplpapap|ABplpappaa|ABprppaaaa,1
PHA_01997,ABplpappaa,163,164,22,23,3,3,ABplpapap|ABplpappaa|ABprppaaaa,ABplpapap|ABplpappaa|ABprppaaaa,1
PHA_01998,ABplpppap,163,164,25,26,3,3,ABalappppa|ABplpppap|ABplppppp,ABalappppa|ABplpppap|ABplppppp,1
PHA_01999,ABplppppp,163,164,25,26,3,3,ABalappppa|ABplpppap|ABplppppp,ABalappppa|ABplpppap|ABplppppp,1
PHA_02000,MSaaaaaa,163,164,10,11,6,6,ABaraappaa|ABarapaapa|ABprappppa|Cppppa|MSaaaaaa|MSapaaa,ABaraappaa|ABarapaapa|ABprappppa|Cppppa|MSaaaaaa|MSapaaa,1
PHA_02001,MSapaaa,163,164,10,11,6,6,ABaraappaa|ABarapaapa|ABprappppa|Cppppa|MSaaaaaa|MSapaaa,ABaraappaa|ABarapaapa|ABprappppa|Cppppa|MSaaaaaa|MSapaaa,1
PHA_02002,MSppapa,163,164,44,21,3,3,ABarppaapp|ABplaapaap|MSppapa,ABarppaapp|ABplaapaap|MSppapa,1
PHA_02003,Earap,163,164,18,20,3,3,ABarppaaa|ABplapaaaa|Earap,ABarppaaa|ABplapaaaa|Earap,1
PHA_02004,Caaaaa,163,164,39,38,5,5,ABplaappaa|ABplpaaaap|ABplpaaapp|ABplpaapap|Caaaaa,ABplaappaa|ABplpaaaap|ABplpaaapp|ABplpaapap|Caaaaa,1
PHA_02005,ABalaaappr,163,164,42,40,3,3,ABalaaappr|ABalappapa|ABplapppp,ABalaaappr|ABalappapa|ABplapppp,1
PHA_02006,ABalappapa,163,164,42,40,3,3,ABalaaappr|ABalappapa|ABplapppp,ABalaaappr|ABalappapa|ABplapppp,1
PHA_02007,ABalappppa,163,164,25,26,3,3,ABalappppa|ABplpppap|ABplppppp,ABalappppa|ABplpppap|ABplppppp,1
PHA_02008,ABarppaapp,163,164,44,21,3,3,ABarppaapp|ABplaapaap|MSppapa,ABarppaapp|ABplaapaap|MSppapa,1
PHA_02009,ABarpppppa,163,164,49,42,3,3,ABarpppppa|ABprapppaa|ABprpppaap,ABarpppppa|ABprapppaa|ABprpppaap,1
PHA_02010,ABplaappaa,163,164,39,38,5,5,ABplaappaa|ABplpaaaap|ABplpaaapp|ABplpaapap|Caaaaa,ABplaappaa|ABplpaaaap|ABplpaaapp|ABplpaapap|Caaaaa,1
PHA_02011,ABplapaaaa,163,164,18,20,3,3,ABarppaaa|ABplapaaaa|Earap,ABarppaaa|ABplapaaaa|Earap,1
PHA_02012,ABplpaaaap,163,164,39,38,5,5,ABplaappaa|ABplpaaaap|ABplpaaapp|ABplpaapap|Caaaaa,ABplaappaa|ABplpaaaap|ABplpaaapp|ABplpaapap|Caaaaa,1
PHA_02013,ABplpaaapp,163,164,39,38,5,5,ABplaappaa|ABplpaaaap|ABplpaaapp|ABplpaapap|Caaaaa,ABplaappaa|ABplpaaaap|ABplpaaapp|ABplpaapap|Caaaaa,1
PHA_02014,ABplpaapap,163,164,39,38,5,5,ABplaappaa|ABplpaaaap|ABplpaaapp|ABplpaapap|Caaaaa,ABplaappaa|ABplpaaaap|ABplpaaapp|ABplpaapap|Caaaaa,1
PHA_02015,ABprapppaa,163,164,49,42,3,3,ABarpppppa|ABprapppaa|ABprpppaap,ABarpppppa|ABprapppaa|ABprpppaap,1
PHA_02016,ABprappppa,163,164,10,11,6,6,ABaraappaa|ABarapaapa|ABprappppa|Cppppa|MSaaaaaa|MSapaaa,ABaraappaa|ABarapaapa|ABprappppa|Cppppa|MSaaaaaa|MSapaaa,1
PHA_02017,ABprppaaaa,163,164,22,23,3,3,ABplpapap|ABplpappaa|ABprppaaaa,ABplpapap|ABplpappaa|ABprppaaaa,1
PHA_02018,ABprppappa,163,164,3,1,4,4,ABalaapppp|ABalpapppa|ABalppappa|ABprppappa,ABalaapppp|ABalpapppa|ABalppappa|ABprppappa,1
PHA_02019,ABprpppaap,163,164,49,42,3,3,ABarpppppa|ABprapppaa|ABprpppaap,ABarpppppa|ABprapppaa|ABprpppaap,1
PHA_02020,Cppppa,163,164,10,11,6,6,ABaraappaa|ABarapaapa|ABprappppa|Cppppa|MSaaaaaa|MSapaaa,ABaraappaa|ABarapaapa|ABprappppa|Cppppa|MSaaaaaa|MSapaaa,1
PHA_02021,ABalaappap,164,165,44,0,3,3,ABalaappap|ABprappaap|ABprappapa,ABalaappap|ABprappaap|ABprappapa,1
PHA_02022,ABalaapppp,164,165,1,2,4,4,ABalaapppp|ABalpapppa|ABalppappa|ABprppappa,ABalaapppp|ABalpapppa|ABalppappa|ABprppappa,1
PHA_02023,ABalapappp,164,165,5,3,3,3,ABalapappp|ABalpppapp|ABalppppap,ABalapappp|ABalpppapp|ABalppppap,1
PHA_02024,ABalpapppa,164,165,1,2,4,4,ABalaapppp|ABalpapppa|ABalppappa|ABprppappa,ABalaapppp|ABalpapppa|ABalppappa|ABprppappa,1
PHA_02025,ABalpapppp,164,165,7,6,3,3,ABalpapppp|ABalppappp|MSaapaap,ABalpapppp|ABalppappp|MSaapaap,1
PHA_02026,ABalppappa,164,165,1,2,4,4,ABalaapppp|ABalpapppa|ABalppappa|ABprppappa,ABalaapppp|ABalpapppa|ABalppappa|ABprppappa,1
PHA_02027,ABalppappp,164,165,7,6,3,3,ABalpapppp|ABalppappp|MSaapaap,ABalpapppp|ABalppappp|MSaapaap,1
PHA_02028,ABalpppapp,164,165,5,3,3,3,ABalapappp|ABalpppapp|ABalppppap,ABalapappp|ABalpppapp|ABalppppap,1
PHA_02029,ABalppppap,164,165,5,3,3,3,ABalapappp|ABalpppapp|ABalppppap,ABalapappp|ABalpppapp|ABalppppap,1
PHA_02030,ABaraapppa,164,165,12,8,3,3,ABaraapppa|Cppapa|MSapaap,ABaraapppa|Cppapa|MSapaap,1
PHA_02031,ABarappapa,164,165,15,31,3,3,ABarappapa|Capaap|MSppaap,ABarappapa|Capaap|MSppaap,1
PHA_02032,ABplpppap,164,165,26,21,3,3,ABalappppa|ABplpppap|ABplppppp,ABalappppa|ABplpppap|ABplppppp,1
PHA_02033,ABplppppp,164,165,26,21,3,3,ABalappppa|ABplpppap|ABplppppp,ABalappppa|ABplpppap|ABplppppp,1
PHA_02034,ABprapppa,164,165,30,25,5,5,ABalaaaalp|ABalppaaaa|ABalppaaap|ABprapppa|Cpapaa,ABalaaaalp|ABalppaaaa|ABalppaaap|ABprapppa|Cpapaa,1
PHA_02035,ABprppaap,164,165,37,33,3,3,ABplpapaaa|ABprppaap|MSppppp,ABplpapaaa|ABprppaap|MSppppp,1
PHA_02036,MSaapaap,164,165,7,6,3,3,ABalpapppp|ABalppappp|MSaapaap,ABalpapppp|ABalppappp|MSaapaap,1
PHA_02037,MSapaap,164,165,12,8,3,3,ABaraapppa|Cppapa|MSapaap,ABaraapppa|Cppapa|MSapaap,1
PHA_02038,MSppaap,164,165,15,31,3,3,ABarappapa|Capaap|MSppaap,ABarappapa|Capaap|MSppaap,1
PHA_02039,MSppppp,164,165,37,33,3,3,ABplpapaaa|ABprppaap|MSppppp,ABplpapaaa|ABprppaap|MSppppp,1
PHA_02040,Cpapaa,164,165,30,25,5,5,ABalaaaalp|ABalppaaaa|ABalppaaap|ABprapppa|Cpapaa,ABalaaaalp|ABalppaaaa|ABalppaaap|ABprapppa|Cpapaa,1
PHA_02041,ABalaaaalp,164,165,30,25,5,5,ABalaaaalp|ABalppaaaa|ABalppaaap|ABprapppa|Cpapaa,ABalaaaalp|ABalppaaaa|ABalppaaap|ABprapppa|Cpapaa,1
PHA_02042,ABalappppa,164,165,26,21,3,3,ABalappppa|ABplpppap|ABplppppp,ABalappppa|ABplpppap|ABplppppp,1
PHA_02043,ABalppaaaa,164,165,30,25,5,5,ABalaaaalp|ABalppaaaa|ABalppaaap|ABprapppa|Cpapaa,ABalaaaalp|ABalppaaaa|ABalppaaap|ABprapppa|Cpapaa,1
PHA_02044,ABalppaaap,164,165,30,25,5,5,ABalaaaalp|ABalppaaaa|ABalppaaap|ABprapppa|Cpapaa,ABalaaaalp|ABalppaaaa|ABalppaaap|ABprapppa|Cpapaa,1
PHA_02045,ABplpapaaa,164,165,37,33,3,3,ABplpapaaa|ABprppaap|MSppppp,ABplpapaaa|ABprppaap|MSppppp,1
PHA_02046,ABprappaap,164,165,44,0,3,3,ABalaappap|ABprappaap|ABprappapa,ABalaappap|ABprappaap|ABprappapa,1
PHA_02047,ABprappapa,164,165,44,0,3,3,ABalaappap|ABprappaap|ABprappapa,ABalaappap|ABprappaap|ABprappapa,1
PHA_02048,ABprppappa,164,165,1,2,4,4,ABalaapppp|ABalpapppa|ABalppappa|ABprppappa,ABalaapppp|ABalpapppa|ABalppappa|ABprppappa,1
PHA_02049,Capaap,164,165,15,31,3,3,ABarappapa|Capaap|MSppaap,ABarappapa|Capaap|MSppaap,1
PHA_02050,Cppapa,164,165,12,8,3,3,ABaraapppa|Cppapa|MSapaap,ABaraapppa|Cppapa|MSapaap,1
PHA_02051,ABalaappap,165,166,0,3,3,3,ABalaappap|ABprappaap|ABprappapa,ABalaappap|ABprappaap|ABprappapa,1
PHA_02052,ABalaapppa,165,166,1,4,3,3,ABalaapppa|ABalppapap|ABprppappp,ABalaapppa|ABalppapap|ABprppappp,1
PHA_02053,ABalapappa,165,166,10,11,5,5,ABalapappa|ABalpppaa|ABarapapaa|Eplpa|Eprpp,ABalapappa|ABalpppaa|ABarapapaa|Eplpa|Eprpp,1
PHA_02054,ABalppapap,165,166,1,4,3,3,ABalaapppa|ABalppapap|ABprppappp,ABalaapppa|ABalppapap|ABprppappp,1
PHA_02055,ABalpppaa,165,166,10,11,5,5,ABalapappa|ABalpppaa|ABarapapaa|Eplpa|Eprpp,ABalapappa|ABalpppaa|ABarapapaa|Eplpa|Eprpp,1
PHA_02056,ABaraapppa,165,166,8,14,3,3,ABaraapppa|Cppapa|MSapaap,ABaraapppa|Cppapa|MSapaap,1
PHA_02057,ABaraapppp,165,166,9,15,6,6,ABaraapppp|ABprppaapp|Cppaaa|Cpppaaa|MSaaaapp|MSapapa,ABaraapppp|ABprppaapp|Cppaaa|Cpppaaa|MSaaaapp|MSapapa,1
PHA_02058,ABarapapaa,165,166,10,11,5,5,ABalapappa|ABalpppaa|ABarapapaa|Eplpa|Eprpp,ABalapappa|ABalpppaa|ABarapapaa|Eplpa|Eprpp,1
PHA_02059,ABarapappa,165,166,11,40,5,5,ABarapappa|Cppaap|Cpppaap|MSaaapaa|MSpaapaa,ABarapappa|Cppaap|Cpppaap|MSaaapaa|MSpaapaa,1
PHA_02060,ABarappppp,165,166,13,20,5,5,ABarappppp|ABplaapaaa|Capapa|Cappaa|Cappaap,ABarappppp|ABplaapaaa|Capapa|Cappaa|Cappaap,1
PHA_02061,ABplaapaaa,165,166,13,20,5,5,ABarappppp|ABplaapaaa|Capapa|Cappaa|Cappaap,ABarappppp|ABplaapaaa|Capapa|Cappaa|Cappaap,1
PHA_02062,ABplaapppp,165,166,39,46,3,3,ABplaapppp|Dapa|MSaaappp,ABplaapppp|Dapa|MSaaappp,1
PHA_02063,ABplpaappa,165,166,40,48,3,3,ABarpppapa|ABplpaappa|MSapapp,ABarpppapa|ABplpaappa|MSapapp,1
PHA_02064,ABpraapppa,165,166,23,33,3,3,ABplppaaaa|ABplppaaap|ABpraapppa,ABplppaaaa|ABplppaaap|ABpraapppa,1
PHA_02065,ABprappaa,165,166,43,52,3,3,ABplpaapaa|ABprappaa|Eprp,ABplpaapaa|ABprappaa|Eprp,1
PHA_02066,ABprapppa,165,166,25,35,5,5,ABalaaaalp|ABalppaaaa|ABalppaaap|ABprapppa|Cpapaa,ABalaaaalp|ABalppaaaa|ABalppaaap|ABprapppa|Cpapaa,1
PHA_02067,ABprpapapp,165,166,27,37,3,3,ABprpapapp|Ealap|MSpppap,ABprpapapp|Ealap|MSpppap,1
PHA_02068,MSaaaapp,165,166,9,15,6,6,ABaraapppp|ABprppaapp|Cppaaa|Cpppaaa|MSaaaapp|MSapapa,ABaraapppp|ABprppaapp|Cppaaa|Cpppaaa|MSaaaapp|MSapapa,1
PHA_02069,MSaaapaa,165,166,11,40,5,5,ABarapappa|Cppaap|Cpppaap|MSaaapaa|MSpaapaa,ABarapappa|Cppaap|Cpppaap|MSaaapaa|MSpaapaa,1
PHA_02070,MSapaap,165,166,8,14,3,3,ABaraapppa|Cppapa|MSapaap,ABaraapppa|Cppapa|MSapaap,1
PHA_02071,MSapapa,165,166,9,15,6,6,ABaraapppp|ABprppaapp|Cppaaa|Cpppaaa|MSaaaapp|MSapapa,ABaraapppp|ABprppaapp|Cppaaa|Cpppaaa|MSaaaapp|MSapapa,1
PHA_02072,MSapapp,165,166,40,48,3,3,ABarpppapa|ABplpaappa|MSapapp,ABarpppapa|ABplpaappa|MSapapp,1
PHA_02073,MSpaapaa,165,166,11,40,5,5,ABarapappa|Cppaap|Cpppaap|MSaaapaa|MSpaapaa,ABarapappa|Cppaap|Cpppaap|MSaaapaa|MSpaapaa,1
PHA_02074,MSpppap,165,166,27,37,3,3,ABprpapapp|Ealap|MSpppap,ABprpapapp|Ealap|MSpppap,1
PHA_02075,Ealap,165,166,27,37,3,3,ABprpapapp|Ealap|MSpppap,ABprpapapp|Ealap|MSpppap,1
PHA_02076,Earpp,165,166,35,43,3,3,Dpaa|Earpp|Eplaa,Dpaa|Earpp|Eplaa,1
PHA_02077,Eplaa,165,166,35,43,3,3,Dpaa|Earpp|Eplaa,Dpaa|Earpp|Eplaa,1
PHA_02078,Eprp,165,166,43,52,3,3,ABplpaapaa|ABprappaa|Eprp,ABplpaapaa|ABprappaa|Eprp,1
PHA_02079,Cpapaa,165,166,25,35,5,5,ABalaaaalp|ABalppaaaa|ABalppaaap|ABprapppa|Cpapaa,ABalaaaalp|ABalppaaaa|ABalppaaap|ABprapppa|Cpapaa,1
PHA_02080,Dapa,165,166,39,46,3,3,ABplaapppp|Dapa|MSaaappp,ABplaapppp|Dapa|MSaaappp,1
PHA_02081,Dpaa,165,166,35,43,3,3,Dpaa|Earpp|Eplaa,Dpaa|Earpp|Eplaa,1
PHA_02082,ABalaaaalp,165,166,25,35,5,5,ABalaaaalp|ABalppaaaa|ABalppaaap|ABprapppa|Cpapaa,ABalaaaalp|ABalppaaaa|ABalppaaap|ABprapppa|Cpapaa,1
PHA_02083,ABalppaaaa,165,166,25,35,5,5,ABalaaaalp|ABalppaaaa|ABalppaaap|ABprapppa|Cpapaa,ABalaaaalp|ABalppaaaa|ABalppaaap|ABprapppa|Cpapaa,1
PHA_02084,ABalppaaap,165,166,25,35,5,5,ABalaaaalp|ABalppaaaa|ABalppaaap|ABprapppa|Cpapaa,ABalaaaalp|ABalppaaaa|ABalppaaap|ABprapppa|Cpapaa,1
PHA_02085,ABarpppapa,165,166,40,48,3,3,ABarpppapa|ABplpaappa|MSapapp,ABarpppapa|ABplpaappa|MSapapp,1
PHA_02086,ABplpaapaa,165,166,43,52,3,3,ABplpaapaa|ABprappaa|Eprp,ABplpaapaa|ABprappaa|Eprp,1
PHA_02087,ABplppaaaa,165,166,23,33,3,3,ABplppaaaa|ABplppaaap|ABpraapppa,ABplppaaaa|ABplppaaap|ABpraapppa,1
PHA_02088,ABplppaaap,165,166,23,33,3,3,ABplppaaaa|ABplppaaap|ABpraapppa,ABplppaaaa|ABplppaaap|ABpraapppa,1
PHA_02089,ABprappaap,165,166,0,3,3,3,ABalaappap|ABprappaap|ABprappapa,ABalaappap|ABprappaap|ABprappapa,1
PHA_02090,ABprappapa,165,166,0,3,3,3,ABalaappap|ABprappaap|ABprappapa,ABalaappap|ABprappaap|ABprappapa,1
PHA_02091,ABprppaapp,165,166,9,15,6,6,ABaraapppp|ABprppaapp|Cppaaa|Cpppaaa|MSaaaapp|MSapapa,ABaraapppp|ABprppaapp|Cppaaa|Cpppaaa|MSaaaapp|MSapapa,1
PHA_02092,ABprppappp,165,166,1,4,3,3,ABalaapppa|ABalppapap|ABprppappp,ABalaapppa|ABalppapap|ABprppappp,1
PHA_02093,MSaaappp,165,166,39,46,3,3,ABplaapppp|Dapa|MSaaappp,ABplaapppp|Dapa|MSaaappp,1
PHA_02094,Eplpa,165,166,10,11,5,5,ABalapappa|ABalpppaa|ABarapapaa|Eplpa|Eprpp,ABalapappa|ABalpppaa|ABarapapaa|Eplpa|Eprpp,1
PHA_02095,Eprpp,165,166,10,11,5,5,ABalapappa|ABalpppaa|ABarapapaa|Eplpa|Eprpp,ABalapappa|ABalpppaa|ABarapapaa|Eplpa|Eprpp,1
PHA_02096,Capapa,165,166,13,20,5,5,ABarappppp|ABplaapaaa|Capapa|Cappaa|Cappaap,ABarappppp|ABplaapaaa|Capapa|Cappaa|Cappaap,1
PHA_02097,Cappaa,165,166,13,20,5,5,ABarappppp|ABplaapaaa|Capapa|Cappaa|Cappaap,ABarappppp|ABplaapaaa|Capapa|Cappaa|Cappaap,1
PHA_02098,Cppaaa,165,166,9,15,6,6,ABaraapppp|ABprppaapp|Cppaaa|Cpppaaa|MSaaaapp|MSapapa,ABaraapppp|ABprppaapp|Cppaaa|Cpppaaa|MSaaaapp|MSapapa,1
PHA_02099,Cppaap,165,166,11,40,5,5,ABarapappa|Cppaap|Cpppaap|MSaaapaa|MSpaapaa,ABarapappa|Cppaap|Cpppaap|MSaaapaa|MSpaapaa,1
PHA_02100,Cppapa,165,166,8,14,3,3,ABaraapppa|Cppapa|MSapaap,ABaraapppa|Cppapa|MSapaap,1
PHA_02101,Cappaap,165,166,13,20,5,5,ABarappppp|ABplaapaaa|Capapa|Cappaa|Cappaap,ABarappppp|ABplaapaaa|Capapa|Cappaa|Cappaap,1
PHA_02102,Cpppaaa,165,166,9,15,6,6,ABaraapppp|ABprppaapp|Cppaaa|Cpppaaa|MSaaaapp|MSapapa,ABaraapppp|ABprppaapp|Cppaaa|Cpppaaa|MSaaaapp|MSapapa,1
PHA_02103,Cpppaap,165,166,11,40,5,5,ABarapappa|Cppaap|Cpppaap|MSaaapaa|MSpaapaa,ABarapappa|Cppaap|Cpppaap|MSaaapaa|MSpaapaa,1
PHA_02104,ABalaaappr,166,167,0,1,3,3,ABalaaappr|ABalapaapa|ABalappaa,ABalaaappr|ABalapaapa|ABalappaa,1
PHA_02105,ABalapaapa,166,167,0,1,3,3,ABalaaappr|ABalapaapa|ABalappaa,ABalaaappr|ABalapaapa|ABalappaa,1
PHA_02106,ABalapappp,166,167,5,6,4,4,ABalapappp|ABalpppapp|ABalppppap|ABarapapap,ABalapappp|ABalpppapp|ABalppppap|ABarapapap,1
PHA_02107,ABalappaa,166,167,0,1,3,3,ABalaaappr|ABalapaapa|ABalappaa,ABalaaappr|ABalapaapa|ABalappaa,1
PHA_02108,ABalappppp,166,167,7,42,3,3,ABalappppp|ABarappapa|MSppaap,ABalappppp|ABarappapa|MSppaap,1
PHA_02109,ABalpppapp,166,167,5,6,4,4,ABalapappp|ABalpppapp|ABalppppap|ABarapapap,ABalapappp|ABalpppapp|ABalppppap|ABarapapap,1
PHA_02110,ABalppppap,166,167,5,6,4,4,ABalapappp|ABalpppapp|ABalppppap|ABarapapap,ABalapappp|ABalpppapp|ABalppppap|ABarapapap,1
PHA_02111,ABarapapap,166,167,5,6,4,4,ABalapappp|ABalpppapp|ABalppppap|ABarapapap,ABalapappp|ABalpppapp|ABalppppap|ABarapapap,1
PHA_02112,ABarappapa,166,167,7,42,3,3,ABalappppp|ABarappapa|MSppaap,ABalappppp|ABarappapa|MSppaap,1
PHA_02113,ABplaapppp,166,167,46,43,3,3,ABplaapppp|Dapa|MSaaappp,ABplaapppp|Dapa|MSaaappp,1
PHA_02114,ABplpaaaaa,166,167,26,25,3,3,ABplpaaaaa|MSapaaa|MSpaaaaa,ABplpaaaaa|MSapaaa|MSpaaaaa,1
PHA_02115,ABplpaappa,166,167,48,26,3,3,ABarpppapa|ABplpaappa|MSapapp,ABarpppapa|ABplpaappa|MSapapp,1
PHA_02116,ABprpapapp,166,167,37,35,3,3,ABprpapapp|Ealap|MSpppap,ABprpapapp|Ealap|MSpppap,1
PHA_02117,MSapaaa,166,167,26,25,3,3,ABplpaaaaa|MSapaaa|MSpaaaaa,ABplpaaaaa|MSapaaa|MSpaaaaa,1
PHA_02118,MSapapp,166,167,48,26,3,3,ABarpppapa|ABplpaappa|MSapapp,ABarpppapa|ABplpaappa|MSapapp,1
PHA_02119,MSpaaaaa,166,167,26,25,3,3,ABplpaaaaa|MSapaaa|MSpaaaaa,ABplpaaaaa|MSapaaa|MSpaaaaa,1
PHA_02120,MSppaap,166,167,7,42,3,3,ABalappppp|ABarappapa|MSppaap,ABalappppp|ABarappapa|MSppaap,1
PHA_02121,MSpppap,166,167,37,35,3,3,ABprpapapp|Ealap|MSpppap,ABprpapapp|Ealap|MSpppap,1
PHA_02122,Ealap,166,167,37,35,3,3,ABprpapapp|Ealap|MSpppap,ABprpapapp|Ealap|MSpppap,1
PHA_02123,Earpp,166,167,43,44,3,3,Dpaa|Earpp|Eplaa,Dpaa|Earpp|Eplaa,1
PHA_02124,Eplaa,166,167,43,44,3,3,Dpaa|Earpp|Eplaa,Dpaa|Earpp|Eplaa,1
PHA_02125,Dapa,166,167,46,43,3,3,ABplaapppp|Dapa|MSaaappp,ABplaapppp|Dapa|MSaaappp,1
PHA_02126,Dpaa,166,167,43,44,3,3,Dpaa|Earpp|Eplaa,Dpaa|Earpp|Eplaa,1
PHA_02127,ABarpppapa,166,167,48,26,3,3,ABarpppapa|ABplpaappa|MSapapp,ABarpppapa|ABplpaappa|MSapapp,1
PHA_02128,MSaaappp,166,167,46,43,3,3,ABplaapppp|Dapa|MSaaappp,ABplaapppp|Dapa|MSaaappp,1
PHA_02129,ABalappppp,167,168,42,9,3,3,ABalappppp|ABarappapa|MSppaap,ABalappppp|ABarappapa|MSppaap,1
PHA_02130,ABaraapppa,167,168,10,15,4,4,ABaraapppa|Cppapa|MSaaaapa|MSapaap,ABaraapppa|Cppapa|MSaaaapa|MSapaap,1
PHA_02131,ABarapappa,167,168,14,18,6,6,ABarapappa|ABplpaaapa|Cppaap|Cpppaap|MSaaapaa|MSpaapaa,ABarapappa|ABplpaaapa|Cppaap|Cpppaap|MSaaapaa|MSpaapaa,1
PHA_02132,ABarapappp,167,168,41,38,3,3,ABarapappp|MSaaapap|MSpaapap,ABarapappp|MSaaapap|MSpaapap,1
PHA_02133,ABarappapa,167,168,42,9,3,3,ABalappppp|ABarappapa|MSppaap,ABalappppp|ABarappapa|MSppaap,1
PHA_02134,ABarappppa,167,168,16,19,4,4,ABarappppa|ABprpaaaaa|Cappap|MSppaaa,ABarappppa|ABprpaaaaa|Cappap|MSppaaa,1
PHA_02135,ABplaapppp,167,168,43,41,3,3,ABplaapppp|Dapa|MSaaappp,ABplaapppp|Dapa|MSaaappp,1
PHA_02136,ABplpaaapa,167,168,14,18,6,6,ABarapappa|ABplpaaapa|Cppaap|Cpppaap|MSaaapaa|MSpaapaa,ABarapappa|ABplpaaapa|Cppaap|Cpppaap|MSaaapaa|MSpaapaa,1
PHA_02137,ABplpapppp,167,168,29,34,4,4,ABplpapppp|ABplppapp|ABplpppaap|ABplppppap,ABplpapppp|ABplppapp|ABplpppaap|ABplppppap,1
PHA_02138,ABplppapa,167,168,30,33,5,5,ABarpappap|ABplppapa|MSaappp|MSppapap|MSppappp,ABarpappap|ABplppapa|MSaappp|MSppapap|MSppappp,1
PHA_02139,ABplppapp,167,168,29,34,4,4,ABplpapppp|ABplppapp|ABplpppaap|ABplppppap,ABplpapppp|ABplppapp|ABplpppaap|ABplppppap,1
PHA_02140,ABplpppaap,167,168,29,34,4,4,ABplpapppp|ABplppapp|ABplpppaap|ABplppppap,ABplpapppp|ABplppapp|ABplpppaap|ABplppppap,1
PHA_02141,ABplppppap,167,168,29,34,4,4,ABplpapppp|ABplppapp|ABplpppaap|ABplppppap,ABplpapppp|ABplppapp|ABplpppaap|ABplppppap,1
PHA_02142,ABprapapap,167,168,34,35,5,5,ABalppaapa|ABalpppaaa|ABalpppaap|ABprapapap|ABprappap,ABalppaapa|ABalpppaaa|ABalpppaap|ABprapapap|ABprappap,1
PHA_02143,ABprappap,167,168,34,35,5,5,ABalppaapa|ABalpppaaa|ABalpppaap|ABprapapap|ABprappap,ABalppaapa|ABalpppaaa|ABalpppaap|ABprapapap|ABprappap,1
PHA_02144,ABprpaaaaa,167,168,16,19,4,4,ABarappppa|ABprpaaaaa|Cappap|MSppaaa,ABarappppa|ABprpaaaaa|Cappap|MSppaaa,1
PHA_02145,ABprpapapp,167,168,35,36,3,3,ABprpapapp|Ealap|MSpppap,ABprpapapp|Ealap|MSpppap,1
PHA_02146,MSaaaapa,167,168,10,15,4,4,ABaraapppa|Cppapa|MSaaaapa|MSapaap,ABaraapppa|Cppapa|MSaaaapa|MSapaap,1
PHA_02147,MSaaapaa,167,168,14,18,6,6,ABarapappa|ABplpaaapa|Cppaap|Cpppaap|MSaaapaa|MSpaapaa,ABarapappa|ABplpaaapa|Cppaap|Cpppaap|MSaaapaa|MSpaapaa,1
PHA_02148,MSaaapap,167,168,41,38,3,3,ABarapappp|MSaaapap|MSpaapap,ABarapappp|MSaaapap|MSpaapap,1
PHA_02149,MSaappp,167,168,30,33,5,5,ABarpappap|ABplppapa|MSaappp|MSppapap|MSppappp,ABarpappap|ABplppapa|MSaappp|MSppapap|MSppappp,1
PHA_02150,MSapaap,167,168,10,15,4,4,ABaraapppa|Cppapa|MSaaaapa|MSapaap,ABaraapppa|Cppapa|MSaaaapa|MSapaap,1
PHA_02151,MSpaapaa,167,168,14,18,6,6,ABarapappa|ABplpaaapa|Cppaap|Cpppaap|MSaaapaa|MSpaapaa,ABarapappa|ABplpaaapa|Cppaap|Cpppaap|MSaaapaa|MSpaapaa,1
PHA_02152,MSpaapap,167,168,41,38,3,3,ABarapappp|MSaaapap|MSpaapap,ABarapappp|MSaaapap|MSpaapap,1
PHA_02153,MSppaaa,167,168,16,19,4,4,ABarappppa|ABprpaaaaa|Cappap|MSppaaa,ABarappppa|ABprpaaaaa|Cappap|MSppaaa,1
PHA_02154,MSppaap,167,168,42,9,3,3,ABalappppp|ABarappapa|MSppaap,ABalappppp|ABarappapa|MSppaap,1
PHA_02155,MSpppap,167,168,35,36,3,3,ABprpapapp|Ealap|MSpppap,ABprpapapp|Ealap|MSpppap,1
PHA_02156,Ealap,167,168,35,36,3,3,ABprpapapp|Ealap|MSpppap,ABprpapapp|Ealap|MSpppap,1
PHA_02157,Dapa,167,168,43,41,3,3,ABplaapppp|Dapa|MSaaappp,ABplaapppp|Dapa|MSaaappp,1
PHA_02158,ABalppaapa,167,168,34,35,5,5,ABalppaapa|ABalpppaaa|ABalpppaap|ABprapapap|ABprappap,ABalppaapa|ABalpppaaa|ABalpppaap|ABprapapap|ABprappap,1
PHA_02159,ABalpppaaa,167,168,34,35,5,5,ABalppaapa|ABalpppaaa|ABalpppaap|ABprapapap|ABprappap,ABalppaapa|ABalpppaaa|ABalpppaap|ABprapapap|ABprappap,1
PHA_02160,ABalpppaap,167,168,34,35,5,5,ABalppaapa|ABalpppaaa|ABalpppaap|ABprapapap|ABprappap,ABalppaapa|ABalpppaaa|ABalpppaap|ABprapapap|ABprappap,1
PHA_02161,ABarpappap,167,168,30,33,5,5,ABarpappap|ABplppapa|MSaappp|MSppapap|MSppappp,ABarpappap|ABplppapa|MSaappp|MSppapap|MSppappp,1
PHA_02162,MSaaappp,167,168,43,41,3,3,ABplaapppp|Dapa|MSaaappp,ABplaapppp|Dapa|MSaaappp,1
PHA_02163,MSppapap,167,168,30,33,5,5,ABarpappap|ABplppapa|MSaappp|MSppapap|MSppappp,ABarpappap|ABplppapa|MSaappp|MSppapap|MSppappp,1
PHA_02164,MSppappp,167,168,30,33,5,5,ABarpappap|ABplppapa|MSaappp|MSppapap|MSppappp,ABarpappap|ABplppapa|MSaappp|MSppapap|MSppappp,1
PHA_02165,Cappap,167,168,16,19,4,4,ABarappppa|ABprpaaaaa|Cappap|MSppaaa,ABarappppa|ABprpaaaaa|Cappap|MSppaaa,1
PHA_02166,Cppaap,167,168,14,18,6,6,ABarapappa|ABplpaaapa|Cppaap|Cpppaap|MSaaapaa|MSpaapaa,ABarapappa|ABplpaaapa|Cppaap|Cpppaap|MSaaapaa|MSpaapaa,1
PHA_02167,Cppapa,167,168,10,15,4,4,ABaraapppa|Cppapa|MSaaaapa|MSapaap,ABaraapppa|Cppapa|MSaaaapa|MSapaap,1
PHA_02168,Cpppaap,167,168,14,18,6,6,ABarapappa|ABplpaaapa|Cppaap|Cpppaap|MSaaapaa|MSpaapaa,ABarapappa|ABplpaaapa|Cppaap|Cpppaap|MSaaapaa|MSpaapaa,1
PHA_02169,ABalapappp,168,169,7,8,5,5,ABalapappp|ABalpppapp|ABalppppap|ABarapapap|MSpaaapa,ABalapappp|ABalpppapp|ABalppppap|ABarapapap|MSpaaapa,1
PHA_02170,ABalappapp,168,169,8,9,3,3,ABalappapp|Capppp|Eplpp,ABalappapp|Capppp|Eplpp,1
PHA_02171,ABalappppp,168,169,9,10,3,3,ABalappppp|ABarappapa|MSppaap,ABalappppp|ABarappapa|MSppaap,1
PHA_02172,ABalpaappa,168,169,11,12,3,3,ABalpaappa|ABalpaappp|ABaraaappa,ABalpaappa|ABalpaappp|ABaraaappa,1
PHA_02173,ABalpaappp,168,169,11,12,3,3,ABalpaappa|ABalpaappp|ABaraaappa,ABalpaappa|ABalpaappp|ABaraaappa,1
PHA_02174,ABalpppapp,168,169,7,8,5,5,ABalapappp|ABalpppapp|ABalppppap|ABarapapap|MSpaaapa,ABalapappp|ABalpppapp|ABalppppap|ABarapapap|MSpaaapa,1
PHA_02175,ABalppppap,168,169,7,8,5,5,ABalapappp|ABalpppapp|ABalppppap|ABarapapap|MSpaaapa,ABalapappp|ABalpppapp|ABalppppap|ABarapapap|MSpaaapa,1
PHA_02176,ABaraaappa,168,169,11,12,3,3,ABalpaappa|ABalpaappp|ABaraaappa,ABalpaappa|ABalpaappp|ABaraaappa,1
PHA_02177,ABaraapppp,168,169,16,17,4,4,ABaraapppp|ABprppaapp|Cppaaa|MSaaaapp,ABaraapppp|ABprppaapp|Cppaaa|MSaaaapp,1
PHA_02178,ABarapaapp,168,169,17,18,3,3,ABarapaapp|Cppapp|Cpppapp,ABarapaapp|Cppapp|Cpppapp,1
PHA_02179,ABarapapap,168,169,7,8,5,5,ABalapappp|ABalpppapp|ABalppppap|ABarapapap|MSpaaapa,ABalapappp|ABalpppapp|ABalppppap|ABarapapap|MSpaaapa,1
PHA_02180,ABarappapa,168,169,9,10,3,3,ABalappppp|ABarappapa|MSppaap,ABalappppp|ABarappapa|MSppaap,1
PHA_02181,ABarpaapap,168,169,25,24,7,7,ABarpaapap|ABarpapapp|ABplapaapa|ABplppaapa|ABplppapap|ABprpaappp|MSppppa,ABarpaapap|ABarpapapp|ABplapaapa|ABplppaapa|ABplppapap|ABprpaappp|MSppppa,1
PHA_02182,ABarpapapp,168,169,25,24,7,7,ABarpaapap|ABarpapapp|ABplapaapa|ABplppaapa|ABplppapap|ABprpaappp|MSppppa,ABarpaapap|ABarpapapp|ABplapaapa|ABplppaapa|ABplppapap|ABprpaappp|MSppppa,1
PHA_02183,ABplaapppp,168,169,41,45,3,3,ABplaapppp|Dapa|MSaaappp,ABplaapppp|Dapa|MSaaappp,1
PHA_02184,ABplpaaaap,168,169,31,29,4,4,ABplpaaaap|Cppppaa|MSaaaaap|MSpaaaap,ABplpaaaap|Cppppaa|MSaaaaap|MSpaaaap,1
PHA_02185,ABprpaappp,168,169,25,24,7,7,ABarpaapap|ABarpapapp|ABplapaapa|ABplppaapa|ABplppapap|ABprpaappp|MSppppa,ABarpaapap|ABarpapapp|ABplapaapa|ABplppaapa|ABplppapap|ABprpaappp|MSppppa,1
PHA_02186,ABprppapp,168,169,40,44,4,4,ABprppapp|Cppppp|Eplp|MSapaaap,ABprppapp|Cppppp|Eplp|MSapaaap,1
PHA_02187,MSaaaaap,168,169,31,29,4,4,ABplpaaaap|Cppppaa|MSaaaaap|MSpaaaap,ABplpaaaap|Cppppaa|MSaaaaap|MSpaaaap,1
PHA_02188,MSaaaapp,168,169,16,17,4,4,ABaraapppp|ABprppaapp|Cppaaa|MSaaaapp,ABaraapppp|ABprppaapp|Cppaaa|MSaaaapp,1
PHA_02189,MSpaaaap,168,169,31,29,4,4,ABplpaaaap|Cppppaa|MSaaaaap|MSpaaaap,ABplpaaaap|Cppppaa|MSaaaaap|MSpaaaap,1
PHA_02190,MSpaaapa,168,169,7,8,5,5,ABalapappp|ABalpppapp|ABalppppap|ABarapapap|MSpaaapa,ABalapappp|ABalpppapp|ABalppppap|ABarapapap|MSpaaapa,1
PHA_02191,MSppaap,168,169,9,10,3,3,ABalappppp|ABarappapa|MSppaap,ABalappppp|ABarappapa|MSppaap,1
PHA_02192,MSppppa,168,169,25,24,7,7,ABarpaapap|ABarpapapp|ABplapaapa|ABplppaapa|ABplppapap|ABprpaappp|MSppppa,ABarpaapap|ABarpapapp|ABplapaapa|ABplppaapa|ABplppapap|ABprpaappp|MSppppa,1
PHA_02193,Eplp,168,169,40,44,4,4,ABprppapp|Cppppp|Eplp|MSapaaap,ABprppapp|Cppppp|Eplp|MSapaaap,1
PHA_02194,Cppppp,168,169,40,44,4,4,ABprppapp|Cppppp|Eplp|MSapaaap,ABprppapp|Cppppp|Eplp|MSapaaap,1
PHA_02195,Dapa,168,169,41,45,3,3,ABplaapppp|Dapa|MSaaappp,ABplaapppp|Dapa|MSaaappp,1
PHA_02196,ABplapaapa,168,169,25,24,7,7,ABarpaapap|ABarpapapp|ABplapaapa|ABplppaapa|ABplppapap|ABprpaappp|MSppppa,ABarpaapap|ABarpapapp|ABplapaapa|ABplppaapa|ABplppapap|ABprpaappp|MSppppa,1
PHA_02197,ABplppaapa,168,169,25,24,7,7,ABarpaapap|ABarpapapp|ABplapaapa|ABplppaapa|ABplppapap|ABprpaappp|MSppppa,ABarpaapap|ABarpapapp|ABplapaapa|ABplppaapa|ABplppapap|ABprpaappp|MSppppa,1
PHA_02198,ABplppapap,168,169,25,24,7,7,ABarpaapap|ABarpapapp|ABplapaapa|ABplppaapa|ABplppapap|ABprpaappp|MSppppa,ABarpaapap|ABarpapapp|ABplapaapa|ABplppaapa|ABplppapap|ABprpaappp|MSppppa,1
PHA_02199,ABprppaapp,168,169,16,17,4,4,ABaraapppp|ABprppaapp|Cppaaa|MSaaaapp,ABaraapppp|ABprppaapp|Cppaaa|MSaaaapp,1
PHA_02200,MSaaappp,168,169,41,45,3,3,ABplaapppp|Dapa|MSaaappp,ABplaapppp|Dapa|MSaaappp,1
PHA_02201,MSapaaap,168,169,40,44,4,4,ABprppapp|Cppppp|Eplp|MSapaaap,ABprppapp|Cppppp|Eplp|MSapaaap,1
PHA_02202,Eplpp,168,169,8,9,3,3,ABalappapp|Capppp|Eplpp,ABalappapp|Capppp|Eplpp,1
PHA_02203,Capppp,168,169,8,9,3,3,ABalappapp|Capppp|Eplpp,ABalappapp|Capppp|Eplpp,1
PHA_02204,Cppaaa,168,169,16,17,4,4,ABaraapppp|ABprppaapp|Cppaaa|MSaaaapp,ABaraapppp|ABprppaapp|Cppaaa|MSaaaapp,1
PHA_02205,Cppapp,168,169,17,18,3,3,ABarapaapp|Cppapp|Cpppapp,ABarapaapp|Cppapp|Cpppapp,1
PHA_02206,Cpppapp,168,169,17,18,3,3,ABarapaapp|Cppapp|Cpppapp,ABarapaapp|Cppapp|Cpppapp,1
PHA_02207,Cppppaa,168,169,31,29,4,4,ABplpaaaap|Cppppaa|MSaaaaap|MSpaaaap,ABplpaaaap|Cppppaa|MSaaaaap|MSpaaaap,1
PHA_02208,ABalaaappr,169,170,1,0,3,3,ABalaaappr|ABalapaapa|ABalappaa,ABalaaappr|ABalapaapa|ABalappaa,1
PHA_02209,ABalapaapa,169,170,1,0,3,3,ABalaaappr|ABalapaapa|ABalappaa,ABalaaappr|ABalapaapa|ABalappaa,1
PHA_02210,ABalapaapp,169,170,5,4,3,3,ABalapaapp|ABalapppaa|ABarapaaap,ABalapaapp|ABalapppaa|ABarapaaap,1
PHA_02211,ABalappaa,169,170,1,0,3,3,ABalaaappr|ABalapaapa|ABalappaa,ABalaaappr|ABalapaapa|ABalappaa,1
PHA_02212,ABalapppaa,169,170,5,4,3,3,ABalapaapp|ABalapppaa|ABarapaaap,ABalapaapp|ABalapppaa|ABarapaaap,1
PHA_02213,ABarapaaap,169,170,5,4,3,3,ABalapaapp|ABalapppaa|ABarapaaap,ABalapaapp|ABalapppaa|ABarapaaap,1
PHA_02214,ABarapappp,169,170,38,37,3,3,ABarapappp|ABplpaapap|MSaaapap,ABarapappp|ABplpaapap|MSaaapap,1
PHA_02215,ABarpappaa,169,170,33,26,3,3,ABarpappaa|ABpraapapp|ABpraappaa,ABarpappaa|ABpraapapp|ABpraappaa,1
PHA_02216,ABplaapapp,169,170,26,29,3,3,ABplaapapp|ABplapaaaa|ABprpapaap,ABplaapapp|ABplapaaaa|ABprpapaap,1
PHA_02217,ABplapaaaa,169,170,26,29,3,3,ABplaapapp|ABplapaaaa|ABprpapaap,ABplaapapp|ABplapaaaa|ABprpapaap,1
PHA_02218,ABplpaapap,169,170,38,37,3,3,ABarapappp|ABplpaapap|MSaaapap,ABarapappp|ABplpaapap|MSaaapap,1
PHA_02219,ABpraapapp,169,170,33,26,3,3,ABarpappaa|ABpraapapp|ABpraappaa,ABarpappaa|ABpraapapp|ABpraappaa,1
PHA_02220,ABpraappaa,169,170,33,26,3,3,ABarpappaa|ABpraapapp|ABpraappaa,ABarpappaa|ABpraapapp|ABpraappaa,1
PHA_02221,ABprpapaap,169,170,26,29,3,3,ABplaapapp|ABplapaaaa|ABprpapaap,ABplaapapp|ABplapaaaa|ABprpapaap,1
PHA_02222,ABprpapapp,169,170,36,35,3,3,ABprpapapp|Ealap|MSpppap,ABprpapapp|Ealap|MSpppap,1
PHA_02223,MSaaapap,169,170,38,37,3,3,ABarapappp|ABplpaapap|MSaaapap,ABarapappp|ABplpaapap|MSaaapap,1
PHA_02224,MSappaa,169,170,41,39,3,3,MSappaa|MSpapaap|MSpppaap,MSappaa|MSpapaap|MSpppaap,1
PHA_02225,MSappap,169,170,42,40,3,3,MSappap|MSpapapp|MSpppaaa,MSappap|MSpapapp|MSpppaaa,1
PHA_02226,MSpapaap,169,170,41,39,3,3,MSappaa|MSpapaap|MSpppaap,MSappaa|MSpapaap|MSpppaap,1
PHA_02227,MSpapapp,169,170,42,40,3,3,MSappap|MSpapapp|MSpppaaa,MSappap|MSpapapp|MSpppaaa,1
PHA_02228,MSpppap,169,170,36,35,3,3,ABprpapapp|Ealap|MSpppap,ABprpapapp|Ealap|MSpppap,1
PHA_02229,Ealap,169,170,36,35,3,3,ABprpapapp|Ealap|MSpppap,ABprpapapp|Ealap|MSpppap,1
PHA_02230,MSpppaaa,169,170,42,40,3,3,MSappap|MSpapapp|MSpppaaa,MSappap|MSpapapp|MSpppaaa,1
PHA_02231,MSpppaap,169,170,41,39,3,3,MSappaa|MSpapaap|MSpppaap,MSappaa|MSpapaap|MSpppaap,1
PHA_02232,ABalapappp,170,171,7,6,4,4,ABalapappp|ABalppppap|ABarapapap|MSpaaapa,ABalapappp|ABalppppap|ABarapapap|MSpaaapa,1
PHA_02233,ABalppppap,170,171,7,6,4,4,ABalapappp|ABalppppap|ABarapapap|MSpaaapa,ABalapappp|ABalppppap|ABarapapap|MSpaaapa,1
PHA_02234,ABarapapap,170,171,7,6,4,4,ABalapappp|ABalppppap|ABarapapap|MSpaaapa,ABalapappp|ABalppppap|ABarapapap|MSpaaapa,1
PHA_02235,ABarapppap,170,171,42,20,3,3,ABarapppap|ABplaaapaa|MSppaaaa,ABarapppap|ABplaaapaa|MSppaaaa,1
PHA_02236,ABarpappaa,170,171,26,13,3,3,ABarpappaa|ABpraapapp|ABpraappaa,ABarpappaa|ABpraapapp|ABpraappaa,1
PHA_02237,ABplaaapaa,170,171,42,20,3,3,ABarapppap|ABplaaapaa|MSppaaaa,ABarapppap|ABplaaapaa|MSppaaaa,1
PHA_02238,ABplaapapp,170,171,29,14,3,3,ABplaapapp|ABplapaaaa|ABprpapaap,ABplaapapp|ABplapaaaa|ABprpapaap,1
PHA_02239,ABplapaaaa,170,171,29,14,3,3,ABplaapapp|ABplapaaaa|ABprpapaap,ABplaapapp|ABplapaaaa|ABprpapaap,1
PHA_02240,ABplpapppp,170,171,33,15,3,3,ABplpapppp|ABplppapp|ABplppppap,ABplpapppp|ABplppapp|ABplppppap,1
PHA_02241,ABplppapp,170,171,33,15,3,3,ABplpapppp|ABplppapp|ABplppppap,ABplpapppp|ABplppapp|ABplppppap,1
PHA_02242,ABplppppap,170,171,33,15,3,3,ABplpapppp|ABplppapp|ABplppppap,ABplpapppp|ABplppapp|ABplppppap,1
PHA_02243,ABpraapapp,170,171,26,13,3,3,ABarpappaa|ABpraapapp|ABpraappaa,ABarpappaa|ABpraapapp|ABpraappaa,1
PHA_02244,ABpraappaa,170,171,26,13,3,3,ABarpappaa|ABpraapapp|ABpraappaa,ABarpappaa|ABpraapapp|ABpraappaa,1
PHA_02245,ABprpapaap,170,171,29,14,3,3,ABplaapapp|ABplapaaaa|ABprpapaap,ABplaapapp|ABplapaaaa|ABprpapaap,1
PHA_02246,ABprpapapp,170,171,35,17,3,3,ABprpapapp|Ealap|MSpppap,ABprpapapp|Ealap|MSpppap,1
PHA_02247,MSpaaapa,170,171,7,6,4,4,ABalapappp|ABalppppap|ABarapapap|MSpaaapa,ABalapappp|ABalppppap|ABarapapap|MSpaaapa,1
PHA_02248,MSppaaaa,170,171,42,20,3,3,ABarapppap|ABplaaapaa|MSppaaaa,ABarapppap|ABplaaapaa|MSppaaaa,1
PHA_02249,MSpppap,170,171,35,17,3,3,ABprpapapp|Ealap|MSpppap,ABprpapapp|Ealap|MSpppap,1
PHA_02250,Ealap,170,171,35,17,3,3,ABprpapapp|Ealap|MSpppap,ABprpapapp|Ealap|MSpppap,1
PHA_02251,ABalapappp,171,172,6,7,4,4,ABalapappp|ABalppppap|ABarapapap|MSpaaapa,ABalapappp|ABalppppap|ABarapapap|MSpaaapa,1
PHA_02252,ABalappppp,171,172,4,5,3,3,ABalappppp|ABarappapa|MSppaap,ABalappppp|ABarappapa|MSppaap,1
PHA_02253,ABalpapppp,171,172,5,6,3,3,ABalpapppp|ABalppappp|MSaapaap,ABalpapppp|ABalppappp|MSaapaap,1
PHA_02254,ABalppappp,171,172,5,6,3,3,ABalpapppp|ABalppappp|MSaapaap,ABalpapppp|ABalppappp|MSaapaap,1
PHA_02255,ABalppppap,171,172,6,7,4,4,ABalapappp|ABalppppap|ABarapapap|MSpaaapa,ABalapappp|ABalppppap|ABarapapap|MSpaaapa,1
PHA_02256,ABalpppppp,171,172,21,22,3,3,ABalpppppp|ABprpappaa|Ealaa,ABalpppppp|ABprpappaa|Ealaa,1
PHA_02257,ABarapapap,171,172,6,7,4,4,ABalapappp|ABalppppap|ABarapapap|MSpaaapa,ABalapappp|ABalppppap|ABarapapap|MSpaaapa,1
PHA_02258,ABarapappa,171,172,18,8,4,4,ABarapappa|ABplpaapaa|MSaaapaa|MSpaapaa,ABarapappa|ABplpaapaa|MSaaapaa|MSpaapaa,1
PHA_02259,ABarappapa,171,172,4,5,3,3,ABalappppp|ABarappapa|MSppaap,ABalappppp|ABarappapa|MSppaap,1
PHA_02260,ABarpapapp,171,172,12,9,3,3,ABarpapapp|ABprpaappp|MSppppa,ABarpapapp|ABprpaappp|MSppppa,1
PHA_02261,ABarpappaa,171,172,13,10,3,3,ABarpappaa|ABpraapapp|ABpraappaa,ABarpappaa|ABpraapapp|ABpraappaa,1
PHA_02262,ABplpaapaa,171,172,18,8,4,4,ABarapappa|ABplpaapaa|MSaaapaa|MSpaapaa,ABarapappa|ABplpaapaa|MSaaapaa|MSpaapaa,1
PHA_02263,ABplpaappa,171,172,19,18,3,3,ABplpaappa|MSappaa|MSpapaap,ABplpaappa|MSappaa|MSpapaap,1
PHA_02264,ABplpapppp,171,172,15,11,3,3,ABplpapppp|ABplppapp|ABplppppap,ABplpapppp|ABplppapp|ABplppppap,1
PHA_02265,ABplppapp,171,172,15,11,3,3,ABplpapppp|ABplppapp|ABplppppap,ABplpapppp|ABplppapp|ABplppppap,1
PHA_02266,ABplppppap,171,172,15,11,3,3,ABplpapppp|ABplppapp|ABplppppap,ABplpapppp|ABplppapp|ABplppppap,1
PHA_02267,ABpraapapp,171,172,13,10,3,3,ABarpappaa|ABpraapapp|ABpraappaa,ABarpappaa|ABpraapapp|ABpraappaa,1
PHA_02268,ABpraappaa,171,172,13,10,3,3,ABarpappaa|ABpraapapp|ABpraappaa,ABarpappaa|ABpraapapp|ABpraappaa,1
PHA_02269,ABprpaappp,171,172,12,9,3,3,ABarpapapp|ABprpaappp|MSppppa,ABarpapapp|ABprpaappp|MSppppa,1
PHA_02270,ABprpapapp,171,172,17,21,3,3,ABprpapapp|Ealap|MSpppap,ABprpapapp|Ealap|MSpppap,1
PHA_02271,ABprpappaa,171,172,21,22,3,3,ABalpppppp|ABprpappaa|Ealaa,ABalpppppp|ABprpappaa|Ealaa,1
PHA_02272,MSaaapaa,171,172,18,8,4,4,ABarapappa|ABplpaapaa|MSaaapaa|MSpaapaa,ABarapappa|ABplpaapaa|MSaaapaa|MSpaapaa,1
PHA_02273,MSaapaap,171,172,5,6,3,3,ABalpapppp|ABalppappp|MSaapaap,ABalpapppp|ABalppappp|MSaapaap,1
PHA_02274,MSappaa,171,172,19,18,3,3,ABplpaappa|MSappaa|MSpapaap,ABplpaappa|MSappaa|MSpapaap,1
PHA_02275,MSpaaapa,171,172,6,7,4,4,ABalapappp|ABalppppap|ABarapapap|MSpaaapa,ABalapappp|ABalppppap|ABarapapap|MSpaaapa,1
PHA_02276,MSpaapaa,171,172,18,8,4,4,ABarapappa|ABplpaapaa|MSaaapaa|MSpaapaa,ABarapappa|ABplpaapaa|MSaaapaa|MSpaapaa,1
PHA_02277,MSpapaap,171,172,19,18,3,3,ABplpaappa|MSappaa|MSpapaap,ABplpaappa|MSappaa|MSpapaap,1
PHA_02278,MSppaap,171,172,4,5,3,3,ABalappppp|ABarappapa|MSppaap,ABalappppp|ABarappapa|MSppaap,1
PHA_02279,MSpppap,171,172,17,21,3,3,ABprpapapp|Ealap|MSpppap,ABprpapapp|Ealap|MSpppap,1
PHA_02280,MSppppa,171,172,12,9,3,3,ABarpapapp|ABprpaappp|MSppppa,ABarpapapp|ABprpaappp|MSppppa,1
PHA_02281,Ealaa,171,172,21,22,3,3,ABalpppppp|ABprpappaa|Ealaa,ABalpppppp|ABprpappaa|Ealaa,1
PHA_02282,Ealap,171,172,17,21,3,3,ABprpapapp|Ealap|MSpppap,ABprpapapp|Ealap|MSpppap,1
PHA_02283,ABalaapapp,172,173,1,0,3,3,ABalaapapp|ABaraaaapp|ABaraapaap,ABalaapapp|ABaraaaapp|ABaraapaap,1
PHA_02284,ABalapappa,172,173,4,2,4,4,ABalapappa|ABalpppaap|ABalpppapa|ABarapapaa,ABalapappa|ABalpppaap|ABalpppapa|ABarapapaa,1
PHA_02285,ABalappppp,172,173,5,18,3,3,ABalappppp|ABarappapa|MSppaap,ABalappppp|ABarappapa|MSppaap,1
PHA_02286,ABalpapppp,172,173,6,5,3,3,ABalpapppp|ABalppappp|MSaapaap,ABalpapppp|ABalppappp|MSaapaap,1
PHA_02287,ABalppappp,172,173,6,5,3,3,ABalpapppp|ABalppappp|MSaapaap,ABalpapppp|ABalppappp|MSaapaap,1
PHA_02288,ABalpppaap,172,173,4,2,4,4,ABalapappa|ABalpppaap|ABalpppapa|ABarapapaa,ABalapappa|ABalpppaap|ABalpppapa|ABarapapaa,1
PHA_02289,ABalpppapa,172,173,4,2,4,4,ABalapappa|ABalpppaap|ABalpppapa|ABarapapaa,ABalapappa|ABalpppaap|ABalpppapa|ABarapapaa,1
PHA_02290,ABaraaaapp,172,173,1,0,3,3,ABalaapapp|ABaraaaapp|ABaraapaap,ABalaapapp|ABaraaaapp|ABaraapaap,1
PHA_02291,ABaraapaap,172,173,1,0,3,3,ABalaapapp|ABaraaaapp|ABaraapaap,ABalaapapp|ABaraaaapp|ABaraapaap,1
PHA_02292,ABarapapaa,172,173,4,2,4,4,ABalapappa|ABalpppaap|ABalpppapa|ABarapapaa,ABalapappa|ABalpppaap|ABalpppapa|ABarapapaa,1
PHA_02293,ABarapappa,172,173,8,17,4,4,ABarapappa|ABplpaapaa|MSaaapaa|MSpaapaa,ABarapappa|ABplpaapaa|MSaaapaa|MSpaapaa,1
PHA_02294,ABarappapa,172,173,5,18,3,3,ABalappppp|ABarappapa|MSppaap,ABalappppp|ABarappapa|MSppaap,1
PHA_02295,ABarpapapp,172,173,9,8,3,3,ABarpapapp|ABprpaappp|MSppppa,ABarpapapp|ABprpaappp|MSppppa,1
PHA_02296,ABarpappaa,172,173,10,12,3,3,ABarpappaa|ABpraapapp|ABpraappaa,ABarpappaa|ABpraapapp|ABpraappaa,1
PHA_02297,ABplpaapaa,172,173,8,17,4,4,ABarapappa|ABplpaapaa|MSaaapaa|MSpaapaa,ABarapappa|ABplpaapaa|MSaaapaa|MSpaapaa,1
PHA_02298,ABplpapppa,172,173,12,10,3,3,ABplpapppa|ABplpppaaa|ABplppppaa,ABplpapppa|ABplpppaaa|ABplppppaa,1
PHA_02299,ABplpppaaa,172,173,12,10,3,3,ABplpapppa|ABplpppaaa|ABplppppaa,ABplpapppa|ABplpppaaa|ABplppppaa,1
PHA_02300,ABplppppaa,172,173,12,10,3,3,ABplpapppa|ABplpppaaa|ABplppppaa,ABplpapppa|ABplpppaaa|ABplppppaa,1
PHA_02301,ABpraapapp,172,173,10,12,3,3,ABarpappaa|ABpraapapp|ABpraappaa,ABarpappaa|ABpraapapp|ABpraappaa,1
PHA_02302,ABpraappaa,172,173,10,12,3,3,ABarpappaa|ABpraapapp|ABpraappaa,ABarpappaa|ABpraapapp|ABpraappaa,1
PHA_02303,ABprpaappp,172,173,9,8,3,3,ABarpapapp|ABprpaappp|MSppppa,ABarpapapp|ABprpaappp|MSppppa,1
PHA_02304,MSaaapaa,172,173,8,17,4,4,ABarapappa|ABplpaapaa|MSaaapaa|MSpaapaa,ABarapappa|ABplpaapaa|MSaaapaa|MSpaapaa,1
PHA_02305,MSaapaap,172,173,6,5,3,3,ABalpapppp|ABalppappp|MSaapaap,ABalpapppp|ABalppappp|MSaapaap,1
PHA_02306,MSpaapaa,172,173,8,17,4,4,ABarapappa|ABplpaapaa|MSaaapaa|MSpaapaa,ABarapappa|ABplpaapaa|MSaaapaa|MSpaapaa,1
PHA_02307,MSppaap,172,173,5,18,3,3,ABalappppp|ABarappapa|MSppaap,ABalappppp|ABarappapa|MSppaap,1
PHA_02308,MSppppa,172,173,9,8,3,3,ABarpapapp|ABprpaappp|MSppppa,ABarpapapp|ABprpaappp|MSppppa,1
PHA_02309,ABalaapapp,173,174,0,8,3,3,ABalaapapp|ABaraaaapp|ABaraapaap,ABalaapapp|ABaraaaapp|ABaraapaap,1
PHA_02310,ABalapaapp,173,174,1,2,4,4,ABalapaapp|ABalappaap|ABalapppaa|ABplaaaapa,ABalapaapp|ABalappaap|ABalapppaa|ABplaaaapa,1
PHA_02311,ABalapapaa,173,174,4,3,3,3,ABalapapaa|ABalapppap|ABalappppa,ABalapapaa|ABalapppap|ABalappppa,1
PHA_02312,ABalappaap,173,174,1,2,4,4,ABalapaapp|ABalappaap|ABalapppaa|ABplaaaapa,ABalapaapp|ABalappaap|ABalapppaa|ABplaaaapa,1
PHA_02313,ABalapppaa,173,174,1,2,4,4,ABalapaapp|ABalappaap|ABalapppaa|ABplaaaapa,ABalapaapp|ABalappaap|ABalapppaa|ABplaaaapa,1
PHA_02314,ABalapppap,173,174,4,3,3,3,ABalapapaa|ABalapppap|ABalappppa,ABalapapaa|ABalapppap|ABalappppa,1
PHA_02315,ABalappppa,173,174,4,3,3,3,ABalapapaa|ABalapppap|ABalappppa,ABalapapaa|ABalapppap|ABalappppa,1
PHA_02316,ABalpapppp,173,174,5,6,3,3,ABalpapppp|ABalppappp|MSaapaap,ABalpapppp|ABalppappp|MSaapaap,1
PHA_02317,ABalppappp,173,174,5,6,3,3,ABalpapppp|ABalppappp|MSaapaap,ABalpapppp|ABalppappp|MSaapaap,1
PHA_02318,ABaraaaapp,173,174,0,8,3,3,ABalaapapp|ABaraaaapp|ABaraapaap,ABalaapapp|ABaraaaapp|ABaraapaap,1
PHA_02319,ABaraapaap,173,174,0,8,3,3,ABalaapapp|ABaraaaapp|ABaraapaap,ABalaapapp|ABaraaaapp|ABaraapaap,1
PHA_02320,ABarapppap,173,174,6,11,4,4,ABarapppap|ABplaaaaap|ABplaaapaa|MSppaaaa,ABarapppap|ABplaaaaap|ABplaaapaa|MSppaaaa,1
PHA_02321,ABarpaaaaa,173,174,7,12,3,3,ABarpaaaaa|ABarpaaapa|ABprpaaaap,ABarpaaaaa|ABarpaaapa|ABprpaaaap,1
PHA_02322,ABarpaaapa,173,174,7,12,3,3,ABarpaaaaa|ABarpaaapa|ABprpaaaap,ABarpaaaaa|ABarpaaapa|ABprpaaaap,1
PHA_02323,ABarpapapp,173,174,8,14,3,3,ABarpapapp|ABprpaappp|MSppppa,ABarpapapp|ABprpaappp|MSppppa,1
PHA_02324,ABarpappaa,173,174,12,15,3,3,ABarpappaa|ABpraapapp|ABpraappaa,ABarpappaa|ABpraapapp|ABpraappaa,1
PHA_02325,ABplaaaaap,173,174,6,11,4,4,ABarapppap|ABplaaaaap|ABplaaapaa|MSppaaaa,ABarapppap|ABplaaaaap|ABplaaapaa|MSppaaaa,1
PHA_02326,ABplaaaapa,173,174,1,2,4,4,ABalapaapp|ABalappaap|ABalapppaa|ABplaaaapa,ABalapaapp|ABalappaap|ABalapppaa|ABplaaaapa,1
PHA_02327,ABplaaapaa,173,174,6,11,4,4,ABarapppap|ABplaaaaap|ABplaaapaa|MSppaaaa,ABarapppap|ABplaaaaap|ABplaaapaa|MSppaaaa,1
PHA_02328,ABplapppap,173,174,9,18,3,3,ABplapppap|ABplpppapp|ABplpppppp,ABplapppap|ABplpppapp|ABplpppppp,1
PHA_02329,ABplpapppa,173,174,10,19,3,3,ABplpapppa|ABplpppaaa|ABplppppaa,ABplpapppa|ABplpppaaa|ABplppppaa,1
PHA_02330,ABplpppaaa,173,174,10,19,3,3,ABplpapppa|ABplpppaaa|ABplppppaa,ABplpapppa|ABplpppaaa|ABplppppaa,1
PHA_02331,ABplpppapp,173,174,9,18,3,3,ABplapppap|ABplpppapp|ABplpppppp,ABplapppap|ABplpppapp|ABplpppppp,1
PHA_02332,ABplppppaa,173,174,10,19,3,3,ABplpapppa|ABplpppaaa|ABplppppaa,ABplpapppa|ABplpppaaa|ABplppppaa,1
PHA_02333,ABplpppppp,173,174,9,18,3,3,ABplapppap|ABplpppapp|ABplpppppp,ABplapppap|ABplpppapp|ABplpppppp,1
PHA_02334,ABpraapapp,173,174,12,15,3,3,ABarpappaa|ABpraapapp|ABpraappaa,ABarpappaa|ABpraapapp|ABpraappaa,1
PHA_02335,ABpraappaa,173,174,12,15,3,3,ABarpappaa|ABpraapapp|ABpraappaa,ABarpappaa|ABpraapapp|ABpraappaa,1
PHA_02336,ABprpaaaap,173,174,7,12,3,3,ABarpaaaaa|ABarpaaapa|ABprpaaaap,ABarpaaaaa|ABarpaaapa|ABprpaaaap,1
PHA_02337,ABprpaappp,173,174,8,14,3,3,ABarpapapp|ABprpaappp|MSppppa,ABarpapapp|ABprpaappp|MSppppa,1
PHA_02338,MSaapaap,173,174,5,6,3,3,ABalpapppp|ABalppappp|MSaapaap,ABalpapppp|ABalppappp|MSaapaap,1
PHA_02339,MSppaaaa,173,174,6,11,4,4,ABarapppap|ABplaaaaap|ABplaaapaa|MSppaaaa,ABarapppap|ABplaaaaap|ABplaaapaa|MSppaaaa,1
PHA_02340,MSppppa,173,174,8,14,3,3,ABarpapapp|ABprpaappp|MSppppa,ABarpapapp|ABprpaappp|MSppppa,1
PHA_02341,ABalapaaaa,174,175,10,7,3,3,ABalapaaaa|ABalapaaap|ABarapppaa,ABalapaaaa|ABalapaaap|ABarapppaa,1
PHA_02342,ABalapaaap,174,175,10,7,3,3,ABalapaaaa|ABalapaaap|ABarapppaa,ABalapaaaa|ABalapaaap|ABarapppaa,1
PHA_02343,ABalapaapp,174,175,2,3,4,4,ABalapaapp|ABalappaap|ABalapppaa|ABplaaaapa,ABalapaapp|ABalappaap|ABalapppaa|ABplaaaapa,1
PHA_02344,ABalappaap,174,175,2,3,4,4,ABalapaapp|ABalappaap|ABalapppaa|ABplaaaapa,ABalapaapp|ABalappaap|ABalapppaa|ABplaaaapa,1
PHA_02345,ABalapppaa,174,175,2,3,4,4,ABalapaapp|ABalappaap|ABalapppaa|ABplaaaapa,ABalapaapp|ABalappaap|ABalapppaa|ABplaaaapa,1
PHA_02346,ABalappppp,174,175,16,13,4,4,ABalappppp|ABarappapa|ABplaapaap|MSppaap,ABalappppp|ABarappapa|ABplaapaap|MSppaap,1
PHA_02347,ABalpapppp,174,175,6,5,3,3,ABalpapppp|ABalppappp|MSaapaap,ABalpapppp|ABalppappp|MSaapaap,1
PHA_02348,ABalppappp,174,175,6,5,3,3,ABalpapppp|ABalppappp|MSaapaap,ABalpapppp|ABalppappp|MSaapaap,1
PHA_02349,ABalpppapp,174,175,7,18,4,4,ABalpppapp|ABalppppap|ABarapapap|MSpaaapa,ABalpppapp|ABalppppap|ABarapapap|MSpaaapa,1
PHA_02350,ABalppppap,174,175,7,18,4,4,ABalpppapp|ABalppppap|ABarapapap|MSpaaapa,ABalpppapp|ABalppppap|ABarapapap|MSpaaapa,1
PHA_02351,ABarapapap,174,175,7,18,4,4,ABalpppapp|ABalppppap|ABarapapap|MSpaaapa,ABalpppapp|ABalppppap|ABarapapap|MSpaaapa,1
PHA_02352,ABarapappa,174,175,23,19,3,3,ABarapappa|MSaaapaa|MSpaapaa,ABarapappa|MSaaapaa|MSpaapaa,1
PHA_02353,ABarappapa,174,175,16,13,4,4,ABalappppp|ABarappapa|ABplaapaap|MSppaap,ABalappppp|ABarappapa|ABplaapaap|MSppaap,1
PHA_02354,ABarapppaa,174,175,10,7,3,3,ABalapaaaa|ABalapaaap|ABarapppaa,ABalapaaaa|ABalapaaap|ABarapppaa,1
PHA_02355,ABarpaaaaa,174,175,12,9,3,3,ABarpaaaaa|ABarpaaapa|ABprpaaaap,ABarpaaaaa|ABarpaaapa|ABprpaaaap,1
PHA_02356,ABarpaaapa,174,175,12,9,3,3,ABarpaaaaa|ABarpaaapa|ABprpaaaap,ABarpaaaaa|ABarpaaapa|ABprpaaaap,1
PHA_02357,ABarpapapp,174,175,14,12,3,3,ABarpapapp|ABprpaappp|MSppppa,ABarpapapp|ABprpaappp|MSppppa,1
PHA_02358,ABplaaaapa,174,175,2,3,4,4,ABalapaapp|ABalappaap|ABalapppaa|ABplaaaapa,ABalapaapp|ABalappaap|ABalapppaa|ABplaaaapa,1
PHA_02359,ABplaapaap,174,175,16,13,4,4,ABalappppp|ABarappapa|ABplaapaap|MSppaap,ABalappppp|ABarappapa|ABplaapaap|MSppaap,1
PHA_02360,ABplpaaapa,174,175,21,17,3,3,ABplpaaapa|MSaaaapa|MSapaap,ABplpaaapa|MSaaaapa|MSapaap,1
PHA_02361,ABplpapppa,174,175,19,14,3,3,ABplpapppa|ABplpppaaa|ABplppppaa,ABplpapppa|ABplpppaaa|ABplppppaa,1
PHA_02362,ABplpppaaa,174,175,19,14,3,3,ABplpapppa|ABplpppaaa|ABplppppaa,ABplpapppa|ABplpppaaa|ABplppppaa,1
PHA_02363,ABplppppaa,174,175,19,14,3,3,ABplpapppa|ABplpppaaa|ABplppppaa,ABplpapppa|ABplpppaaa|ABplppppaa,1
PHA_02364,ABpraaappa,174,175,20,15,3,3,ABpraaappa|ABprpaaapa|ABprpaapaa,ABpraaappa|ABprpaaapa|ABprpaapaa,1
PHA_02365,ABprpaaaap,174,175,12,9,3,3,ABarpaaaaa|ABarpaaapa|ABprpaaaap,ABarpaaaaa|ABarpaaapa|ABprpaaaap,1
PHA_02366,ABprpaaapa,174,175,20,15,3,3,ABpraaappa|ABprpaaapa|ABprpaapaa,ABpraaappa|ABprpaaapa|ABprpaapaa,1
PHA_02367,ABprpaapaa,174,175,20,15,3,3,ABpraaappa|ABprpaaapa|ABprpaapaa,ABpraaappa|ABprpaaapa|ABprpaapaa,1
PHA_02368,ABprpaappp,174,175,14,12,3,3,ABarpapapp|ABprpaappp|MSppppa,ABarpapapp|ABprpaappp|MSppppa,1
PHA_02369,MSaaaapa,174,175,21,17,3,3,ABplpaaapa|MSaaaapa|MSapaap,ABplpaaapa|MSaaaapa|MSapaap,1
PHA_02370,MSaaapaa,174,175,23,19,3,3,ABarapappa|MSaaapaa|MSpaapaa,ABarapappa|MSaaapaa|MSpaapaa,1
PHA_02371,MSaapaap,174,175,6,5,3,3,ABalpapppp|ABalppappp|MSaapaap,ABalpapppp|ABalppappp|MSaapaap,1
PHA_02372,MSapaap,174,175,21,17,3,3,ABplpaaapa|MSaaaapa|MSapaap,ABplpaaapa|MSaaaapa|MSapaap,1
PHA_02373,MSpaaapa,174,175,7,18,4,4,ABalpppapp|ABalppppap|ABarapapap|MSpaaapa,ABalpppapp|ABalppppap|ABarapapap|MSpaaapa,1
PHA_02374,MSpaapaa,174,175,23,19,3,3,ABarapappa|MSaaapaa|MSpaapaa,ABarapappa|MSaaapaa|MSpaapaa,1
PHA_02375,MSppaap,174,175,16,13,4,4,ABalappppp|ABarappapa|ABplaapaap|MSppaap,ABalappppp|ABarappapa|ABplaapaap|MSppaap,1
PHA_02376,MSppppa,174,175,14,12,3,3,ABarpapapp|ABprpaappp|MSppppa,ABarpapapp|ABprpaappp|MSppppa,1
PHA_02377,ABalapaaaa,175,176,7,10,3,3,ABalapaaaa|ABalapaaap|ABarapppaa,ABalapaaaa|ABalapaaap|ABarapppaa,1
PHA_02378,ABalapaaap,175,176,7,10,3,3,ABalapaaaa|ABalapaaap|ABarapppaa,ABalapaaaa|ABalapaaap|ABarapppaa,1
PHA_02379,ABalapaapp,175,176,3,5,4,4,ABalapaapp|ABalappaap|ABalapppaa|ABplaaaapa,ABalapaapp|ABalappaap|ABalapppaa|ABplaaaapa,1
PHA_02380,ABalappaap,175,176,3,5,4,4,ABalapaapp|ABalappaap|ABalapppaa|ABplaaaapa,ABalapaapp|ABalappaap|ABalapppaa|ABplaaaapa,1
PHA_02381,ABalapppaa,175,176,3,5,4,4,ABalapaapp|ABalappaap|ABalapppaa|ABplaaaapa,ABalapaapp|ABalappaap|ABalapppaa|ABplaaaapa,1
PHA_02382,ABalappppp,175,176,13,14,4,4,ABalappppp|ABarappapa|ABplaapaap|MSppaap,ABalappppp|ABarappapa|ABplaapaap|MSppaap,1
PHA_02383,ABalpapppp,175,176,5,7,3,3,ABalpapppp|ABalppappp|MSaapaap,ABalpapppp|ABalppappp|MSaapaap,1
PHA_02384,ABalppappp,175,176,5,7,3,3,ABalpapppp|ABalppappp|MSaapaap,ABalpapppp|ABalppappp|MSaapaap,1
PHA_02385,ABarappapa,175,176,13,14,4,4,ABalappppp|ABarappapa|ABplaapaap|MSppaap,ABalappppp|ABarappapa|ABplaapaap|MSppaap,1
PHA_02386,ABarapppaa,175,176,7,10,3,3,ABalapaaaa|ABalapaaap|ABarapppaa,ABalapaaaa|ABalapaaap|ABarapppaa,1
PHA_02387,ABarpaaapp,175,176,10,12,3,3,ABarpaaapp|ABpraaapap|ABpraapaaa,ABarpaaapp|ABpraaapap|ABpraapaaa,1
PHA_02388,ABarpaapaa,175,176,11,13,7,7,ABarpaapaa|ABarpapapa|ABarpappaa|ABpraaappp|ABpraapapp|ABpraappaa|ABprpaappa,ABarpaapaa|ABarpapapa|ABarpappaa|ABpraaappp|ABpraapapp|ABpraappaa|ABprpaappa,1
PHA_02389,ABarpapapa,175,176,11,13,7,7,ABarpaapaa|ABarpapapa|ABarpappaa|ABpraaappp|ABpraapapp|ABpraappaa|ABprpaappa,ABarpaapaa|ABarpapapa|ABarpappaa|ABpraaappp|ABpraapapp|ABpraappaa|ABprpaappa,1
PHA_02390,ABarpappaa,175,176,11,13,7,7,ABarpaapaa|ABarpapapa|ABarpappaa|ABpraaappp|ABpraapapp|ABpraappaa|ABprpaappa,ABarpaapaa|ABarpapapa|ABarpappaa|ABpraaappp|ABpraapapp|ABpraappaa|ABprpaappa,1
PHA_02391,ABplaaaapa,175,176,3,5,4,4,ABalapaapp|ABalappaap|ABalapppaa|ABplaaaapa,ABalapaapp|ABalappaap|ABalapppaa|ABplaaaapa,1
PHA_02392,ABplaapaap,175,176,13,14,4,4,ABalappppp|ABarappapa|ABplaapaap|MSppaap,ABalappppp|ABarappapa|ABplaapaap|MSppaap,1
PHA_02393,ABplpaaapa,175,176,17,16,3,3,ABplpaaapa|MSaaaapa|MSapaap,ABplpaaapa|MSaaaapa|MSapaap,1
PHA_02394,ABplpapppa,175,176,14,17,3,3,ABplpapppa|ABplpppaaa|ABplppppaa,ABplpapppa|ABplpppaaa|ABplppppaa,1
PHA_02395,ABplpppaaa,175,176,14,17,3,3,ABplpapppa|ABplpppaaa|ABplppppaa,ABplpapppa|ABplpppaaa|ABplppppaa,1
PHA_02396,ABplppppaa,175,176,14,17,3,3,ABplpapppa|ABplpppaaa|ABplppppaa,ABplpapppa|ABplpppaaa|ABplppppaa,1
PHA_02397,ABpraaapap,175,176,10,12,3,3,ABarpaaapp|ABpraaapap|ABpraapaaa,ABarpaaapp|ABpraaapap|ABpraapaaa,1
PHA_02398,ABpraaappa,175,176,15,18,3,3,ABpraaappa|ABprpaaapa|ABprpaapaa,ABpraaappa|ABprpaaapa|ABprpaapaa,1
PHA_02399,ABpraaappp,175,176,11,13,7,7,ABarpaapaa|ABarpapapa|ABarpappaa|ABpraaappp|ABpraapapp|ABpraappaa|ABprpaappa,ABarpaapaa|ABarpapapa|ABarpappaa|ABpraaappp|ABpraapapp|ABpraappaa|ABprpaappa,1
PHA_02400,ABpraapaaa,175,176,10,12,3,3,ABarpaaapp|ABpraaapap|ABpraapaaa,ABarpaaapp|ABpraaapap|ABpraapaaa,1
PHA_02401,ABpraapapp,175,176,11,13,7,7,ABarpaapaa|ABarpapapa|ABarpappaa|ABpraaappp|ABpraapapp|ABpraappaa|ABprpaappa,ABarpaapaa|ABarpapapa|ABarpappaa|ABpraaappp|ABpraapapp|ABpraappaa|ABprpaappa,1
PHA_02402,ABpraappaa,175,176,11,13,7,7,ABarpaapaa|ABarpapapa|ABarpappaa|ABpraaappp|ABpraapapp|ABpraappaa|ABprpaappa,ABarpaapaa|ABarpapapa|ABarpappaa|ABpraaappp|ABpraapapp|ABpraappaa|ABprpaappa,1
PHA_02403,ABprpaaapa,175,176,15,18,3,3,ABpraaappa|ABprpaaapa|ABprpaapaa,ABpraaappa|ABprpaaapa|ABprpaapaa,1
PHA_02404,ABprpaapaa,175,176,15,18,3,3,ABpraaappa|ABprpaaapa|ABprpaapaa,ABpraaappa|ABprpaaapa|ABprpaapaa,1
PHA_02405,ABprpaappa,175,176,11,13,7,7,ABarpaapaa|ABarpapapa|ABarpappaa|ABpraaappp|ABpraapapp|ABpraappaa|ABprpaappa,ABarpaapaa|ABarpapapa|ABarpappaa|ABpraaappp|ABpraapapp|ABpraappaa|ABprpaappa,1
PHA_02406,MSaaaapa,175,176,17,16,3,3,ABplpaaapa|MSaaaapa|MSapaap,ABplpaaapa|MSaaaapa|MSapaap,1
PHA_02407,MSaapaap,175,176,5,7,3,3,ABalpapppp|ABalppappp|MSaapaap,ABalpapppp|ABalppappp|MSaapaap,1
PHA_02408,MSapaap,175,176,17,16,3,3,ABplpaaapa|MSaaaapa|MSapaap,ABplpaaapa|MSaaaapa|MSapaap,1
PHA_02409,MSppaap,175,176,13,14,4,4,ABalappppp|ABarappapa|ABplaapaap|MSppaap,ABalappppp|ABarappapa|ABplaapaap|MSppaap,1
PHA_02410,ABalapapaa,176,177,6,4,5,5,ABalapapaa|ABalapapap|ABalapppap|ABalappppa|ABplaaapap,ABalapapaa|ABalapapap|ABalapppap|ABalappppa|ABplaaapap,1
PHA_02411,ABalapapap,176,177,6,4,5,5,ABalapapaa|ABalapapap|ABalapppap|ABalappppa|ABplaaapap,ABalapapaa|ABalapapap|ABalapppap|ABalappppa|ABplaaapap,1
PHA_02412,ABalapappp,176,177,4,7,5,5,ABalapappp|ABalpppapp|ABalppppap|ABarapapap|MSpaaapa,ABalapappp|ABalpppapp|ABalppppap|ABarapapap|MSpaaapa,1
PHA_02413,ABalapppap,176,177,6,4,5,5,ABalapapaa|ABalapapap|ABalapppap|ABalappppa|ABplaaapap,ABalapapaa|ABalapapap|ABalapppap|ABalappppa|ABplaaapap,1
PHA_02414,ABalappppa,176,177,6,4,5,5,ABalapapaa|ABalapapap|ABalapppap|ABalappppa|ABplaaapap,ABalapapaa|ABalapapap|ABalapppap|ABalappppa|ABplaaapap,1
PHA_02415,ABalpapppp,176,177,7,6,3,3,ABalpapppp|ABalppappp|MSaapaap,ABalpapppp|ABalppappp|MSaapaap,1
PHA_02416,ABalppappp,176,177,7,6,3,3,ABalpapppp|ABalppappp|MSaapaap,ABalpapppp|ABalppappp|MSaapaap,1
PHA_02417,ABalpppapp,176,177,4,7,5,5,ABalapappp|ABalpppapp|ABalppppap|ABarapapap|MSpaaapa,ABalapappp|ABalpppapp|ABalppppap|ABarapapap|MSpaaapa,1
PHA_02418,ABalppppap,176,177,4,7,5,5,ABalapappp|ABalpppapp|ABalppppap|ABarapapap|MSpaaapa,ABalapappp|ABalpppapp|ABalppppap|ABarapapap|MSpaaapa,1
PHA_02419,ABarapapap,176,177,4,7,5,5,ABalapappp|ABalpppapp|ABalppppap|ABarapapap|MSpaaapa,ABalapappp|ABalpppapp|ABalppppap|ABarapapap|MSpaaapa,1
PHA_02420,ABarapppap,176,177,11,10,4,4,ABarapppap|ABplaaaaap|ABplaaapaa|MSppaaaa,ABarapppap|ABplaaaaap|ABplaaapaa|MSppaaaa,1
PHA_02421,ABarpaaapp,176,177,12,11,3,3,ABarpaaapp|ABpraaapap|ABpraapaaa,ABarpaaapp|ABpraaapap|ABpraapaaa,1
PHA_02422,ABplaaaaap,176,177,11,10,4,4,ABarapppap|ABplaaaaap|ABplaaapaa|MSppaaaa,ABarapppap|ABplaaaaap|ABplaaapaa|MSppaaaa,1
PHA_02423,ABplaaapaa,176,177,11,10,4,4,ABarapppap|ABplaaaaap|ABplaaapaa|MSppaaaa,ABarapppap|ABplaaaaap|ABplaaapaa|MSppaaaa,1
PHA_02424,ABplaaapap,176,177,6,4,5,5,ABalapapaa|ABalapapap|ABalapppap|ABalappppa|ABplaaapap,ABalapapaa|ABalapapap|ABalapppap|ABalappppa|ABplaaapap,1
PHA_02425,ABplapapaa,176,177,15,13,3,3,ABplapapaa|Cappap|Capppa,ABplapapaa|Cappap|Capppa,1
PHA_02426,ABplapappp,176,177,21,22,3,3,ABplapappp|Caappv|Cpappv,ABplapappp|Caappv|Cpappv,1
PHA_02427,ABplpaaapa,176,177,16,18,3,3,ABplpaaapa|MSaaaapa|MSapaap,ABplpaaapa|MSaaaapa|MSapaap,1
PHA_02428,ABplpapppa,176,177,17,14,3,3,ABplpapppa|ABplpppaaa|ABplppppaa,ABplpapppa|ABplpppaaa|ABplppppaa,1
PHA_02429,ABplpppaaa,176,177,17,14,3,3,ABplpapppa|ABplpppaaa|ABplppppaa,ABplpapppa|ABplpppaaa|ABplppppaa,1
PHA_02430,ABplppppaa,176,177,17,14,3,3,ABplpapppa|ABplpppaaa|ABplppppaa,ABplpapppa|ABplpppaaa|ABplppppaa,1
PHA_02431,ABpraaapap,176,177,12,11,3,3,ABarpaaapp|ABpraaapap|ABpraapaaa,ABarpaaapp|ABpraaapap|ABpraapaaa,1
PHA_02432,ABpraaappa,176,177,18,17,3,3,ABpraaappa|ABprpaaapa|ABprpaapaa,ABpraaappa|ABprpaaapa|ABprpaapaa,1
PHA_02433,ABpraapaaa,176,177,12,11,3,3,ABarpaaapp|ABpraaapap|ABpraapaaa,ABarpaaapp|ABpraaapap|ABpraapaaa,1
PHA_02434,ABprpaaapa,176,177,18,17,3,3,ABpraaappa|ABprpaaapa|ABprpaapaa,ABpraaappa|ABprpaaapa|ABprpaapaa,1
PHA_02435,ABprpaapaa,176,177,18,17,3,3,ABpraaappa|ABprpaaapa|ABprpaapaa,ABpraaappa|ABprpaaapa|ABprpaapaa,1
PHA_02436,MSaaaapa,176,177,16,18,3,3,ABplpaaapa|MSaaaapa|MSapaap,ABplpaaapa|MSaaaapa|MSapaap,1
PHA_02437,MSaapaap,176,177,7,6,3,3,ABalpapppp|ABalppappp|MSaapaap,ABalpapppp|ABalppappp|MSaapaap,1
PHA_02438,MSapaap,176,177,16,18,3,3,ABplpaaapa|MSaaaapa|MSapaap,ABplpaaapa|MSaaaapa|MSapaap,1
PHA_02439,MSpaaapa,176,177,4,7,5,5,ABalapappp|ABalpppapp|ABalppppap|ABarapapap|MSpaaapa,ABalapappp|ABalpppapp|ABalppppap|ABarapapap|MSpaaapa,1
PHA_02440,MSppaaaa,176,177,11,10,4,4,ABarapppap|ABplaaaaap|ABplaaapaa|MSppaaaa,ABarapppap|ABplaaaaap|ABplaaapaa|MSppaaaa,1
PHA_02441,Caappv,176,177,21,22,3,3,ABplapappp|Caappv|Cpappv,ABplapappp|Caappv|Cpappv,1
PHA_02442,Cappap,176,177,15,13,3,3,ABplapapaa|Cappap|Capppa,ABplapapaa|Cappap|Capppa,1
PHA_02443,Capppa,176,177,15,13,3,3,ABplapapaa|Cappap|Capppa,ABplapapaa|Cappap|Capppa,1
PHA_02444,Cpappv,176,177,21,22,3,3,ABplapappp|Caappv|Cpappv,ABplapappp|Caappv|Cpappv,1
PHA_02445,ABalapappp,177,178,7,9,5,5,ABalapappp|ABalpppapp|ABalppppap|ABarapapap|MSpaaapa,ABalapappp|ABalpppapp|ABalppppap|ABarapapap|MSpaaapa,1
PHA_02446,ABalpapppp,177,178,6,7,3,3,ABalpapppp|ABalppappp|MSaapaap,ABalpapppp|ABalppappp|MSaapaap,1
PHA_02447,ABalppappp,177,178,6,7,3,3,ABalpapppp|ABalppappp|MSaapaap,ABalpapppp|ABalppappp|MSaapaap,1
PHA_02448,ABalpppapp,177,178,7,9,5,5,ABalapappp|ABalpppapp|ABalppppap|ABarapapap|MSpaaapa,ABalapappp|ABalpppapp|ABalppppap|ABarapapap|MSpaaapa,1
PHA_02449,ABalppppap,177,178,7,9,5,5,ABalapappp|ABalpppapp|ABalppppap|ABarapapap|MSpaaapa,ABalapappp|ABalpppapp|ABalppppap|ABarapapap|MSpaaapa,1
PHA_02450,ABarapapap,177,178,7,9,5,5,ABalapappp|ABalpppapp|ABalppppap|ABarapapap|MSpaaapa,ABalapappp|ABalpppapp|ABalppppap|ABarapapap|MSpaaapa,1
PHA_02451,ABarapppap,177,178,10,12,4,4,ABarapppap|ABplaaaaap|ABplaaapaa|MSppaaaa,ABarapppap|ABplaaaaap|ABplaaapaa|MSppaaaa,1
PHA_02452,ABarappppp,177,178,20,27,3,3,ABarappppp|ABarpapaaa|MSppapaa,ABarappppp|ABarpapaaa|MSppapaa,1
PHA_02453,ABarpaaapp,177,178,11,14,3,3,ABarpaaapp|ABpraaapap|ABpraapaaa,ABarpaaapp|ABpraaapap|ABpraapaaa,1
PHA_02454,ABarpapaaa,177,178,20,27,3,3,ABarappppp|ABarpapaaa|MSppapaa,ABarappppp|ABarpapaaa|MSppapaa,1
PHA_02455,ABarpapppp,177,178,16,23,3,3,ABarpapppp|ABarpppaaa|ABprapaaaa,ABarpapppp|ABarpppaaa|ABprapaaaa,1
PHA_02456,ABarpppaaa,177,178,16,23,3,3,ABarpapppp|ABarpppaaa|ABprapaaaa,ABarpapppp|ABarpppaaa|ABprapaaaa,1
PHA_02457,ABplaaaaap,177,178,10,12,4,4,ABarapppap|ABplaaaaap|ABplaaapaa|MSppaaaa,ABarapppap|ABplaaaaap|ABplaaapaa|MSppaaaa,1
PHA_02458,ABplaaapaa,177,178,10,12,4,4,ABarapppap|ABplaaaaap|ABplaaapaa|MSppaaaa,ABarapppap|ABplaaaaap|ABplaaapaa|MSppaaaa,1
PHA_02459,ABplapapaa,177,178,13,19,3,3,ABplapapaa|Cappap|Capppa,ABplapapaa|Cappap|Capppa,1
PHA_02460,ABplapappp,177,178,22,29,3,3,ABplapappp|Caappv|Cpappv,ABplapappp|Caappv|Cpappv,1
PHA_02461,ABplpapppa,177,178,14,20,3,3,ABplpapppa|ABplpppaaa|ABplppppaa,ABplpapppa|ABplpppaaa|ABplppppaa,1
PHA_02462,ABplpppaaa,177,178,14,20,3,3,ABplpapppa|ABplpppaaa|ABplppppaa,ABplpapppa|ABplpppaaa|ABplppppaa,1
PHA_02463,ABplppppaa,177,178,14,20,3,3,ABplpapppa|ABplpppaaa|ABplppppaa,ABplpapppa|ABplpppaaa|ABplppppaa,1
PHA_02464,ABpraaapap,177,178,11,14,3,3,ABarpaaapp|ABpraaapap|ABpraapaaa,ABarpaaapp|ABpraaapap|ABpraapaaa,1
PHA_02465,ABpraapaaa,177,178,11,14,3,3,ABarpaaapp|ABpraaapap|ABpraapaaa,ABarpaaapp|ABpraaapap|ABpraapaaa,1
PHA_02466,ABprapaaaa,177,178,16,23,3,3,ABarpapppp|ABarpppaaa|ABprapaaaa,ABarpapppp|ABarpppaaa|ABprapaaaa,1
PHA_02467,MSaapaap,177,178,6,7,3,3,ABalpapppp|ABalppappp|MSaapaap,ABalpapppp|ABalppappp|MSaapaap,1
PHA_02468,MSpaaapa,177,178,7,9,5,5,ABalapappp|ABalpppapp|ABalppppap|ABarapapap|MSpaaapa,ABalapappp|ABalpppapp|ABalppppap|ABarapapap|MSpaaapa,1
PHA_02469,MSppaaaa,177,178,10,12,4,4,ABarapppap|ABplaaaaap|ABplaaapaa|MSppaaaa,ABarapppap|ABplaaaaap|ABplaaapaa|MSppaaaa,1
PHA_02470,MSppapaa,177,178,20,27,3,3,ABarappppp|ABarpapaaa|MSppapaa,ABarappppp|ABarpapaaa|MSppapaa,1
PHA_02471,Caappv,177,178,22,29,3,3,ABplapappp|Caappv|Cpappv,ABplapappp|Caappv|Cpappv,1
PHA_02472,Cappap,177,178,13,19,3,3,ABplapapaa|Cappap|Capppa,ABplapapaa|Cappap|Capppa,1
PHA_02473,Capppa,177,178,13,19,3,3,ABplapapaa|Cappap|Capppa,ABplapapaa|Cappap|Capppa,1
PHA_02474,Cpappv,177,178,22,29,3,3,ABplapappp|Caappv|Cpappv,ABplapappp|Caappv|Cpappv,1
PHA_02475,ABalapapaa,178,179,4,1,5,5,ABalapapaa|ABalapapap|ABalapppap|ABalappppa|ABplaaapap,ABalapapaa|ABalapapap|ABalapppap|ABalappppa|ABplaaapap,1
PHA_02476,ABalapapap,178,179,4,1,5,5,ABalapapaa|ABalapapap|ABalapppap|ABalappppa|ABplaaapap,ABalapapaa|ABalapapap|ABalapppap|ABalappppa|ABplaaapap,1
PHA_02477,ABalapppap,178,179,4,1,5,5,ABalapapaa|ABalapapap|ABalapppap|ABalappppa|ABplaaapap,ABalapapaa|ABalapapap|ABalapppap|ABalappppa|ABplaaapap,1
PHA_02478,ABalappppa,178,179,4,1,5,5,ABalapapaa|ABalapapap|ABalapppap|ABalappppa|ABplaaapap,ABalapapaa|ABalapapap|ABalapppap|ABalappppa|ABplaaapap,1
PHA_02479,ABalappppp,178,179,16,12,4,4,ABalappppp|ABarappapa|ABplaapaap|MSppaap,ABalappppp|ABarappapa|ABplaapaap|MSppaap,1
PHA_02480,ABalpapapp,178,179,6,3,3,3,ABalpapapp|ABalpapppa|ABalppappa,ABalpapapp|ABalpapppa|ABalppappa,1
PHA_02481,ABalpapppa,178,179,6,3,3,3,ABalpapapp|ABalpapppa|ABalppappa,ABalpapapp|ABalpapppa|ABalppappa,1
PHA_02482,ABalppappa,178,179,6,3,3,3,ABalpapapp|ABalpapppa|ABalppappa,ABalpapapp|ABalpapppa|ABalppappa,1
PHA_02483,ABarappapa,178,179,16,12,4,4,ABalappppp|ABarappapa|ABplaapaap|MSppaap,ABalappppp|ABarappapa|ABplaapaap|MSppaap,1
PHA_02484,ABarapppap,178,179,12,7,4,4,ABarapppap|ABplaaaaap|ABplaaapaa|MSppaaaa,ABarapppap|ABplaaaaap|ABplaaapaa|MSppaaaa,1
PHA_02485,ABarappppa,178,179,26,21,3,3,ABarappppa|ABprpaaaaa|MSppaaap,ABarappppa|ABprpaaaaa|MSppaaap,1
PHA_02486,ABarappppp,178,179,27,22,3,3,ABarappppp|ABarpapaaa|MSppapaa,ABarappppp|ABarpapaaa|MSppapaa,1
PHA_02487,ABarpaapaa,178,179,15,9,4,4,ABarpaapaa|ABarpapapa|ABpraaappp|ABprpaappa,ABarpaapaa|ABarpapapa|ABpraaappp|ABprpaappa,1
PHA_02488,ABarpapaaa,178,179,27,22,3,3,ABarappppp|ABarpapaaa|MSppapaa,ABarappppp|ABarpapaaa|MSppapaa,1
PHA_02489,ABarpapapa,178,179,15,9,4,4,ABarpaapaa|ABarpapapa|ABpraaappp|ABprpaappa,ABarpaapaa|ABarpapapa|ABpraaappp|ABprpaappa,1
PHA_02490,ABplaaaaap,178,179,12,7,4,4,ABarapppap|ABplaaaaap|ABplaaapaa|MSppaaaa,ABarapppap|ABplaaaaap|ABplaaapaa|MSppaaaa,1
PHA_02491,ABplaaapaa,178,179,12,7,4,4,ABarapppap|ABplaaaaap|ABplaaapaa|MSppaaaa,ABarapppap|ABplaaaaap|ABplaaapaa|MSppaaaa,1
PHA_02492,ABplaaapap,178,179,4,1,5,5,ABalapapaa|ABalapapap|ABalapppap|ABalappppa|ABplaaapap,ABalapapaa|ABalapapap|ABalapppap|ABalappppa|ABplaaapap,1
PHA_02493,ABplaapaap,178,179,16,12,4,4,ABalappppp|ABarappapa|ABplaapaap|MSppaap,ABalappppp|ABarappapa|ABplaapaap|MSppaap,1
PHA_02494,ABplaapppp,178,179,18,13,3,3,ABplaapppp|Daap|Dapa,ABplaapppp|Daap|Dapa,1
PHA_02495,ABplapapaa,178,179,19,14,3,3,ABplapapaa|Cappap|Capppa,ABplapapaa|Cappap|Capppa,1
PHA_02496,ABplapappa,178,179,25,19,3,3,ABplapappa|ABprpppapa|ABprpppapp,ABplapappa|ABprpppapa|ABprpppapp,1
PHA_02497,ABplpapppa,178,179,20,17,3,3,ABplpapppa|ABplpppaaa|ABplppppaa,ABplpapppa|ABplpppaaa|ABplppppaa,1
PHA_02498,ABplpppaaa,178,179,20,17,3,3,ABplpapppa|ABplpppaaa|ABplppppaa,ABplpapppa|ABplpppaaa|ABplppppaa,1
PHA_02499,ABplppppaa,178,179,20,17,3,3,ABplpapppa|ABplpppaaa|ABplppppaa,ABplpapppa|ABplpppaaa|ABplppppaa,1
PHA_02500,ABpraaappp,178,179,15,9,4,4,ABarpaapaa|ABarpapapa|ABpraaappp|ABprpaappa,ABarpaapaa|ABarpapapa|ABpraaappp|ABprpaappa,1
PHA_02501,ABprpaaaaa,178,179,26,21,3,3,ABarappppa|ABprpaaaaa|MSppaaap,ABarappppa|ABprpaaaaa|MSppaaap,1
PHA_02502,ABprpaappa,178,179,15,9,4,4,ABarpaapaa|ABarpapapa|ABpraaappp|ABprpaappa,ABarpaapaa|ABarpapapa|ABpraaappp|ABprpaappa,1
PHA_02503,ABprpppapa,178,179,25,19,3,3,ABplapappa|ABprpppapa|ABprpppapp,ABplapappa|ABprpppapa|ABprpppapp,1
PHA_02504,ABprpppapp,178,179,25,19,3,3,ABplapappa|ABprpppapa|ABprpppapp,ABplapappa|ABprpppapa|ABprpppapp,1
PHA_02505,MSppaaaa,178,179,12,7,4,4,ABarapppap|ABplaaaaap|ABplaaapaa|MSppaaaa,ABarapppap|ABplaaaaap|ABplaaapaa|MSppaaaa,1
PHA_02506,MSppaaap,178,179,26,21,3,3,ABarappppa|ABprpaaaaa|MSppaaap,ABarappppa|ABprpaaaaa|MSppaaap,1
PHA_02507,MSppaap,178,179,16,12,4,4,ABalappppp|ABarappapa|ABplaapaap|MSppaap,ABalappppp|ABarappapa|ABplaapaap|MSppaap,1
PHA_02508,MSppapaa,178,179,27,22,3,3,ABarappppp|ABarpapaaa|MSppapaa,ABarappppp|ABarpapaaa|MSppapaa,1
PHA_02509,Cappap,178,179,19,14,3,3,ABplapapaa|Cappap|Capppa,ABplapapaa|Cappap|Capppa,1
PHA_02510,Capppa,178,179,19,14,3,3,ABplapapaa|Cappap|Capppa,ABplapapaa|Cappap|Capppa,1
PHA_02511,Daap,178,179,18,13,3,3,ABplaapppp|Daap|Dapa,ABplaapppp|Daap|Dapa,1
PHA_02512,Dapa,178,179,18,13,3,3,ABplaapppp|Daap|Dapa,ABplaapppp|Daap|Dapa,1
PHA_02513,ABalapaaap,179,180,6,9,3,3,ABalapaaap|ABarapppaa|ABplaaaaaa,ABalapaaap|ABarapppaa|ABplaaaaaa,1
PHA_02514,ABalappppp,179,180,12,16,4,4,ABalappppp|ABarappapa|ABplaapaap|MSppaap,ABalappppp|ABarappapa|ABplaapaap|MSppaap,1
PHA_02515,ABalpapapp,179,180,3,5,3,3,ABalpapapp|ABalpapppa|ABalppappa,ABalpapapp|ABalpapppa|ABalppappa,1
PHA_02516,ABalpapppa,179,180,3,5,3,3,ABalpapapp|ABalpapppa|ABalppappa,ABalpapapp|ABalpapppa|ABalppappa,1
PHA_02517,ABalppaapa,179,180,20,24,3,3,ABalppaapa|ABaraappaa|MSapaaaa,ABalppaapa|ABaraappaa|MSapaaaa,1
PHA_02518,ABalppappa,179,180,3,5,3,3,ABalpapapp|ABalpapppa|ABalppappa,ABalpapapp|ABalpapppa|ABalppappa,1
PHA_02519,ABalpppapp,179,180,4,7,4,4,ABalpppapp|ABalppppap|ABarapapap|MSpaaapa,ABalpppapp|ABalppppap|ABarapapap|MSpaaapa,1
PHA_02520,ABalppppap,179,180,4,7,4,4,ABalpppapp|ABalppppap|ABarapapap|MSpaaapa,ABalpppapp|ABalppppap|ABarapapap|MSpaaapa,1
PHA_02521,ABaraappaa,179,180,20,24,3,3,ABalppaapa|ABaraappaa|MSapaaaa,ABalppaapa|ABaraappaa|MSapaaaa,1
PHA_02522,ABarapapap,179,180,4,7,4,4,ABalpppapp|ABalppppap|ABarapapap|MSpaaapa,ABalpppapp|ABalppppap|ABarapapap|MSpaaapa,1
PHA_02523,ABarappapa,179,180,12,16,4,4,ABalappppp|ABarappapa|ABplaapaap|MSppaap,ABalappppp|ABarappapa|ABplaapaap|MSppaap,1
PHA_02524,ABarapppaa,179,180,6,9,3,3,ABalapaaap|ABarapppaa|ABplaaaaaa,ABalapaaap|ABarapppaa|ABplaaaaaa,1
PHA_02525,ABarapppap,179,180,7,10,4,4,ABarapppap|ABplaaaaap|ABplaaapaa|MSppaaaa,ABarapppap|ABplaaaaap|ABplaaapaa|MSppaaaa,1
PHA_02526,ABarappppp,179,180,22,26,3,3,ABarappppp|ABarpapaaa|MSppapaa,ABarappppp|ABarpapaaa|MSppapaa,1
PHA_02527,ABarpapaaa,179,180,22,26,3,3,ABarappppp|ABarpapaaa|MSppapaa,ABarappppp|ABarpapaaa|MSppapaa,1
PHA_02528,ABarpappaa,179,180,10,14,3,3,ABarpappaa|ABpraapapp|ABpraappaa,ABarpappaa|ABpraapapp|ABpraappaa,1
PHA_02529,ABplaaaaaa,179,180,6,9,3,3,ABalapaaap|ABarapppaa|ABplaaaaaa,ABalapaaap|ABarapppaa|ABplaaaaaa,1
PHA_02530,ABplaaaaap,179,180,7,10,4,4,ABarapppap|ABplaaaaap|ABplaaapaa|MSppaaaa,ABarapppap|ABplaaaaap|ABplaaapaa|MSppaaaa,1
PHA_02531,ABplaaapaa,179,180,7,10,4,4,ABarapppap|ABplaaaaap|ABplaaapaa|MSppaaaa,ABarapppap|ABplaaaaap|ABplaaapaa|MSppaaaa,1
PHA_02532,ABplaapaap,179,180,12,16,4,4,ABalappppp|ABarappapa|ABplaapaap|MSppaap,ABalappppp|ABarappapa|ABplaapaap|MSppaap,1
PHA_02533,ABplapapaa,179,180,14,27,3,3,ABplapapaa|Cappap|Capppa,ABplapapaa|Cappap|Capppa,1
PHA_02534,ABplpaappp,179,180,16,17,3,3,ABplpaappp|MSapppa|MSpapaap,ABplpaappp|MSapppa|MSpapaap,1
PHA_02535,ABpraaappa,179,180,18,21,3,3,ABpraaappa|ABprpaaapa|ABprpaapaa,ABpraaappa|ABprpaaapa|ABprpaapaa,1
PHA_02536,ABpraapapp,179,180,10,14,3,3,ABarpappaa|ABpraapapp|ABpraappaa,ABarpappaa|ABpraapapp|ABpraappaa,1
PHA_02537,ABpraappaa,179,180,10,14,3,3,ABarpappaa|ABpraapapp|ABpraappaa,ABarpappaa|ABpraapapp|ABpraappaa,1
PHA_02538,ABprpaaapa,179,180,18,21,3,3,ABpraaappa|ABprpaaapa|ABprpaapaa,ABpraaappa|ABprpaaapa|ABprpaapaa,1
PHA_02539,ABprpaapaa,179,180,18,21,3,3,ABpraaappa|ABprpaaapa|ABprpaapaa,ABpraaappa|ABprpaaapa|ABprpaapaa,1
PHA_02540,ABprppappa,179,180,24,23,3,3,ABprppappa|Cppapa|Eplpa,ABprppappa|Cppapa|Eplpa,1
PHA_02541,MSapaaaa,179,180,20,24,3,3,ABalppaapa|ABaraappaa|MSapaaaa,ABalppaapa|ABaraappaa|MSapaaaa,1
PHA_02542,MSapppa,179,180,16,17,3,3,ABplpaappp|MSapppa|MSpapaap,ABplpaappp|MSapppa|MSpapaap,1
PHA_02543,MSpaaapa,179,180,4,7,4,4,ABalpppapp|ABalppppap|ABarapapap|MSpaaapa,ABalpppapp|ABalppppap|ABarapapap|MSpaaapa,1
PHA_02544,MSpapaap,179,180,16,17,3,3,ABplpaappp|MSapppa|MSpapaap,ABplpaappp|MSapppa|MSpapaap,1
PHA_02545,MSppaaaa,179,180,7,10,4,4,ABarapppap|ABplaaaaap|ABplaaapaa|MSppaaaa,ABarapppap|ABplaaaaap|ABplaaapaa|MSppaaaa,1
PHA_02546,MSppaap,179,180,12,16,4,4,ABalappppp|ABarappapa|ABplaapaap|MSppaap,ABalappppp|ABarappapa|ABplaapaap|MSppaap,1
PHA_02547,MSppapaa,179,180,22,26,3,3,ABarappppp|ABarpapaaa|MSppapaa,ABarappppp|ABarpapaaa|MSppapaa,1
PHA_02548,Eplpa,179,180,24,23,3,3,ABprppappa|Cppapa|Eplpa,ABprppappa|Cppapa|Eplpa,1
PHA_02549,Cappap,179,180,14,27,3,3,ABplapapaa|Cappap|Capppa,ABplapapaa|Cappap|Capppa,1
PHA_02550,Capppa,179,180,14,27,3,3,ABplapapaa|Cappap|Capppa,ABplapapaa|Cappap|Capppa,1
PHA_02551,Cppapa,179,180,24,23,3,3,ABprppappa|Cppapa|Eplpa,ABprppappa|Cppapa|Eplpa,1
PHA_02552,ABalaapapp,180,181,4,2,4,4,ABalaapapp|ABalpapaap|ABalppapaa|ABaraapaap,ABalaapapp|ABalpapaap|ABalppapaa|ABaraapaap,1
PHA_02553,ABalappppp,180,181,16,8,4,4,ABalappppp|ABarappapa|ABplaapaap|MSppaap,ABalappppp|ABarappapa|ABplaapaap|MSppaap,1
PHA_02554,ABalpapaap,180,181,4,2,4,4,ABalaapapp|ABalpapaap|ABalppapaa|ABaraapaap,ABalaapapp|ABalpapaap|ABalppapaa|ABaraapaap,1
PHA_02555,ABalpapapp,180,181,5,3,3,3,ABalpapapp|ABalpapppa|ABalppappa,ABalpapapp|ABalpapppa|ABalppappa,1
PHA_02556,ABalpapppa,180,181,5,3,3,3,ABalpapapp|ABalpapppa|ABalppappa,ABalpapapp|ABalpapppa|ABalppappa,1
PHA_02557,ABalpapppp,180,181,6,17,3,3,ABalpapppp|ABalppappp|ABplpapaaa,ABalpapppp|ABalppappp|ABplpapaaa,1
PHA_02558,ABalppaapa,180,181,24,23,3,3,ABalppaapa|ABaraappaa|MSapaaaa,ABalppaapa|ABaraappaa|MSapaaaa,1
PHA_02559,ABalppapaa,180,181,4,2,4,4,ABalaapapp|ABalpapaap|ABalppapaa|ABaraapaap,ABalaapapp|ABalpapaap|ABalppapaa|ABaraapaap,1
PHA_02560,ABalppappa,180,181,5,3,3,3,ABalpapapp|ABalpapppa|ABalppappa,ABalpapapp|ABalpapppa|ABalppappa,1
PHA_02561,ABalppappp,180,181,6,17,3,3,ABalpapppp|ABalppappp|ABplpapaaa,ABalpapppp|ABalppappp|ABplpapaaa,1
PHA_02562,ABalpppapp,180,181,7,5,4,4,ABalpppapp|ABalppppap|ABarapapap|MSpaaapa,ABalpppapp|ABalppppap|ABarapapap|MSpaaapa,1
PHA_02563,ABalppppap,180,181,7,5,4,4,ABalpppapp|ABalppppap|ABarapapap|MSpaaapa,ABalpppapp|ABalppppap|ABarapapap|MSpaaapa,1
PHA_02564,ABaraapaap,180,181,4,2,4,4,ABalaapapp|ABalpapaap|ABalppapaa|ABaraapaap,ABalaapapp|ABalpapaap|ABalppapaa|ABaraapaap,1
PHA_02565,ABaraappaa,180,181,24,23,3,3,ABalppaapa|ABaraappaa|MSapaaaa,ABalppaapa|ABaraappaa|MSapaaaa,1
PHA_02566,ABarapapap,180,181,7,5,4,4,ABalpppapp|ABalppppap|ABarapapap|MSpaaapa,ABalpppapp|ABalppppap|ABarapapap|MSpaaapa,1
PHA_02567,ABarappapa,180,181,16,8,4,4,ABalappppp|ABarappapa|ABplaapaap|MSppaap,ABalappppp|ABarappapa|ABplaapaap|MSppaap,1
PHA_02568,ABarappppa,180,181,25,24,3,3,ABarappppa|ABplaapaaa|MSppaaap,ABarappppa|ABplaapaaa|MSppaaap,1
PHA_02569,ABarappppp,180,181,26,25,3,3,ABarappppp|ABarpapaaa|MSppapaa,ABarappppp|ABarpapaaa|MSppapaa,1
PHA_02570,ABarpaaapp,180,181,12,11,3,3,ABarpaaapp|ABpraaapap|ABpraapaaa,ABarpaaapp|ABpraaapap|ABpraapaaa,1
PHA_02571,ABarpapaaa,180,181,26,25,3,3,ABarappppp|ABarpapaaa|MSppapaa,ABarappppp|ABarpapaaa|MSppapaa,1
PHA_02572,ABarpapapa,180,181,13,12,3,3,ABarpapapa|ABpraaappp|ABprpaappa,ABarpapapa|ABpraaappp|ABprpaappa,1
PHA_02573,ABarpappaa,180,181,14,13,3,3,ABarpappaa|ABpraapapp|ABpraappaa,ABarpappaa|ABpraapapp|ABpraappaa,1
PHA_02574,ABplaapaaa,180,181,25,24,3,3,ABarappppa|ABplaapaaa|MSppaaap,ABarappppa|ABplaapaaa|MSppaaap,1
PHA_02575,ABplaapaap,180,181,16,8,4,4,ABalappppp|ABarappapa|ABplaapaap|MSppaap,ABalappppp|ABarappapa|ABplaapaap|MSppaap,1
PHA_02576,ABplpaappp,180,181,17,16,3,3,ABplpaappp|MSapppa|MSpapaap,ABplpaappp|MSapppa|MSpapaap,1
PHA_02577,ABplpapaaa,180,181,6,17,3,3,ABalpapppp|ABalppappp|ABplpapaaa,ABalpapppp|ABalppappp|ABplpapaaa,1
PHA_02578,ABplpapppa,180,181,18,19,4,4,ABplpapppa|ABplppapap|ABplpppaaa|ABplppppaa,ABplpapppa|ABplppapap|ABplpppaaa|ABplppppaa,1
PHA_02579,ABplppapap,180,181,18,19,4,4,ABplpapppa|ABplppapap|ABplpppaaa|ABplppppaa,ABplpapppa|ABplppapap|ABplpppaaa|ABplppppaa,1
PHA_02580,ABplpppaaa,180,181,18,19,4,4,ABplpapppa|ABplppapap|ABplpppaaa|ABplppppaa,ABplpapppa|ABplppapap|ABplpppaaa|ABplppppaa,1
PHA_02581,ABplppppaa,180,181,18,19,4,4,ABplpapppa|ABplppapap|ABplpppaaa|ABplppppaa,ABplpapppa|ABplppapap|ABplpppaaa|ABplppppaa,1
PHA_02582,ABplpppppa,180,181,22,21,3,3,ABplpppppa|ABprpapppp|Capap,ABplpppppa|ABprpapppp|Capap,1
PHA_02583,ABpraaapap,180,181,12,11,3,3,ABarpaaapp|ABpraaapap|ABpraapaaa,ABarpaaapp|ABpraaapap|ABpraapaaa,1
PHA_02584,ABpraaappa,180,181,21,20,3,3,ABpraaappa|ABprpaaapa|ABprpaapaa,ABpraaappa|ABprpaaapa|ABprpaapaa,1
PHA_02585,ABpraaappp,180,181,13,12,3,3,ABarpapapa|ABpraaappp|ABprpaappa,ABarpapapa|ABpraaappp|ABprpaappa,1
PHA_02586,ABpraapaaa,180,181,12,11,3,3,ABarpaaapp|ABpraaapap|ABpraapaaa,ABarpaaapp|ABpraaapap|ABpraapaaa,1
PHA_02587,ABpraapapp,180,181,14,13,3,3,ABarpappaa|ABpraapapp|ABpraappaa,ABarpappaa|ABpraapapp|ABpraappaa,1
PHA_02588,ABpraappaa,180,181,14,13,3,3,ABarpappaa|ABpraapapp|ABpraappaa,ABarpappaa|ABpraapapp|ABpraappaa,1
PHA_02589,ABprpaaapa,180,181,21,20,3,3,ABpraaappa|ABprpaaapa|ABprpaapaa,ABpraaappa|ABprpaaapa|ABprpaapaa,1
PHA_02590,ABprpaapaa,180,181,21,20,3,3,ABpraaappa|ABprpaaapa|ABprpaapaa,ABpraaappa|ABprpaaapa|ABprpaapaa,1
PHA_02591,ABprpaappa,180,181,13,12,3,3,ABarpapapa|ABpraaappp|ABprpaappa,ABarpapapa|ABpraaappp|ABprpaappa,1
PHA_02592,ABprpapppp,180,181,22,21,3,3,ABplpppppa|ABprpapppp|Capap,ABplpppppa|ABprpapppp|Capap,1
PHA_02593,ABprppappa,180,181,23,22,3,3,ABprppappa|Cppapa|Eplpa,ABprppappa|Cppapa|Eplpa,1
PHA_02594,MSapaaaa,180,181,24,23,3,3,ABalppaapa|ABaraappaa|MSapaaaa,ABalppaapa|ABaraappaa|MSapaaaa,1
PHA_02595,MSapppa,180,181,17,16,3,3,ABplpaappp|MSapppa|MSpapaap,ABplpaappp|MSapppa|MSpapaap,1
PHA_02596,MSpaaapa,180,181,7,5,4,4,ABalpppapp|ABalppppap|ABarapapap|MSpaaapa,ABalpppapp|ABalppppap|ABarapapap|MSpaaapa,1
PHA_02597,MSpapaap,180,181,17,16,3,3,ABplpaappp|MSapppa|MSpapaap,ABplpaappp|MSapppa|MSpapaap,1
PHA_02598,MSppaaap,180,181,25,24,3,3,ABarappppa|ABplaapaaa|MSppaaap,ABarappppa|ABplaapaaa|MSppaaap,1
PHA_02599,MSppaap,180,181,16,8,4,4,ABalappppp|ABarappapa|ABplaapaap|MSppaap,ABalappppp|ABarappapa|ABplaapaap|MSppaap,1
PHA_02600,MSppapaa,180,181,26,25,3,3,ABarappppp|ABarpapaaa|MSppapaa,ABarappppp|ABarpapaaa|MSppapaa,1
PHA_02601,Eplpa,180,181,23,22,3,3,ABprppappa|Cppapa|Eplpa,ABprppappa|Cppapa|Eplpa,1
PHA_02602,Capap,180,181,22,21,3,3,ABplpppppa|ABprpapppp|Capap,ABplpppppa|ABprpapppp|Capap,1
PHA_02603,Cppapa,180,181,23,22,3,3,ABprppappa|Cppapa|Eplpa,ABprppappa|Cppapa|Eplpa,1
PHA_02604,ABalapapaa,181,182,1,5,4,4,ABalapapaa|ABalapppap|ABalappppa|ABplaaapap,ABalapapaa|ABalapppap|ABalappppa|ABplaaapap,1
PHA_02605,ABalapppap,181,182,1,5,4,4,ABalapapaa|ABalapppap|ABalappppa|ABplaaapap,ABalapapaa|ABalapppap|ABalappppa|ABplaaapap,1
PHA_02606,ABalappppa,181,182,1,5,4,4,ABalapapaa|ABalapppap|ABalappppa|ABplaaapap,ABalapapaa|ABalapppap|ABalappppa|ABplaaapap,1
PHA_02607,ABalpapapp,181,182,3,9,3,3,ABalpapapp|ABalpapppa|ABalppappa,ABalpapapp|ABalpapppa|ABalppappa,1
PHA_02608,ABalpapppa,181,182,3,9,3,3,ABalpapapp|ABalpapppa|ABalppappa,ABalpapapp|ABalpapppa|ABalppappa,1
PHA_02609,ABalpapppp,181,182,17,10,3,3,ABalpapppp|ABalppappp|ABplpapaaa,ABalpapppp|ABalppappp|ABplpapaaa,1
PHA_02610,ABalppaapa,181,182,23,20,3,3,ABalppaapa|ABaraappaa|MSapaaaa,ABalppaapa|ABaraappaa|MSapaaaa,1
PHA_02611,ABalppappa,181,182,3,9,3,3,ABalpapapp|ABalpapppa|ABalppappa,ABalpapapp|ABalpapppa|ABalppappa,1
PHA_02612,ABalppappp,181,182,17,10,3,3,ABalpapppp|ABalppappp|ABplpapaaa,ABalpapppp|ABalppappp|ABplpapaaa,1
PHA_02613,ABaraappaa,181,182,23,20,3,3,ABalppaapa|ABaraappaa|MSapaaaa,ABalppaapa|ABaraappaa|MSapaaaa,1
PHA_02614,ABarappppa,181,182,24,22,3,3,ABarappppa|ABplaapaaa|MSppaaap,ABarappppa|ABplaapaaa|MSppaaap,1
PHA_02615,ABarappppp,181,182,25,23,3,3,ABarappppp|ABarpapaaa|MSppapaa,ABarappppp|ABarpapaaa|MSppapaa,1
PHA_02616,ABarpaaapp,181,182,11,13,3,3,ABarpaaapp|ABpraaapap|ABpraapaaa,ABarpaaapp|ABpraaapap|ABpraapaaa,1
PHA_02617,ABarpapaaa,181,182,25,23,3,3,ABarappppp|ABarpapaaa|MSppapaa,ABarappppp|ABarpapaaa|MSppapaa,1
PHA_02618,ABarppaaap,181,182,26,25,3,3,ABarppaaap|Dpaa|Epraa,ABarppaaap|Dpaa|Epraa,1
PHA_02619,ABplaaapap,181,182,1,5,4,4,ABalapapaa|ABalapppap|ABalappppa|ABplaaapap,ABalapapaa|ABalapppap|ABalappppa|ABplaaapap,1
PHA_02620,ABplaapaaa,181,182,24,22,3,3,ABarappppa|ABplaapaaa|MSppaaap,ABarappppa|ABplaapaaa|MSppaaap,1
PHA_02621,ABplpaappp,181,182,16,21,3,3,ABplpaappp|MSapppa|MSpapaap,ABplpaappp|MSapppa|MSpapaap,1
PHA_02622,ABplpapaaa,181,182,17,10,3,3,ABalpapppp|ABalppappp|ABplpapaaa,ABalpapppp|ABalppappp|ABplpapaaa,1
PHA_02623,ABplpapaap,181,182,18,16,3,3,ABplpapaap|ABplppaaa|MSaapapa,ABplpapaap|ABplppaaa|MSaapapa,1
PHA_02624,ABplppaaa,181,182,18,16,3,3,ABplpapaap|ABplppaaa|MSaapapa,ABplpapaap|ABplppaaa|MSaapapa,1
PHA_02625,ABpraaapap,181,182,11,13,3,3,ABarpaaapp|ABpraaapap|ABpraapaaa,ABarpaaapp|ABpraaapap|ABpraapaaa,1
PHA_02626,ABpraaappa,181,182,20,17,3,3,ABpraaappa|ABprpaaapa|ABprpaapaa,ABpraaappa|ABprpaaapa|ABprpaapaa,1
PHA_02627,ABpraapaaa,181,182,11,13,3,3,ABarpaaapp|ABpraaapap|ABpraapaaa,ABarpaaapp|ABpraaapap|ABpraapaaa,1
PHA_02628,ABprpaaapa,181,182,20,17,3,3,ABpraaappa|ABprpaaapa|ABprpaapaa,ABpraaappa|ABprpaaapa|ABprpaapaa,1
PHA_02629,ABprpaapaa,181,182,20,17,3,3,ABpraaappa|ABprpaaapa|ABprpaapaa,ABpraaappa|ABprpaaapa|ABprpaapaa,1
PHA_02630,ABprppappa,181,182,22,19,3,3,ABprppappa|Cppapa|Eplpa,ABprppappa|Cppapa|Eplpa,1
PHA_02631,MSaapapa,181,182,18,16,3,3,ABplpapaap|ABplppaaa|MSaapapa,ABplpapaap|ABplppaaa|MSaapapa,1
PHA_02632,MSapaaaa,181,182,23,20,3,3,ABalppaapa|ABaraappaa|MSapaaaa,ABalppaapa|ABaraappaa|MSapaaaa,1
PHA_02633,MSapppa,181,182,16,21,3,3,ABplpaappp|MSapppa|MSpapaap,ABplpaappp|MSapppa|MSpapaap,1
PHA_02634,MSpapaap,181,182,16,21,3,3,ABplpaappp|MSapppa|MSpapaap,ABplpaappp|MSapppa|MSpapaap,1
PHA_02635,MSppaaap,181,182,24,22,3,3,ABarappppa|ABplaapaaa|MSppaaap,ABarappppa|ABplaapaaa|MSppaaap,1
PHA_02636,MSppapaa,181,182,25,23,3,3,ABarappppp|ABarpapaaa|MSppapaa,ABarappppp|ABarpapaaa|MSppapaa,1
PHA_02637,Eplpa,181,182,22,19,3,3,ABprppappa|Cppapa|Eplpa,ABprppappa|Cppapa|Eplpa,1
PHA_02638,Epraa,181,182,26,25,3,3,ABarppaaap|Dpaa|Epraa,ABarppaaap|Dpaa|Epraa,1
PHA_02639,Cppapa,181,182,22,19,3,3,ABprppappa|Cppapa|Eplpa,ABprppappa|Cppapa|Eplpa,1
PHA_02640,Dpaa,181,182,26,25,3,3,ABarppaaap|Dpaa|Epraa,ABarppaaap|Dpaa|Epraa,1
PHA_02641,ABalapapaa,182,183,5,4,4,4,ABalapapaa|ABalapppap|ABalappppa|ABplaaapap,ABalapapaa|ABalapppap|ABalappppa|ABplaaapap,1
PHA_02642,ABalapppap,182,183,5,4,4,4,ABalapapaa|ABalapppap|ABalappppa|ABplaaapap,ABalapapaa|ABalapppap|ABalappppa|ABplaaapap,1
PHA_02643,ABalappppa,182,183,5,4,4,4,ABalapapaa|ABalapppap|ABalappppa|ABplaaapap,ABalapapaa|ABalapppap|ABalappppa|ABplaaapap,1
PHA_02644,ABalpaaapa,182,183,7,5,3,3,ABalpaaapa|ABalpaapap|ABalpaappp,ABalpaaapa|ABalpaapap|ABalpaappp,1
PHA_02645,ABalpaapap,182,183,7,5,3,3,ABalpaaapa|ABalpaapap|ABalpaappp,ABalpaaapa|ABalpaapap|ABalpaappp,1
PHA_02646,ABalpaappp,182,183,7,5,3,3,ABalpaaapa|ABalpaapap|ABalpaappp,ABalpaaapa|ABalpaapap|ABalpaappp,1
PHA_02647,ABalpapapp,182,183,9,6,3,3,ABalpapapp|ABalpapppa|ABalppappa,ABalpapapp|ABalpapppa|ABalppappa,1
PHA_02648,ABalpapppa,182,183,9,6,3,3,ABalpapapp|ABalpapppa|ABalppappa,ABalpapapp|ABalpapppa|ABalppappa,1
PHA_02649,ABalpapppp,182,183,10,19,3,3,ABalpapppp|ABalppappp|ABplpapaaa,ABalpapppp|ABalppappp|ABplpapaaa,1
PHA_02650,ABalppaapa,182,183,20,24,3,3,ABalppaapa|ABaraappaa|MSapaaaa,ABalppaapa|ABaraappaa|MSapaaaa,1
PHA_02651,ABalppappa,182,183,9,6,3,3,ABalpapapp|ABalpapppa|ABalppappa,ABalpapapp|ABalpapppa|ABalppappa,1
PHA_02652,ABalppappp,182,183,10,19,3,3,ABalpapppp|ABalppappp|ABplpapaaa,ABalpapppp|ABalppappp|ABplpapaaa,1
PHA_02653,ABaraappaa,182,183,20,24,3,3,ABalppaapa|ABaraappaa|MSapaaaa,ABalppaapa|ABaraappaa|MSapaaaa,1
PHA_02654,ABarapppap,182,183,15,16,4,4,ABarapppap|ABplaaaaap|ABplaaapaa|MSppaaaa,ABarapppap|ABplaaaaap|ABplaaapaa|MSppaaaa,1
PHA_02655,ABarappppa,182,183,22,11,3,3,ABarappppa|ABplaapaaa|MSppaaap,ABarappppa|ABplaapaaa|MSppaaap,1
PHA_02656,ABplaaaaap,182,183,15,16,4,4,ABarapppap|ABplaaaaap|ABplaaapaa|MSppaaaa,ABarapppap|ABplaaaaap|ABplaaapaa|MSppaaaa,1
PHA_02657,ABplaaapaa,182,183,15,16,4,4,ABarapppap|ABplaaaaap|ABplaaapaa|MSppaaaa,ABarapppap|ABplaaaaap|ABplaaapaa|MSppaaaa,1
PHA_02658,ABplaaapap,182,183,5,4,4,4,ABalapapaa|ABalapppap|ABalappppa|ABplaaapap,ABalapapaa|ABalapppap|ABalappppa|ABplaaapap,1
PHA_02659,ABplaapaaa,182,183,22,11,3,3,ABarappppa|ABplaapaaa|MSppaaap,ABarappppa|ABplaapaaa|MSppaaap,1
PHA_02660,ABplappapa,182,183,18,23,4,4,ABplappapa|ABplpppppa|ABprpapppp|Capap,ABplappapa|ABplpppppa|ABprpapppp|Capap,1
PHA_02661,ABplpapaaa,182,183,10,19,3,3,ABalpapppp|ABalppappp|ABplpapaaa,ABalpapppp|ABalppappp|ABplpapaaa,1
PHA_02662,ABplpppppa,182,183,18,23,4,4,ABplappapa|ABplpppppa|ABprpapppp|Capap,ABplappapa|ABplpppppa|ABprpapppp|Capap,1
PHA_02663,ABpraaappa,182,183,17,22,3,3,ABpraaappa|ABprpaaapa|ABprpaapaa,ABpraaappa|ABprpaaapa|ABprpaapaa,1
PHA_02664,ABprpaaapa,182,183,17,22,3,3,ABpraaappa|ABprpaaapa|ABprpaapaa,ABpraaappa|ABprpaaapa|ABprpaapaa,1
PHA_02665,ABprpaapaa,182,183,17,22,3,3,ABpraaappa|ABprpaaapa|ABprpaapaa,ABpraaappa|ABprpaaapa|ABprpaapaa,1
PHA_02666,ABprpapppp,182,183,18,23,4,4,ABplappapa|ABplpppppa|ABprpapppp|Capap,ABplappapa|ABplpppppa|ABprpapppp|Capap,1
PHA_02667,ABprppaapa,182,183,24,26,3,3,ABprppaapa|Earap|MSpppap,ABprppaapa|Earap|MSpppap,1
PHA_02668,ABprppappa,182,183,19,29,3,3,ABprppappa|Cppapa|Eplpa,ABprppappa|Cppapa|Eplpa,1
PHA_02669,MSapaaaa,182,183,20,24,3,3,ABalppaapa|ABaraappaa|MSapaaaa,ABalppaapa|ABaraappaa|MSapaaaa,1
PHA_02670,MSppaaaa,182,183,15,16,4,4,ABarapppap|ABplaaaaap|ABplaaapaa|MSppaaaa,ABarapppap|ABplaaaaap|ABplaaapaa|MSppaaaa,1
PHA_02671,MSppaaap,182,183,22,11,3,3,ABarappppa|ABplaapaaa|MSppaaap,ABarappppa|ABplaapaaa|MSppaaap,1
PHA_02672,MSpppap,182,183,24,26,3,3,ABprppaapa|Earap|MSpppap,ABprppaapa|Earap|MSpppap,1
PHA_02673,Earap,182,183,24,26,3,3,ABprppaapa|Earap|MSpppap,ABprppaapa|Earap|MSpppap,1
PHA_02674,Eplpa,182,183,19,29,3,3,ABprppappa|Cppapa|Eplpa,ABprppappa|Cppapa|Eplpa,1
PHA_02675,Capap,182,183,18,23,4,4,ABplappapa|ABplpppppa|ABprpapppp|Capap,ABplappapa|ABplpppppa|ABprpapppp|Capap,1
PHA_02676,Cppapa,182,183,19,29,3,3,ABprppappa|Cppapa|Eplpa,ABprppappa|Cppapa|Eplpa,1
PHA_02677,ABalapapaa,183,184,4,2,4,4,ABalapapaa|ABalapppap|ABalappppa|ABplaaapap,ABalapapaa|ABalapppap|ABalappppa|ABplaaapap,1
PHA_02678,ABalapppap,183,184,4,2,4,4,ABalapapaa|ABalapppap|ABalappppa|ABplaaapap,ABalapapaa|ABalapppap|ABalappppa|ABplaaapap,1
PHA_02679,ABalappppa,183,184,4,2,4,4,ABalapapaa|ABalapppap|ABalappppa|ABplaaapap,ABalapapaa|ABalapppap|ABalappppa|ABplaaapap,1
PHA_02680,ABalpapppp,183,184,19,7,3,3,ABalpapppp|ABalppappp|ABplpapaaa,ABalpapppp|ABalppappp|ABplpapaaa,1
PHA_02681,ABalppaapa,183,184,24,21,3,3,ABalppaapa|ABaraappaa|MSapaaaa,ABalppaapa|ABaraappaa|MSapaaaa,1
PHA_02682,ABalppappp,183,184,19,7,3,3,ABalpapppp|ABalppappp|ABplpapaaa,ABalpapppp|ABalppappp|ABplpapaaa,1
PHA_02683,ABalpppaap,183,184,7,8,4,4,ABalpppaap|ABalpppapa|MSaaaaap|MSpaaaap,ABalpppaap|ABalpppapa|MSaaaaap|MSpaaaap,1
PHA_02684,ABalpppapa,183,184,7,8,4,4,ABalpppaap|ABalpppapa|MSaaaaap|MSpaaaap,ABalpppaap|ABalpppapa|MSaaaaap|MSpaaaap,1
PHA_02685,ABaraappaa,183,184,24,21,3,3,ABalppaapa|ABaraappaa|MSapaaaa,ABalppaapa|ABaraappaa|MSapaaaa,1
PHA_02686,ABaraappap,183,184,18,16,4,4,ABaraappap|ABplpaaaaa|MSaaaaaa|MSapaaap,ABaraappap|ABplpaaaaa|MSaaaaaa|MSapaaap,1
PHA_02687,ABarappppa,183,184,11,22,3,3,ABarappppa|ABplaapaaa|MSppaaap,ABarappppa|ABplaapaaa|MSppaaap,1
PHA_02688,ABarpppppa,183,184,15,14,3,3,ABarpppppa|ABprappapa|Cpaaap,ABarpppppa|ABprappapa|Cpaaap,1
PHA_02689,ABplaaapap,183,184,4,2,4,4,ABalapapaa|ABalapppap|ABalappppa|ABplaaapap,ABalapapaa|ABalapppap|ABalappppa|ABplaaapap,1
PHA_02690,ABplaapaaa,183,184,11,22,3,3,ABarappppa|ABplaapaaa|MSppaaap,ABarappppa|ABplaapaaa|MSppaaap,1
PHA_02691,ABplapaapa,183,184,27,23,3,3,ABplapaapa|Earpp|Eplaa,ABplapaapa|Earpp|Eplaa,1
PHA_02692,ABplappapa,183,184,23,19,4,4,ABplappapa|ABplpppppa|ABprpapppp|Capap,ABplappapa|ABplpppppa|ABprpapppp|Capap,1
PHA_02693,ABplpaaaaa,183,184,18,16,4,4,ABaraappap|ABplpaaaaa|MSaaaaaa|MSapaaap,ABaraappap|ABplpaaaaa|MSaaaaaa|MSapaaap,1
PHA_02694,ABplpapaaa,183,184,19,7,3,3,ABalpapppp|ABalppappp|ABplpapaaa,ABalpapppp|ABalppappp|ABplpapaaa,1
PHA_02695,ABplpapppa,183,184,20,18,4,4,ABplpapppa|ABplppappa|ABplpppaaa|ABplppppaa,ABplpapppa|ABplppappa|ABplpppaaa|ABplppppaa,1
PHA_02696,ABplppappa,183,184,20,18,4,4,ABplpapppa|ABplppappa|ABplpppaaa|ABplppppaa,ABplpapppa|ABplppappa|ABplpppaaa|ABplppppaa,1
PHA_02697,ABplpppaaa,183,184,20,18,4,4,ABplpapppa|ABplppappa|ABplpppaaa|ABplppppaa,ABplpapppa|ABplppappa|ABplpppaaa|ABplppppaa,1
PHA_02698,ABplppppaa,183,184,20,18,4,4,ABplpapppa|ABplppappa|ABplpppaaa|ABplppppaa,ABplpapppa|ABplppappa|ABplpppaaa|ABplppppaa,1
PHA_02699,ABplpppppa,183,184,23,19,4,4,ABplappapa|ABplpppppa|ABprpapppp|Capap,ABplappapa|ABplpppppa|ABprpapppp|Capap,1
PHA_02700,ABprappapa,183,184,15,14,3,3,ABarpppppa|ABprappapa|Cpaaap,ABarpppppa|ABprappapa|Cpaaap,1
PHA_02701,ABprpapppp,183,184,23,19,4,4,ABplappapa|ABplpppppa|ABprpapppp|Capap,ABplappapa|ABplpppppa|ABprpapppp|Capap,1
PHA_02702,ABprppappa,183,184,29,25,3,3,ABprppappa|Cppapa|Eplpa,ABprppappa|Cppapa|Eplpa,1
PHA_02703,MSaaaaaa,183,184,18,16,4,4,ABaraappap|ABplpaaaaa|MSaaaaaa|MSapaaap,ABaraappap|ABplpaaaaa|MSaaaaaa|MSapaaap,1
PHA_02704,MSaaaaap,183,184,7,8,4,4,ABalpppaap|ABalpppapa|MSaaaaap|MSpaaaap,ABalpppaap|ABalpppapa|MSaaaaap|MSpaaaap,1
PHA_02705,MSapaaaa,183,184,24,21,3,3,ABalppaapa|ABaraappaa|MSapaaaa,ABalppaapa|ABaraappaa|MSapaaaa,1
PHA_02706,MSapaaap,183,184,18,16,4,4,ABaraappap|ABplpaaaaa|MSaaaaaa|MSapaaap,ABaraappap|ABplpaaaaa|MSaaaaaa|MSapaaap,1
PHA_02707,MSpaaaap,183,184,7,8,4,4,ABalpppaap|ABalpppapa|MSaaaaap|MSpaaaap,ABalpppaap|ABalpppapa|MSaaaaap|MSpaaaap,1
PHA_02708,MSppaaap,183,184,11,22,3,3,ABarappppa|ABplaapaaa|MSppaaap,ABarappppa|ABplaapaaa|MSppaaap,1
PHA_02709,Earpp,183,184,27,23,3,3,ABplapaapa|Earpp|Eplaa,ABplapaapa|Earpp|Eplaa,1
PHA_02710,Eplaa,183,184,27,23,3,3,ABplapaapa|Earpp|Eplaa,ABplapaapa|Earpp|Eplaa,1
PHA_02711,Eplpa,183,184,29,25,3,3,ABprppappa|Cppapa|Eplpa,ABprppappa|Cppapa|Eplpa,1
PHA_02712,Capap,183,184,23,19,4,4,ABplappapa|ABplpppppa|ABprpapppp|Capap,ABplappapa|ABplpppppa|ABprpapppp|Capap,1
PHA_02713,Cpaaap,183,184,15,14,3,3,ABarpppppa|ABprappapa|Cpaaap,ABarpppppa|ABprappapa|Cpaaap,1
PHA_02714,Cppapa,183,184,29,25,3,3,ABprppappa|Cppapa|Eplpa,ABprppappa|Cppapa|Eplpa,1
PHA_02715,ABalpapapp,184,185,6,5,3,3,ABalpapapp|ABalpapppa|ABalppappa,ABalpapapp|ABalpapppa|ABalppappa,1
PHA_02716,ABalpapppa,184,185,6,5,3,3,ABalpapapp|ABalpapppa|ABalppappa,ABalpapapp|ABalpapppa|ABalppappa,1
PHA_02717,ABalpapppp,184,185,7,14,3,3,ABalpapppp|ABalppappp|ABplpapaaa,ABalpapppp|ABalppappp|ABplpapaaa,1
PHA_02718,ABalppappa,184,185,6,5,3,3,ABalpapapp|ABalpapppa|ABalppappa,ABalpapapp|ABalpapppa|ABalppappa,1
PHA_02719,ABalppappp,184,185,7,14,3,3,ABalpapppp|ABalppappp|ABplpapaaa,ABalpapppp|ABalppappp|ABplpapaaa,1
PHA_02720,ABaraappap,184,185,16,17,4,4,ABaraappap|ABplpaaaaa|MSaaaaaa|MSapaaap,ABaraappap|ABplpaaaaa|MSaaaaaa|MSapaaap,1
PHA_02721,ABarpaaapp,184,185,12,15,4,4,ABarpaaapp|ABpraaaapp|ABpraaapap|ABpraapaaa,ABarpaaapp|ABpraaaapp|ABpraaapap|ABpraapaaa,1
PHA_02722,ABarpapapa,184,185,13,10,4,4,ABarpapapa|ABpraaappp|ABprpaappa|ABprpaappp,ABarpapapa|ABpraaappp|ABprpaappa|ABprpaappp,1
PHA_02723,ABarppaapp,184,185,24,20,3,3,ABarppaapp|Cppaaa|Eplap,ABarppaapp|Cppaaa|Eplap,1
PHA_02724,ABarpppppa,184,185,14,11,3,3,ABarpppppa|ABprappapa|Cpaaap,ABarpppppa|ABprappapa|Cpaaap,1
PHA_02725,ABplapaapa,184,185,23,19,3,3,ABplapaapa|Earpp|Eplaa,ABplapaapa|Earpp|Eplaa,1
PHA_02726,ABplappapp,184,185,15,12,4,4,ABplappapp|ABplapppap|ABplpppapp|ABplpppppp,ABplappapp|ABplapppap|ABplpppapp|ABplpppppp,1
PHA_02727,ABplapppap,184,185,15,12,4,4,ABplappapp|ABplapppap|ABplpppapp|ABplpppppp,ABplappapp|ABplapppap|ABplpppapp|ABplpppppp,1
PHA_02728,ABplpaaaaa,184,185,16,17,4,4,ABaraappap|ABplpaaaaa|MSaaaaaa|MSapaaap,ABaraappap|ABplpaaaaa|MSaaaaaa|MSapaaap,1
PHA_02729,ABplpapaaa,184,185,7,14,3,3,ABalpapppp|ABalppappp|ABplpapaaa,ABalpapppp|ABalppappp|ABplpapaaa,1
PHA_02730,ABplpppapp,184,185,15,12,4,4,ABplappapp|ABplapppap|ABplpppapp|ABplpppppp,ABplappapp|ABplapppap|ABplpppapp|ABplpppppp,1
PHA_02731,ABplpppppp,184,185,15,12,4,4,ABplappapp|ABplapppap|ABplpppapp|ABplpppppp,ABplappapp|ABplapppap|ABplpppapp|ABplpppppp,1
PHA_02732,ABpraaaapp,184,185,12,15,4,4,ABarpaaapp|ABpraaaapp|ABpraaapap|ABpraapaaa,ABarpaaapp|ABpraaaapp|ABpraaapap|ABpraapaaa,1
PHA_02733,ABpraaapap,184,185,12,15,4,4,ABarpaaapp|ABpraaaapp|ABpraaapap|ABpraapaaa,ABarpaaapp|ABpraaaapp|ABpraaapap|ABpraapaaa,1
PHA_02734,ABpraaappp,184,185,13,10,4,4,ABarpapapa|ABpraaappp|ABprpaappa|ABprpaappp,ABarpapapa|ABpraaappp|ABprpaappa|ABprpaappp,1
PHA_02735,ABpraapaaa,184,185,12,15,4,4,ABarpaaapp|ABpraaaapp|ABpraaapap|ABpraapaaa,ABarpaaapp|ABpraaaapp|ABpraaapap|ABpraapaaa,1
PHA_02736,ABprappapa,184,185,14,11,3,3,ABarpppppa|ABprappapa|Cpaaap,ABarpppppa|ABprappapa|Cpaaap,1
PHA_02737,ABprpaappa,184,185,13,10,4,4,ABarpapapa|ABpraaappp|ABprpaappa|ABprpaappp,ABarpapapa|ABpraaappp|ABprpaappa|ABprpaappp,1
PHA_02738,ABprpaappp,184,185,13,10,4,4,ABarpapapa|ABpraaappp|ABprpaappa|ABprpaappp,ABarpapapa|ABpraaappp|ABprpaappa|ABprpaappp,1
PHA_02739,MSaaaaaa,184,185,16,17,4,4,ABaraappap|ABplpaaaaa|MSaaaaaa|MSapaaap,ABaraappap|ABplpaaaaa|MSaaaaaa|MSapaaap,1
PHA_02740,MSapaaap,184,185,16,17,4,4,ABaraappap|ABplpaaaaa|MSaaaaaa|MSapaaap,ABaraappap|ABplpaaaaa|MSaaaaaa|MSapaaap,1
PHA_02741,Earpp,184,185,23,19,3,3,ABplapaapa|Earpp|Eplaa,ABplapaapa|Earpp|Eplaa,1
PHA_02742,Eplaa,184,185,23,19,3,3,ABplapaapa|Earpp|Eplaa,ABplapaapa|Earpp|Eplaa,1
PHA_02743,Eplap,184,185,24,20,3,3,ABarppaapp|Cppaaa|Eplap,ABarppaapp|Cppaaa|Eplap,1
PHA_02744,Cpaaap,184,185,14,11,3,3,ABarpppppa|ABprappapa|Cpaaap,ABarpppppa|ABprappapa|Cpaaap,1
PHA_02745,Cppaaa,184,185,24,20,3,3,ABarppaapp|Cppaaa|Eplap,ABarppaapp|Cppaaa|Eplap,1
PHA_02746,ABalappapp,185,186,2,3,4,4,ABalappapp|ABalapppaa|ABalppppaa|ABarappaaa,ABalappapp|ABalapppaa|ABalppppaa|ABarappaaa,1
PHA_02747,ABalapppaa,185,186,2,3,4,4,ABalappapp|ABalapppaa|ABalppppaa|ABarappaaa,ABalappapp|ABalapppaa|ABalppppaa|ABarappaaa,1
PHA_02748,ABalpapapp,185,186,5,7,3,3,ABalpapapp|ABalpapppa|ABalppappa,ABalpapapp|ABalpapppa|ABalppappa,1
PHA_02749,ABalpapppa,185,186,5,7,3,3,ABalpapapp|ABalpapppa|ABalppappa,ABalpapapp|ABalpapppa|ABalppappa,1
PHA_02750,ABalpapppp,185,186,14,21,3,3,ABalpapppp|ABalppappp|ABplpapaaa,ABalpapppp|ABalppappp|ABplpapaaa,1
PHA_02751,ABalppappa,185,186,5,7,3,3,ABalpapapp|ABalpapppa|ABalppappa,ABalpapapp|ABalpapppa|ABalppappa,1
PHA_02752,ABalppappp,185,186,14,21,3,3,ABalpapppp|ABalppappp|ABplpapaaa,ABalpapppp|ABalppappp|ABplpapaaa,1
PHA_02753,ABalppppaa,185,186,2,3,4,4,ABalappapp|ABalapppaa|ABalppppaa|ABarappaaa,ABalappapp|ABalapppaa|ABalppppaa|ABarappaaa,1
PHA_02754,ABaraappap,185,186,17,18,4,4,ABaraappap|ABplpaaaaa|MSaaaaaa|MSapaaap,ABaraappap|ABplpaaaaa|MSaaaaaa|MSapaaap,1
PHA_02755,ABarapappp,185,186,7,10,3,3,ABarapappp|MSaaapap|MSpaapap,ABarapappp|MSaaapap|MSpaapap,1
PHA_02756,ABarappaaa,185,186,2,3,4,4,ABalappapp|ABalapppaa|ABalppppaa|ABarappaaa,ABalappapp|ABalapppaa|ABalppppaa|ABarappaaa,1
PHA_02757,ABarpapapa,185,186,10,12,4,4,ABarpapapa|ABpraaappp|ABprpaappa|ABprpaappp,ABarpapapa|ABpraaappp|ABprpaappa|ABprpaappp,1
PHA_02758,ABarpappap,185,186,16,25,3,3,ABarpappap|ABarpapppa|ABpraappap,ABarpappap|ABarpapppa|ABpraappap,1
PHA_02759,ABarpapppa,185,186,16,25,3,3,ABarpappap|ABarpapppa|ABpraappap,ABarpappap|ABarpapppa|ABpraappap,1
PHA_02760,ABarppaapp,185,186,20,30,3,3,ABarppaapp|Cppaaa|Eplap,ABarppaapp|Cppaaa|Eplap,1
PHA_02761,ABarpppppa,185,186,11,15,3,3,ABarpppppa|ABprappapa|Cpaaap,ABarpppppa|ABprappapa|Cpaaap,1
PHA_02762,ABplapappp,185,186,22,33,3,3,ABplapappp|Caappv|Cpappv,ABplapappp|Caappv|Cpappv,1
PHA_02763,ABplpaaaaa,185,186,17,18,4,4,ABaraappap|ABplpaaaaa|MSaaaaaa|MSapaaap,ABaraappap|ABplpaaaaa|MSaaaaaa|MSapaaap,1
PHA_02764,ABplpapaaa,185,186,14,21,3,3,ABalpapppp|ABalppappp|ABplpapaaa,ABalpapppp|ABalppappp|ABplpapaaa,1
PHA_02765,ABpraaappp,185,186,10,12,4,4,ABarpapapa|ABpraaappp|ABprpaappa|ABprpaappp,ABarpapapa|ABpraaappp|ABprpaappa|ABprpaappp,1
PHA_02766,ABpraappap,185,186,16,25,3,3,ABarpappap|ABarpapppa|ABpraappap,ABarpappap|ABarpapppa|ABpraappap,1
PHA_02767,ABprappaaa,185,186,23,34,3,3,ABprappaaa|Caaaaa|Dppp,ABprappaaa|Caaaaa|Dppp,1
PHA_02768,ABprappapa,185,186,11,15,3,3,ABarpppppa|ABprappapa|Cpaaap,ABarpppppa|ABprappapa|Cpaaap,1
PHA_02769,ABprpaappa,185,186,10,12,4,4,ABarpapapa|ABpraaappp|ABprpaappa|ABprpaappp,ABarpapapa|ABpraaappp|ABprpaappa|ABprpaappp,1
PHA_02770,ABprpaappp,185,186,10,12,4,4,ABarpapapa|ABpraaappp|ABprpaappa|ABprpaappp,ABarpapapa|ABpraaappp|ABprpaappa|ABprpaappp,1
PHA_02771,MSaaaaaa,185,186,17,18,4,4,ABaraappap|ABplpaaaaa|MSaaaaaa|MSapaaap,ABaraappap|ABplpaaaaa|MSaaaaaa|MSapaaap,1
PHA_02772,MSaaapap,185,186,7,10,3,3,ABarapappp|MSaaapap|MSpaapap,ABarapappp|MSaaapap|MSpaapap,1
PHA_02773,MSapaaap,185,186,17,18,4,4,ABaraappap|ABplpaaaaa|MSaaaaaa|MSapaaap,ABaraappap|ABplpaaaaa|MSaaaaaa|MSapaaap,1
PHA_02774,MSpaapap,185,186,7,10,3,3,ABarapappp|MSaaapap|MSpaapap,ABarapappp|MSaaapap|MSpaapap,1
PHA_02775,Eplap,185,186,20,30,3,3,ABarppaapp|Cppaaa|Eplap,ABarppaapp|Cppaaa|Eplap,1
PHA_02776,Eprpa,185,186,21,31,3,3,Caaaap|Cppppa|Eprpa,Caaaap|Cppppa|Eprpa,1
PHA_02777,Caaaaa,185,186,23,34,3,3,ABprappaaa|Caaaaa|Dppp,ABprappaaa|Caaaaa|Dppp,1
PHA_02778,Caaaap,185,186,21,31,3,3,Caaaap|Cppppa|Eprpa,Caaaap|Cppppa|Eprpa,1
PHA_02779,Caappv,185,186,22,33,3,3,ABplapappp|Caappv|Cpappv,ABplapappp|Caappv|Cpappv,1
PHA_02780,Cpaaap,185,186,11,15,3,3,ABarpppppa|ABprappapa|Cpaaap,ABarpppppa|ABprappapa|Cpaaap,1
PHA_02781,Cpappv,185,186,22,33,3,3,ABplapappp|Caappv|Cpappv,ABplapappp|Caappv|Cpappv,1
PHA_02782,Cppaaa,185,186,20,30,3,3,ABarppaapp|Cppaaa|Eplap,ABarppaapp|Cppaaa|Eplap,1
PHA_02783,Cppppa,185,186,21,31,3,3,Caaaap|Cppppa|Eprpa,Caaaap|Cppppa|Eprpa,1
PHA_02784,Dppp,185,186,23,34,3,3,ABprappaaa|Caaaaa|Dppp,ABprappaaa|Caaaaa|Dppp,1
PHA_02785,ABalaapapp,186,187,2,3,3,3,ABalaapapp|ABaraapaaa|ABaraapaap,ABalaapapp|ABaraapaaa|ABaraapaap,1
PHA_02786,ABalapapaa,186,187,4,5,4,4,ABalapapaa|ABalapppap|ABalappppa|ABplaapaaa,ABalapapaa|ABalapppap|ABalappppa|ABplaapaaa,1
PHA_02787,ABalappapp,186,187,3,4,4,4,ABalappapp|ABalapppaa|ABalppppaa|ABarappaaa,ABalappapp|ABalapppaa|ABalppppaa|ABarappaaa,1
PHA_02788,ABalapppaa,186,187,3,4,4,4,ABalappapp|ABalapppaa|ABalppppaa|ABarappaaa,ABalappapp|ABalapppaa|ABalppppaa|ABarappaaa,1
PHA_02789,ABalapppap,186,187,4,5,4,4,ABalapapaa|ABalapppap|ABalappppa|ABplaapaaa,ABalapapaa|ABalapppap|ABalappppa|ABplaapaaa,1
PHA_02790,ABalappppa,186,187,4,5,4,4,ABalapapaa|ABalapppap|ABalappppa|ABplaapaaa,ABalapapaa|ABalapppap|ABalappppa|ABplaapaaa,1
PHA_02791,ABalppppaa,186,187,3,4,4,4,ABalappapp|ABalapppaa|ABalppppaa|ABarappaaa,ABalappapp|ABalapppaa|ABalppppaa|ABarappaaa,1
PHA_02792,ABaraapaaa,186,187,2,3,3,3,ABalaapapp|ABaraapaaa|ABaraapaap,ABalaapapp|ABaraapaaa|ABaraapaap,1
PHA_02793,ABaraapaap,186,187,2,3,3,3,ABalaapapp|ABaraapaaa|ABaraapaap,ABalaapapp|ABaraapaaa|ABaraapaap,1
PHA_02794,ABaraapppa,186,187,27,18,3,3,ABaraapppa|ABplpaaaap|MSaaaapa,ABaraapppa|ABplpaaaap|MSaaaapa,1
PHA_02795,ABarappaaa,186,187,3,4,4,4,ABalappapp|ABalapppaa|ABalppppaa|ABarappaaa,ABalappapp|ABalapppaa|ABalppppaa|ABarappaaa,1
PHA_02796,ABarpapppp,186,187,13,12,3,3,ABarpapppp|ABarpppaaa|ABprapaaaa,ABarpapppp|ABarpppaaa|ABprapaaaa,1
PHA_02797,ABarpppaaa,186,187,13,12,3,3,ABarpapppp|ABarpppaaa|ABprapaaaa,ABarpapppp|ABarpppaaa|ABprapaaaa,1
PHA_02798,ABarpppppa,186,187,15,13,3,3,ABarpppppa|ABprappapa|Cpaaap,ABarpppppa|ABprappapa|Cpaaap,1
PHA_02799,ABplaapaaa,186,187,4,5,4,4,ABalapapaa|ABalapppap|ABalappppa|ABplaapaaa,ABalapapaa|ABalapppap|ABalappppa|ABplaapaaa,1
PHA_02800,ABplpaaaap,186,187,27,18,3,3,ABaraapppa|ABplpaaaap|MSaaaapa,ABaraapppa|ABplpaaaap|MSaaaapa,1
PHA_02801,ABplpapppa,186,187,22,14,4,4,ABplpapppa|ABplppappa|ABplpppaaa|ABplppppaa,ABplpapppa|ABplppappa|ABplpppaaa|ABplppppaa,1
PHA_02802,ABplppappa,186,187,22,14,4,4,ABplpapppa|ABplppappa|ABplpppaaa|ABplppppaa,ABplpapppa|ABplppappa|ABplpppaaa|ABplppppaa,1
PHA_02803,ABplpppaaa,186,187,22,14,4,4,ABplpapppa|ABplppappa|ABplpppaaa|ABplppppaa,ABplpapppa|ABplppappa|ABplpppaaa|ABplppppaa,1
PHA_02804,ABplppppaa,186,187,22,14,4,4,ABplpapppa|ABplppappa|ABplpppaaa|ABplppppaa,ABplpapppa|ABplppappa|ABplpppaaa|ABplppppaa,1
PHA_02805,ABpraaaapp,186,187,24,15,3,3,ABpraaaapp|ABpraaapap|ABpraapaaa,ABpraaaapp|ABpraaapap|ABpraapaaa,1
PHA_02806,ABpraaapap,186,187,24,15,3,3,ABpraaaapp|ABpraaapap|ABpraapaaa,ABpraaaapp|ABpraaapap|ABpraapaaa,1
PHA_02807,ABpraapaaa,186,187,24,15,3,3,ABpraaaapp|ABpraaapap|ABpraapaaa,ABpraaaapp|ABpraaapap|ABpraapaaa,1
PHA_02808,ABprapaaaa,186,187,13,12,3,3,ABarpapppp|ABarpppaaa|ABprapaaaa,ABarpapppp|ABarpppaaa|ABprapaaaa,1
PHA_02809,ABprappapa,186,187,15,13,3,3,ABarpppppa|ABprappapa|Cpaaap,ABarpppppa|ABprappapa|Cpaaap,1
PHA_02810,MSaaaapa,186,187,27,18,3,3,ABaraapppa|ABplpaaaap|MSaaaapa,ABaraapppa|ABplpaaaap|MSaaaapa,1
PHA_02811,Eprpa,186,187,31,23,3,3,Caaaap|Cppppa|Eprpa,Caaaap|Cppppa|Eprpa,1
PHA_02812,Caaaap,186,187,31,23,3,3,Caaaap|Cppppa|Eprpa,Caaaap|Cppppa|Eprpa,1
PHA_02813,Cpaaap,186,187,15,13,3,3,ABarpppppa|ABprappapa|Cpaaap,ABarpppppa|ABprappapa|Cpaaap,1
PHA_02814,Cppppa,186,187,31,23,3,3,Caaaap|Cppppa|Eprpa,Caaaap|Cppppa|Eprpa,1
PHA_02815,ABalapapaa,187,188,5,6,4,4,ABalapapaa|ABalapppap|ABalappppa|ABplaapaaa,ABalapapaa|ABalapppap|ABalappppa|ABplaapaaa,1
PHA_02816,ABalapppap,187,188,5,6,4,4,ABalapapaa|ABalapppap|ABalappppa|ABplaapaaa,ABalapapaa|ABalapppap|ABalappppa|ABplaapaaa,1
PHA_02817,ABalappppa,187,188,5,6,4,4,ABalapapaa|ABalapppap|ABalappppa|ABplaapaaa,ABalapapaa|ABalapppap|ABalappppa|ABplaapaaa,1
PHA_02818,ABalpppapa,187,188,8,27,3,3,ABalpppapa|MSaaaaap|MSpaaaap,ABalpppapa|MSaaaaap|MSpaaaap,1
PHA_02819,ABalppppap,187,188,20,28,3,3,ABalppppap|ABarapapap|MSpaaapa,ABalppppap|ABarapapap|MSpaaapa,1
PHA_02820,ABarapapap,187,188,20,28,3,3,ABalppppap|ABarapapap|MSpaaapa,ABalppppap|ABarapapap|MSpaaapa,1
PHA_02821,ABarpppppa,187,188,13,21,3,3,ABarpppppa|ABprappapa|Cpaaap,ABarpppppa|ABprappapa|Cpaaap,1
PHA_02822,ABplaapaaa,187,188,5,6,4,4,ABalapapaa|ABalapppap|ABalappppa|ABplaapaaa,ABalapapaa|ABalapppap|ABalappppa|ABplaapaaa,1
PHA_02823,ABplapaapa,187,188,22,30,3,3,ABplapaapa|Earpp|Eplaa,ABplapaapa|Earpp|Eplaa,1
PHA_02824,ABplpaapaa,187,188,19,13,3,3,ABplpaapaa|MSaaapaa|MSapapaa,ABplpaapaa|MSaaapaa|MSapapaa,1
PHA_02825,ABplpapppa,187,188,14,18,4,4,ABplpapppa|ABplppappa|ABplpppaaa|ABplppppaa,ABplpapppa|ABplppappa|ABplpppaaa|ABplppppaa,1
PHA_02826,ABplppappa,187,188,14,18,4,4,ABplpapppa|ABplppappa|ABplpppaaa|ABplppppaa,ABplpapppa|ABplppappa|ABplpppaaa|ABplppppaa,1
PHA_02827,ABplpppaaa,187,188,14,18,4,4,ABplpapppa|ABplppappa|ABplpppaaa|ABplppppaa,ABplpapppa|ABplppappa|ABplpppaaa|ABplppppaa,1
PHA_02828,ABplppppaa,187,188,14,18,4,4,ABplpapppa|ABplppappa|ABplpppaaa|ABplppppaa,ABplpapppa|ABplppappa|ABplpppaaa|ABplppppaa,1
PHA_02829,ABpraaaapp,187,188,15,19,3,3,ABpraaaapp|ABpraaapap|ABpraapaaa,ABpraaaapp|ABpraaapap|ABpraapaaa,1
PHA_02830,ABpraaapap,187,188,15,19,3,3,ABpraaaapp|ABpraaapap|ABpraapaaa,ABpraaaapp|ABpraaapap|ABpraapaaa,1
PHA_02831,ABpraapaaa,187,188,15,19,3,3,ABpraaaapp|ABpraaapap|ABpraapaaa,ABpraaaapp|ABpraaapap|ABpraapaaa,1
PHA_02832,ABprappapa,187,188,13,21,3,3,ABarpppppa|ABprappapa|Cpaaap,ABarpppppa|ABprappapa|Cpaaap,1
PHA_02833,ABprpapapp,187,188,21,29,3,3,ABprpapapp|Ealap|Ealpa,ABprpapapp|Ealap|Ealpa,1
PHA_02834,ABprppappp,187,188,17,23,3,3,ABprppappp|Cppppp|Eprpp,ABprppappp|Cppppp|Eprpp,1
PHA_02835,MSaaaaap,187,188,8,27,3,3,ABalpppapa|MSaaaaap|MSpaaaap,ABalpppapa|MSaaaaap|MSpaaaap,1
PHA_02836,MSaaapaa,187,188,19,13,3,3,ABplpaapaa|MSaaapaa|MSapapaa,ABplpaapaa|MSaaapaa|MSapapaa,1
PHA_02837,MSapapaa,187,188,19,13,3,3,ABplpaapaa|MSaaapaa|MSapapaa,ABplpaapaa|MSaaapaa|MSapapaa,1
PHA_02838,MSpaaaap,187,188,8,27,3,3,ABalpppapa|MSaaaaap|MSpaaaap,ABalpppapa|MSaaaaap|MSpaaaap,1
PHA_02839,MSpaaapa,187,188,20,28,3,3,ABalppppap|ABarapapap|MSpaaapa,ABalppppap|ABarapapap|MSpaaapa,1
PHA_02840,Ealap,187,188,21,29,3,3,ABprpapapp|Ealap|Ealpa,ABprpapapp|Ealap|Ealpa,1
PHA_02841,Ealpa,187,188,21,29,3,3,ABprpapapp|Ealap|Ealpa,ABprpapapp|Ealap|Ealpa,1
PHA_02842,Earpp,187,188,22,30,3,3,ABplapaapa|Earpp|Eplaa,ABplapaapa|Earpp|Eplaa,1
PHA_02843,Eplaa,187,188,22,30,3,3,ABplapaapa|Earpp|Eplaa,ABplapaapa|Earpp|Eplaa,1
PHA_02844,Eprpa,187,188,23,32,3,3,Caaaap|Cppppa|Eprpa,Caaaap|Cppppa|Eprpa,1
PHA_02845,Eprpp,187,188,17,23,3,3,ABprppappp|Cppppp|Eprpp,ABprppappp|Cppppp|Eprpp,1
PHA_02846,Caaaap,187,188,23,32,3,3,Caaaap|Cppppa|Eprpa,Caaaap|Cppppa|Eprpa,1
PHA_02847,Cpaaap,187,188,13,21,3,3,ABarpppppa|ABprappapa|Cpaaap,ABarpppppa|ABprappapa|Cpaaap,1
PHA_02848,Cppppa,187,188,23,32,3,3,Caaaap|Cppppa|Eprpa,Caaaap|Cppppa|Eprpa,1
PHA_02849,Cppppp,187,188,17,23,3,3,ABprppappp|Cppppp|Eprpp,ABprppappp|Cppppp|Eprpp,1
PHA_02850,ABalapaapp,188,189,3,4,4,4,ABalapaapp|ABalpppaaa|ABarapapaa|ABplaaaapa,ABalapaapp|ABalpppaaa|ABarapapaa|ABplaaaapa,1
PHA_02851,ABalappaaa,188,189,4,5,3,3,ABalappaaa|ABalppaapp|ABarapaapa,ABalappaaa|ABalppaapp|ABarapaapa,1
PHA_02852,ABalpapppp,188,189,16,17,3,3,ABalpapppp|ABalppappp|ABplpapaaa,ABalpapppp|ABalppappp|ABplpapaaa,1
PHA_02853,ABalppaapp,188,189,4,5,3,3,ABalappaaa|ABalppaapp|ABarapaapa,ABalappaaa|ABalppaapp|ABarapaapa,1
PHA_02854,ABalppappp,188,189,16,17,3,3,ABalpapppp|ABalppappp|ABplpapaaa,ABalpapppp|ABalppappp|ABplpapaaa,1
PHA_02855,ABalpppaaa,188,189,3,4,4,4,ABalapaapp|ABalpppaaa|ABarapapaa|ABplaaaapa,ABalapaapp|ABalpppaaa|ABarapapaa|ABplaaaapa,1
PHA_02856,ABalpppapa,188,189,27,10,3,3,ABalpppapa|MSaaaaap|MSpaaaap,ABalpppapa|MSaaaaap|MSpaaaap,1
PHA_02857,ABaraappap,188,189,12,15,4,4,ABaraappap|ABplpaaaaa|MSaaaaaa|MSapaaap,ABaraappap|ABplpaaaaa|MSaaaaaa|MSapaaap,1
PHA_02858,ABaraapppp,188,189,8,11,3,3,ABaraapppp|MSaaaapp|MSapaap,ABaraapppp|MSaaaapp|MSapaap,1
PHA_02859,ABarapaapa,188,189,4,5,3,3,ABalappaaa|ABalppaapp|ABarapaapa,ABalappaaa|ABalppaapp|ABarapaapa,1
PHA_02860,ABarapapaa,188,189,3,4,4,4,ABalapaapp|ABalpppaaa|ABarapapaa|ABplaaaapa,ABalapaapp|ABalpppaaa|ABarapapaa|ABplaaaapa,1
PHA_02861,ABarpapapa,188,189,10,14,4,4,ABarpapapa|ABpraaappp|ABprpaappa|ABprpaappp,ABarpapapa|ABpraaappp|ABprpaappa|ABprpaappp,1
PHA_02862,ABplaaaapa,188,189,3,4,4,4,ABalapaapp|ABalpppaaa|ABarapapaa|ABplaaaapa,ABalapaapp|ABalpppaaa|ABarapapaa|ABplaaaapa,1
PHA_02863,ABplapaapa,188,189,30,28,3,3,ABplapaapa|Earpp|Eplaa,ABplapaapa|Earpp|Eplaa,1
PHA_02864,ABplapappp,188,189,33,30,3,3,ABplapappp|Caappv|Cpappv,ABplapappp|Caappv|Cpappv,1
PHA_02865,ABplpaaaaa,188,189,12,15,4,4,ABaraappap|ABplpaaaaa|MSaaaaaa|MSapaaap,ABaraappap|ABplpaaaaa|MSaaaaaa|MSapaaap,1
PHA_02866,ABplpaapaa,188,189,13,23,3,3,ABplpaapaa|MSaaapaa|MSapapaa,ABplpaapaa|MSaaapaa|MSapapaa,1
PHA_02867,ABplpaapap,188,189,14,16,3,3,ABplpaapap|MSaaappa|MSapapap,ABplpaapap|MSaaappa|MSapapap,1
PHA_02868,ABplpaappa,188,189,26,24,3,3,ABplpaappa|MSaaappp|MSapappp,ABplpaappa|MSaaappp|MSapappp,1
PHA_02869,ABplpapaaa,188,189,16,17,3,3,ABalpapppp|ABalppappp|ABplpapaaa,ABalpapppp|ABalppappp|ABplpapaaa,1
PHA_02870,ABpraaappp,188,189,10,14,4,4,ABarpapapa|ABpraaappp|ABprpaappa|ABprpaappp,ABarpapapa|ABpraaappp|ABprpaappa|ABprpaappp,1
PHA_02871,ABprpaappa,188,189,10,14,4,4,ABarpapapa|ABpraaappp|ABprpaappa|ABprpaappp,ABarpapapa|ABpraaappp|ABprpaappa|ABprpaappp,1
PHA_02872,ABprpaappp,188,189,10,14,4,4,ABarpapapa|ABpraaappp|ABprpaappa|ABprpaappp,ABarpapapa|ABpraaappp|ABprpaappa|ABprpaappp,1
PHA_02873,ABprpapapp,188,189,29,27,3,3,ABprpapapp|Ealap|Ealpa,ABprpapapp|Ealap|Ealpa,1
PHA_02874,ABprppappa,188,189,22,20,3,3,ABprppappa|Cppapa|Eplpa,ABprppappa|Cppapa|Eplpa,1
PHA_02875,ABprpppapa,188,189,24,21,3,3,ABprpppapa|ABprpppapp|Caapa,ABprpppapa|ABprpppapp|Caapa,1
PHA_02876,ABprpppapp,188,189,24,21,3,3,ABprpppapa|ABprpppapp|Caapa,ABprpppapa|ABprpppapp|Caapa,1
PHA_02877,MSaaaaaa,188,189,12,15,4,4,ABaraappap|ABplpaaaaa|MSaaaaaa|MSapaaap,ABaraappap|ABplpaaaaa|MSaaaaaa|MSapaaap,1
PHA_02878,MSaaaaap,188,189,27,10,3,3,ABalpppapa|MSaaaaap|MSpaaaap,ABalpppapa|MSaaaaap|MSpaaaap,1
PHA_02879,MSaaaapp,188,189,8,11,3,3,ABaraapppp|MSaaaapp|MSapaap,ABaraapppp|MSaaaapp|MSapaap,1
PHA_02880,MSaaapaa,188,189,13,23,3,3,ABplpaapaa|MSaaapaa|MSapapaa,ABplpaapaa|MSaaapaa|MSapapaa,1
PHA_02881,MSaaappa,188,189,14,16,3,3,ABplpaapap|MSaaappa|MSapapap,ABplpaapap|MSaaappa|MSapapap,1
PHA_02882,MSaaappp,188,189,26,24,3,3,ABplpaappa|MSaaappp|MSapappp,ABplpaappa|MSaaappp|MSapappp,1
PHA_02883,MSapaaap,188,189,12,15,4,4,ABaraappap|ABplpaaaaa|MSaaaaaa|MSapaaap,ABaraappap|ABplpaaaaa|MSaaaaaa|MSapaaap,1
PHA_02884,MSapaap,188,189,8,11,3,3,ABaraapppp|MSaaaapp|MSapaap,ABaraapppp|MSaaaapp|MSapaap,1
PHA_02885,MSapapaa,188,189,13,23,3,3,ABplpaapaa|MSaaapaa|MSapapaa,ABplpaapaa|MSaaapaa|MSapapaa,1
PHA_02886,MSapapap,188,189,14,16,3,3,ABplpaapap|MSaaappa|MSapapap,ABplpaapap|MSaaappa|MSapapap,1
PHA_02887,MSapappp,188,189,26,24,3,3,ABplpaappa|MSaaappp|MSapappp,ABplpaappa|MSaaappp|MSapappp,1
PHA_02888,MSpaaaap,188,189,27,10,3,3,ABalpppapa|MSaaaaap|MSpaaaap,ABalpppapa|MSaaaaap|MSpaaaap,1
PHA_02889,Ealap,188,189,29,27,3,3,ABprpapapp|Ealap|Ealpa,ABprpapapp|Ealap|Ealpa,1
PHA_02890,Ealpa,188,189,29,27,3,3,ABprpapapp|Ealap|Ealpa,ABprpapapp|Ealap|Ealpa,1
PHA_02891,Earpp,188,189,30,28,3,3,ABplapaapa|Earpp|Eplaa,ABplapaapa|Earpp|Eplaa,1
PHA_02892,Eplaa,188,189,30,28,3,3,ABplapaapa|Earpp|Eplaa,ABplapaapa|Earpp|Eplaa,1
PHA_02893,Eplpa,188,189,22,20,3,3,ABprppappa|Cppapa|Eplpa,ABprppappa|Cppapa|Eplpa,1
PHA_02894,Eprpa,188,189,32,29,3,3,Caaaap|Cppppa|Eprpa,Caaaap|Cppppa|Eprpa,1
PHA_02895,Caaaap,188,189,32,29,3,3,Caaaap|Cppppa|Eprpa,Caaaap|Cppppa|Eprpa,1
PHA_02896,Caapa,188,189,24,21,3,3,ABprpppapa|ABprpppapp|Caapa,ABprpppapa|ABprpppapp|Caapa,1
PHA_02897,Caappv,188,189,33,30,3,3,ABplapappp|Caappv|Cpappv,ABplapappp|Caappv|Cpappv,1
PHA_02898,Cpappv,188,189,33,30,3,3,ABplapappp|Caappv|Cpappv,ABplapappp|Caappv|Cpappv,1
PHA_02899,Cppapa,188,189,22,20,3,3,ABprppappa|Cppapa|Eplpa,ABprppappa|Cppapa|Eplpa,1
PHA_02900,Cppppa,188,189,32,29,3,3,Caaaap|Cppppa|Eprpa,Caaaap|Cppppa|Eprpa,1
PHA_02901,ABalapppaa,189,190,6,5,3,3,ABalapppaa|ABalppppaa|ABarappaaa,ABalapppaa|ABalppppaa|ABarappaaa,1
PHA_02902,ABalpaapap,189,190,9,7,3,3,ABalpaapap|ABalpaappp|ABaraaapap,ABalpaapap|ABalpaappp|ABaraaapap,1
PHA_02903,ABalpaappp,189,190,9,7,3,3,ABalpaapap|ABalpaappp|ABaraaapap,ABalpaapap|ABalpaappp|ABaraaapap,1
PHA_02904,ABalppppaa,189,190,6,5,3,3,ABalapppaa|ABalppppaa|ABarappaaa,ABalapppaa|ABalppppaa|ABarappaaa,1
PHA_02905,ABaraaapap,189,190,9,7,3,3,ABalpaapap|ABalpaappp|ABaraaapap,ABalpaapap|ABalpaappp|ABaraaapap,1
PHA_02906,ABaraappap,189,190,15,20,4,4,ABaraappap|ABplpaaaaa|MSaaaaaa|MSapaaap,ABaraappap|ABplpaaaaa|MSaaaaaa|MSapaaap,1
PHA_02907,ABaraapppp,189,190,11,21,3,3,ABaraapppp|MSaaaapp|MSapaap,ABaraapppp|MSaaaapp|MSapaap,1
PHA_02908,ABarappaaa,189,190,6,5,3,3,ABalapppaa|ABalppppaa|ABarappaaa,ABalapppaa|ABalppppaa|ABarappaaa,1
PHA_02909,ABarpaapap,189,190,26,24,3,3,ABarpaapap|ABprppaaaa|MSppppa,ABarpaapap|ABprppaaaa|MSppppa,1
PHA_02910,ABplapappp,189,190,30,26,3,3,ABplapappp|Caappv|Cpappv,ABplapappp|Caappv|Cpappv,1
PHA_02911,ABplpaaaaa,189,190,15,20,4,4,ABaraappap|ABplpaaaaa|MSaaaaaa|MSapaaap,ABaraappap|ABplpaaaaa|MSaaaaaa|MSapaaap,1
PHA_02912,ABplpaapap,189,190,16,14,3,3,ABplpaapap|MSaaappa|MSapapap,ABplpaapap|MSaaappa|MSapapap,1
PHA_02913,ABplpaappa,189,190,24,15,3,3,ABplpaappa|MSaaappp|MSapappp,ABplpaappa|MSaaappp|MSapappp,1
PHA_02914,ABplpapppa,189,190,18,16,4,4,ABplpapppa|ABplppappa|ABplpppaaa|ABplppppaa,ABplpapppa|ABplppappa|ABplpppaaa|ABplppppaa,1
PHA_02915,ABplppappa,189,190,18,16,4,4,ABplpapppa|ABplppappa|ABplpppaaa|ABplppppaa,ABplpapppa|ABplppappa|ABplpppaaa|ABplppppaa,1
PHA_02916,ABplpppaaa,189,190,18,16,4,4,ABplpapppa|ABplppappa|ABplpppaaa|ABplppppaa,ABplpapppa|ABplppappa|ABplpppaaa|ABplppppaa,1
PHA_02917,ABplppppaa,189,190,18,16,4,4,ABplpapppa|ABplppappa|ABplpppaaa|ABplppppaa,ABplpapppa|ABplppappa|ABplpppaaa|ABplppppaa,1
PHA_02918,ABpraaaapp,189,190,19,17,3,3,ABpraaaapp|ABpraaapap|ABpraapaaa,ABpraaaapp|ABpraaapap|ABpraapaaa,1
PHA_02919,ABpraaapap,189,190,19,17,3,3,ABpraaaapp|ABpraaapap|ABpraapaaa,ABpraaaapp|ABpraaapap|ABpraapaaa,1
PHA_02920,ABpraapaaa,189,190,19,17,3,3,ABpraaaapp|ABpraaapap|ABpraapaaa,ABpraaaapp|ABpraaapap|ABpraapaaa,1
PHA_02921,ABprpapapp,189,190,27,25,3,3,ABprpapapp|Ealap|Ealpa,ABprpapapp|Ealap|Ealpa,1
PHA_02922,ABprppaaaa,189,190,26,24,3,3,ABarpaapap|ABprppaaaa|MSppppa,ABarpaapap|ABprppaaaa|MSppppa,1
PHA_02923,ABprppappa,189,190,20,19,3,3,ABprppappa|Cppapa|Eplpa,ABprppappa|Cppapa|Eplpa,1
PHA_02924,MSaaaaaa,189,190,15,20,4,4,ABaraappap|ABplpaaaaa|MSaaaaaa|MSapaaap,ABaraappap|ABplpaaaaa|MSaaaaaa|MSapaaap,1
PHA_02925,MSaaaapp,189,190,11,21,3,3,ABaraapppp|MSaaaapp|MSapaap,ABaraapppp|MSaaaapp|MSapaap,1
PHA_02926,MSaaappa,189,190,16,14,3,3,ABplpaapap|MSaaappa|MSapapap,ABplpaapap|MSaaappa|MSapapap,1
PHA_02927,MSaaappp,189,190,24,15,3,3,ABplpaappa|MSaaappp|MSapappp,ABplpaappa|MSaaappp|MSapappp,1
PHA_02928,MSapaaap,189,190,15,20,4,4,ABaraappap|ABplpaaaaa|MSaaaaaa|MSapaaap,ABaraappap|ABplpaaaaa|MSaaaaaa|MSapaaap,1
PHA_02929,MSapaap,189,190,11,21,3,3,ABaraapppp|MSaaaapp|MSapaap,ABaraapppp|MSaaaapp|MSapaap,1
PHA_02930,MSapapap,189,190,16,14,3,3,ABplpaapap|MSaaappa|MSapapap,ABplpaapap|MSaaappa|MSapapap,1
PHA_02931,MSapappp,189,190,24,15,3,3,ABplpaappa|MSaaappp|MSapappp,ABplpaappa|MSaaappp|MSapappp,1
PHA_02932,MSppppa,189,190,26,24,3,3,ABarpaapap|ABprppaaaa|MSppppa,ABarpaapap|ABprppaaaa|MSppppa,1
PHA_02933,Ealap,189,190,27,25,3,3,ABprpapapp|Ealap|Ealpa,ABprpapapp|Ealap|Ealpa,1
PHA_02934,Ealpa,189,190,27,25,3,3,ABprpapapp|Ealap|Ealpa,ABprpapapp|Ealap|Ealpa,1
PHA_02935,Eplpa,189,190,20,19,3,3,ABprppappa|Cppapa|Eplpa,ABprppappa|Cppapa|Eplpa,1
PHA_02936,Caappv,189,190,30,26,3,3,ABplapappp|Caappv|Cpappv,ABplapappp|Caappv|Cpappv,1
PHA_02937,Cpappv,189,190,30,26,3,3,ABplapappp|Caappv|Cpappv,ABplapappp|Caappv|Cpappv,1
PHA_02938,Cppapa,189,190,20,19,3,3,ABprppappa|Cppapa|Eplpa,ABprppappa|Cppapa|Eplpa,1
